/*
SQLyog Enterprise - MySQL GUI v5.13
Host - 4.1.22 : Database - magento_dmitriy
*********************************************************************
Server version : 4.1.22
*/

SET NAMES utf8;

SET SQL_MODE='';

SET @OLD_FOREIGN_KEY_CHECKS=@@FOREIGN_KEY_CHECKS, FOREIGN_KEY_CHECKS=0;
SET @OLD_SQL_MODE=@@SQL_MODE, SQL_MODE='NO_AUTO_VALUE_ON_ZERO';

/*Table structure for table `catalog_category_entity` */

DROP TABLE IF EXISTS `catalog_category_entity`;

CREATE TABLE `catalog_category_entity` (
  `entity_id` int(10) unsigned NOT NULL auto_increment,
  `entity_type_id` smallint(8) unsigned NOT NULL default '0',
  `attribute_set_id` smallint(5) unsigned NOT NULL default '0',
  `parent_id` int(10) unsigned NOT NULL default '0',
  `store_id` smallint(5) unsigned NOT NULL default '0',
  `created_at` datetime NOT NULL default '0000-00-00 00:00:00',
  `updated_at` datetime NOT NULL default '0000-00-00 00:00:00',
  `is_active` tinyint(1) unsigned NOT NULL default '1',
  PRIMARY KEY  (`entity_id`),
  KEY `FK_catalog_category_ENTITY_ENTITY_TYPE` (`entity_type_id`),
  KEY `FK_catalog_category_ENTITY_STORE` (`store_id`),
  CONSTRAINT `FK_CATALOG_CATEGORY_ENTITY_TREE_NODE` FOREIGN KEY (`entity_id`) REFERENCES `catalog_category_tree` (`entity_id`) ON DELETE CASCADE ON UPDATE CASCADE
) ENGINE=InnoDB DEFAULT CHARSET=utf8 COMMENT='Category Entityies';

/*Data for the table `catalog_category_entity` */

insert into `catalog_category_entity` (`entity_id`,`entity_type_id`,`attribute_set_id`,`parent_id`,`store_id`,`created_at`,`updated_at`,`is_active`) values (1,9,12,0,1,'2007-07-20 18:46:08','2007-07-20 18:46:08',1),(47,9,12,1,0,'2007-07-24 04:46:06','2007-07-24 04:46:06',1),(48,9,12,1,0,'2007-07-24 04:51:23','2007-07-24 04:51:23',1),(50,9,12,1,0,'2007-07-24 04:52:05','2007-07-24 04:52:05',1),(51,9,12,50,0,'2007-07-24 08:25:55','2007-07-24 11:29:38',1),(52,9,12,50,0,'2007-07-24 08:26:29','2007-07-24 11:24:26',1),(53,9,12,50,0,'2007-07-24 08:32:39','2007-07-24 11:27:18',1),(54,9,12,47,0,'2007-07-24 11:31:48','2007-07-26 10:53:47',1),(55,9,12,47,0,'2007-07-24 11:32:34','2007-07-26 10:19:48',1),(56,9,12,47,0,'2007-07-24 11:32:56','2007-07-26 10:54:08',1),(57,9,12,47,0,'2007-07-24 11:33:38','2007-07-25 04:30:25',1),(58,9,12,47,0,'2007-07-24 11:34:03','2007-07-24 11:36:37',1),(59,9,12,47,0,'2007-07-24 11:34:25','2007-07-24 11:36:37',1),(60,9,12,47,0,'2007-07-24 11:34:49','2007-07-24 11:36:37',1),(61,9,12,47,0,'2007-07-24 11:35:10','2007-07-24 11:36:37',1),(62,9,12,47,0,'2007-07-24 11:35:33','2007-07-24 11:36:37',1);
insert into `catalog_category_entity` (`entity_id`,`entity_type_id`,`attribute_set_id`,`parent_id`,`store_id`,`created_at`,`updated_at`,`is_active`) values (63,9,12,47,0,'2007-07-24 11:35:54','2007-07-24 11:36:37',1),(69,9,12,47,0,'2007-07-25 06:05:44','2007-07-25 06:06:08',1);

/*Table structure for table `catalog_category_entity_datetime` */

DROP TABLE IF EXISTS `catalog_category_entity_datetime`;

CREATE TABLE `catalog_category_entity_datetime` (
  `value_id` int(11) NOT NULL auto_increment,
  `entity_type_id` smallint(5) unsigned NOT NULL default '0',
  `attribute_id` smallint(5) unsigned NOT NULL default '0',
  `store_id` smallint(5) unsigned NOT NULL default '0',
  `entity_id` int(10) unsigned NOT NULL default '0',
  `value` datetime NOT NULL default '0000-00-00 00:00:00',
  PRIMARY KEY  (`value_id`),
  UNIQUE KEY `IDX_BASE` (`entity_type_id`,`entity_id`,`attribute_id`,`store_id`),
  KEY `FK_ATTRIBUTE_DATETIME_ENTITY` (`entity_id`),
  KEY `FK_CATALOG_CATEGORY_ENTITY_DATETIME_ATTRIBUTE` (`attribute_id`),
  KEY `FK_CATALOG_CATEGORY_ENTITY_DATETIME_STORE` (`store_id`),
  CONSTRAINT `FK_CATALOG_CATEGORY_ENTITY_DATETIME_ATTRIBUTE` FOREIGN KEY (`attribute_id`) REFERENCES `eav_attribute` (`attribute_id`) ON DELETE CASCADE ON UPDATE CASCADE,
  CONSTRAINT `FK_CATALOG_CATEGORY_ENTITY_DATETIME_ENTITY` FOREIGN KEY (`entity_id`) REFERENCES `catalog_category_entity` (`entity_id`) ON DELETE CASCADE ON UPDATE CASCADE,
  CONSTRAINT `FK_CATALOG_CATEGORY_ENTITY_DATETIME_STORE` FOREIGN KEY (`store_id`) REFERENCES `core_store` (`store_id`) ON DELETE CASCADE ON UPDATE CASCADE
) ENGINE=InnoDB DEFAULT CHARSET=utf8;

/*Data for the table `catalog_category_entity_datetime` */

/*Table structure for table `catalog_category_entity_decimal` */

DROP TABLE IF EXISTS `catalog_category_entity_decimal`;

CREATE TABLE `catalog_category_entity_decimal` (
  `value_id` int(11) NOT NULL auto_increment,
  `entity_type_id` smallint(5) unsigned NOT NULL default '0',
  `attribute_id` smallint(5) unsigned NOT NULL default '0',
  `store_id` smallint(5) unsigned NOT NULL default '0',
  `entity_id` int(10) unsigned NOT NULL default '0',
  `value` decimal(12,4) NOT NULL default '0.0000',
  PRIMARY KEY  (`value_id`),
  UNIQUE KEY `IDX_BASE` (`entity_type_id`,`entity_id`,`attribute_id`,`store_id`),
  KEY `FK_ATTRIBUTE_DECIMAL_ENTITY` (`entity_id`),
  KEY `FK_CATALOG_CATEGORY_ENTITY_DECIMAL_ATTRIBUTE` (`attribute_id`),
  KEY `FK_CATALOG_CATEGORY_ENTITY_DECIMAL_STORE` (`store_id`),
  CONSTRAINT `FK_CATALOG_CATEGORY_ENTITY_DECIMAL_ATTRIBUTE` FOREIGN KEY (`attribute_id`) REFERENCES `eav_attribute` (`attribute_id`) ON DELETE CASCADE ON UPDATE CASCADE,
  CONSTRAINT `FK_CATALOG_CATEGORY_ENTITY_DECIMAL_ENTITY` FOREIGN KEY (`entity_id`) REFERENCES `catalog_category_entity` (`entity_id`) ON DELETE CASCADE ON UPDATE CASCADE,
  CONSTRAINT `FK_CATALOG_CATEGORY_ENTITY_DECIMAL_STORE` FOREIGN KEY (`store_id`) REFERENCES `core_store` (`store_id`) ON DELETE CASCADE ON UPDATE CASCADE
) ENGINE=InnoDB DEFAULT CHARSET=utf8;

/*Data for the table `catalog_category_entity_decimal` */

/*Table structure for table `catalog_category_entity_int` */

DROP TABLE IF EXISTS `catalog_category_entity_int`;

CREATE TABLE `catalog_category_entity_int` (
  `value_id` int(11) NOT NULL auto_increment,
  `entity_type_id` smallint(5) unsigned NOT NULL default '0',
  `attribute_id` smallint(5) unsigned NOT NULL default '0',
  `store_id` smallint(5) unsigned NOT NULL default '0',
  `entity_id` int(10) unsigned NOT NULL default '0',
  `value` int(11) NOT NULL default '0',
  PRIMARY KEY  (`value_id`),
  UNIQUE KEY `IDX_BASE` (`entity_type_id`,`entity_id`,`attribute_id`,`store_id`),
  KEY `FK_ATTRIBUTE_INT_ENTITY` (`entity_id`),
  KEY `FK_CATALOG_CATEGORY_EMTITY_INT_ATTRIBUTE` (`attribute_id`),
  KEY `FK_CATALOG_CATEGORY_EMTITY_INT_STORE` (`store_id`),
  CONSTRAINT `FK_CATALOG_CATEGORY_EMTITY_INT_STORE` FOREIGN KEY (`store_id`) REFERENCES `core_store` (`store_id`) ON DELETE CASCADE ON UPDATE CASCADE,
  CONSTRAINT `FK_CATALOG_CATEGORY_EMTITY_INT_ATTRIBUTE` FOREIGN KEY (`attribute_id`) REFERENCES `eav_attribute` (`attribute_id`) ON DELETE CASCADE ON UPDATE CASCADE,
  CONSTRAINT `FK_CATALOG_CATEGORY_EMTITY_INT_ENTITY` FOREIGN KEY (`entity_id`) REFERENCES `catalog_category_entity` (`entity_id`) ON DELETE CASCADE ON UPDATE CASCADE
) ENGINE=InnoDB DEFAULT CHARSET=utf8;

/*Data for the table `catalog_category_entity_int` */

/*Table structure for table `catalog_category_entity_text` */

DROP TABLE IF EXISTS `catalog_category_entity_text`;

CREATE TABLE `catalog_category_entity_text` (
  `value_id` int(11) NOT NULL auto_increment,
  `entity_type_id` smallint(5) unsigned NOT NULL default '0',
  `attribute_id` smallint(5) unsigned NOT NULL default '0',
  `store_id` smallint(5) unsigned NOT NULL default '0',
  `entity_id` int(10) unsigned NOT NULL default '0',
  `value` text NOT NULL,
  PRIMARY KEY  (`value_id`),
  UNIQUE KEY `IDX_BASE` (`entity_type_id`,`entity_id`,`attribute_id`,`store_id`),
  KEY `FK_ATTRIBUTE_TEXT_ENTITY` (`entity_id`),
  KEY `FK_CATALOG_CATEGORY_ENTITY_TEXT_ATTRIBUTE` (`attribute_id`),
  KEY `FK_CATALOG_CATEGORY_ENTITY_TEXT_STORE` (`store_id`),
  CONSTRAINT `FK_CATALOG_CATEGORY_ENTITY_TEXT_STORE` FOREIGN KEY (`store_id`) REFERENCES `core_store` (`store_id`) ON DELETE CASCADE ON UPDATE CASCADE,
  CONSTRAINT `FK_CATALOG_CATEGORY_ENTITY_TEXT_ATTRIBUTE` FOREIGN KEY (`attribute_id`) REFERENCES `eav_attribute` (`attribute_id`) ON DELETE CASCADE ON UPDATE CASCADE,
  CONSTRAINT `FK_CATALOG_CATEGORY_ENTITY_TEXT_ENTITY` FOREIGN KEY (`entity_id`) REFERENCES `catalog_category_entity` (`entity_id`) ON DELETE CASCADE ON UPDATE CASCADE
) ENGINE=InnoDB DEFAULT CHARSET=utf8;

/*Data for the table `catalog_category_entity_text` */

insert into `catalog_category_entity_text` (`value_id`,`entity_type_id`,`attribute_id`,`store_id`,`entity_id`,`value`) values (51,9,112,0,47,'Base Store Root'),(53,9,112,0,50,'VIP Store Root'),(54,9,112,0,51,'VIP Books'),(55,9,112,0,52,'VIP Photo'),(56,9,112,0,53,'VIP Toys'),(60,9,112,4,51,'VIP Books'),(61,9,112,4,52,'VIP Photo'),(62,9,112,4,53,'VIP Toys'),(63,9,112,0,54,'Apparel'),(64,9,112,0,55,'Books'),(65,9,112,0,56,'Electronics'),(66,9,112,0,57,'Entertainment'),(67,9,112,0,58,'Garden'),(68,9,112,0,59,'Kitchen'),(69,9,112,0,60,'Furniture'),(70,9,112,0,61,'Pharmacy'),(71,9,112,0,62,'Photo'),(72,9,112,0,63,'Sports'),(73,9,112,1,54,'Apparel'),(74,9,112,1,55,'Books'),(75,9,112,1,56,'Electronics'),(76,9,112,1,57,'Entertainment'),(77,9,112,1,58,'Garden'),(78,9,112,1,59,'Kitchen'),(79,9,112,1,60,'Furniture'),(80,9,112,1,61,'Pharmacy'),(81,9,112,1,62,'Photo'),(82,9,112,1,63,'Sports'),(83,9,112,2,54,'Одежда'),(84,9,112,2,55,'Книги'),(85,9,112,2,56,'Электроника'),(86,9,112,2,57,'Развлечения'),(87,9,112,2,58,'Garden'),(88,9,112,2,59,'Kitchen'),(89,9,112,2,60,'Furniture'),(90,9,112,2,61,'Pharmacy'),(91,9,112,2,62,'Photo'),(92,9,112,2,63,'Sports'),(96,9,112,0,69,'Toys'),(97,9,112,1,69,'Toys'),(98,9,112,2,69,'Игрушки');

/*Table structure for table `catalog_category_entity_varchar` */

DROP TABLE IF EXISTS `catalog_category_entity_varchar`;

CREATE TABLE `catalog_category_entity_varchar` (
  `value_id` int(11) NOT NULL auto_increment,
  `entity_type_id` smallint(5) unsigned NOT NULL default '0',
  `attribute_id` smallint(5) unsigned NOT NULL default '0',
  `store_id` smallint(5) unsigned NOT NULL default '0',
  `entity_id` int(10) unsigned NOT NULL default '0',
  `value` varchar(255) NOT NULL default '',
  PRIMARY KEY  (`value_id`),
  UNIQUE KEY `IDX_BASE` USING BTREE (`entity_type_id`,`entity_id`,`attribute_id`,`store_id`),
  KEY `FK_ATTRIBUTE_VARCHAR_ENTITY` (`entity_id`),
  KEY `FK_CATALOG_CATEGORY_ENTITY_VARCHAR_ATTRIBUTE` (`attribute_id`),
  KEY `FK_CATALOG_CATEGORY_ENTITY_VARCHAR_STORE` (`store_id`),
  CONSTRAINT `FK_CATALOG_CATEGORY_ENTITY_VARCHAR_STORE` FOREIGN KEY (`store_id`) REFERENCES `core_store` (`store_id`) ON DELETE CASCADE ON UPDATE CASCADE,
  CONSTRAINT `FK_CATALOG_CATEGORY_ENTITY_VARCHAR_ATTRIBUTE` FOREIGN KEY (`attribute_id`) REFERENCES `eav_attribute` (`attribute_id`) ON DELETE CASCADE ON UPDATE CASCADE,
  CONSTRAINT `FK_CATALOG_CATEGORY_ENTITY_VARCHAR_ENTITY` FOREIGN KEY (`entity_id`) REFERENCES `catalog_category_entity` (`entity_id`) ON DELETE CASCADE ON UPDATE CASCADE
) ENGINE=InnoDB DEFAULT CHARSET=utf8;

/*Data for the table `catalog_category_entity_varchar` */

insert into `catalog_category_entity_varchar` (`value_id`,`entity_type_id`,`attribute_id`,`store_id`,`entity_id`,`value`) values (1,9,111,0,1,'ROOT'),(74,9,111,0,47,'Base Store Root'),(75,9,111,0,48,'Gifts Store Root'),(77,9,111,0,50,'VIP Store Root'),(78,9,111,0,51,'VIP Books'),(79,9,111,0,52,'VIP Photo'),(80,9,111,0,53,'VIP Toys'),(84,9,111,4,51,'VIP Books'),(85,9,111,4,52,'VIP Photo'),(86,9,111,4,53,'VIP Toys'),(87,9,111,0,54,'Apparel'),(88,9,111,0,55,'Books'),(89,9,111,0,56,'Electronics'),(90,9,111,0,57,'Entertainment'),(91,9,111,0,58,'Garden'),(92,9,111,0,59,'Kitchen'),(93,9,111,0,60,'Furniture'),(94,9,111,0,61,'Pharmacy'),(95,9,111,0,62,'Photo'),(96,9,111,0,63,'Sports'),(97,9,111,1,54,'Apparel'),(98,9,111,1,55,'Books'),(99,9,111,1,56,'Electronics'),(100,9,111,1,57,'Entertainment'),(101,9,111,1,58,'Garden'),(102,9,111,1,59,'Kitchen'),(103,9,111,1,60,'Furniture'),(104,9,111,1,61,'Pharmacy'),(105,9,111,1,62,'Photo'),(106,9,111,1,63,'Sports'),(107,9,111,2,54,'Одежда'),(108,9,111,2,55,'Книги'),(109,9,111,2,56,'Электроника'),(110,9,111,2,57,'Развлечения'),(111,9,111,2,58,'Garden'),(112,9,111,2,59,'Kitchen'),(113,9,111,2,60,'Furniture'),(114,9,111,2,61,'Pharmacy'),(115,9,111,2,62,'Photo'),(116,9,111,2,63,'Sports'),(120,9,111,0,69,'Toys'),(121,9,111,1,69,'Toys'),(122,9,111,2,69,'Игрушки');

/*Table structure for table `catalog_category_product` */

DROP TABLE IF EXISTS `catalog_category_product`;

CREATE TABLE `catalog_category_product` (
  `category_id` int(10) unsigned NOT NULL default '0',
  `product_id` int(10) unsigned NOT NULL default '0',
  `position` int(10) unsigned NOT NULL default '0',
  KEY `CATALOG_CATEGORY_PRODUCT_CATEGORY` (`category_id`),
  KEY `CATALOG_CATEGORY_PRODUCT_PRODUCT` (`product_id`),
  CONSTRAINT `CATALOG_CATEGORY_PRODUCT_PRODUCT` FOREIGN KEY (`product_id`) REFERENCES `catalog_product_entity` (`entity_id`) ON DELETE CASCADE ON UPDATE CASCADE,
  CONSTRAINT `CATALOG_CATEGORY_PRODUCT_CATEGORY` FOREIGN KEY (`category_id`) REFERENCES `catalog_category_entity` (`entity_id`) ON DELETE CASCADE ON UPDATE CASCADE
) ENGINE=InnoDB DEFAULT CHARSET=utf8;

/*Data for the table `catalog_category_product` */

/*Table structure for table `catalog_category_tree` */

DROP TABLE IF EXISTS `catalog_category_tree`;

CREATE TABLE `catalog_category_tree` (
  `entity_id` int(10) unsigned NOT NULL auto_increment,
  `pid` int(10) unsigned default '0',
  `left_key` int(10) unsigned default '0',
  `right_key` int(10) unsigned default '0',
  `level` smallint(4) unsigned NOT NULL default '0',
  `order` smallint(6) unsigned NOT NULL default '1',
  PRIMARY KEY  (`entity_id`),
  KEY `FK_CATEGORY_PARENT` (`pid`),
  CONSTRAINT `FK_CATALOG_CATEGORY_TREE_PARENT` FOREIGN KEY (`pid`) REFERENCES `catalog_category_tree` (`entity_id`) ON DELETE CASCADE ON UPDATE CASCADE
) ENGINE=InnoDB DEFAULT CHARSET=utf8 COMMENT='Categories tree';

/*Data for the table `catalog_category_tree` */

insert into `catalog_category_tree` (`entity_id`,`pid`,`left_key`,`right_key`,`level`,`order`) values (1,NULL,0,0,0,1),(47,1,0,0,1,1),(48,1,0,0,1,2),(50,1,0,0,1,3),(51,50,0,0,2,2),(52,50,0,0,2,3),(53,50,0,0,2,1),(54,47,0,0,2,1),(55,47,0,0,2,2),(56,47,0,0,2,3),(57,47,0,0,2,4),(58,47,0,0,2,5),(59,47,0,0,2,6),(60,47,0,0,2,7),(61,47,0,0,2,8),(62,47,0,0,2,9),(63,47,0,0,2,10),(69,47,0,0,2,11);

/*Table structure for table `catalog_product_entity` */

DROP TABLE IF EXISTS `catalog_product_entity`;

CREATE TABLE `catalog_product_entity` (
  `entity_id` int(10) unsigned NOT NULL auto_increment,
  `entity_type_id` smallint(8) unsigned NOT NULL default '0',
  `attribute_set_id` smallint(5) unsigned NOT NULL default '0',
  `parent_id` int(10) unsigned NOT NULL default '0',
  `store_id` smallint(5) unsigned NOT NULL default '0',
  `type_id` tinyint(3) unsigned NOT NULL default '1',
  `created_at` datetime NOT NULL default '0000-00-00 00:00:00',
  `updated_at` datetime NOT NULL default '0000-00-00 00:00:00',
  `is_active` tinyint(1) unsigned NOT NULL default '1',
  PRIMARY KEY  (`entity_id`),
  KEY `FK_CUSTOMER_ENTITY_ENTITY_TYPE` (`entity_type_id`),
  KEY `FK_CUSTOMER_ENTITY_STORE` (`store_id`)
) ENGINE=InnoDB DEFAULT CHARSET=utf8 COMMENT='Product Entityies';

/*Data for the table `catalog_product_entity` */

insert into `catalog_product_entity` (`entity_id`,`entity_type_id`,`attribute_set_id`,`parent_id`,`store_id`,`type_id`,`created_at`,`updated_at`,`is_active`) values (2400,10,9,0,1,1,'2007-07-17 20:14:34','2007-07-17 20:14:34',1),(2401,10,9,0,1,1,'2007-07-17 20:14:34','2007-07-17 20:14:34',1),(2402,10,9,0,1,1,'2007-07-17 20:14:34','2007-07-17 20:14:34',1),(2403,10,9,0,1,1,'2007-07-17 20:14:34','2007-07-17 20:14:34',1),(2404,10,9,0,1,1,'2007-07-17 20:14:34','2007-07-17 20:14:34',1),(2405,10,9,0,1,1,'2007-07-17 20:14:34','2007-07-17 20:14:34',1),(2406,10,9,0,1,1,'2007-07-17 20:14:34','2007-07-17 20:14:34',1),(2407,10,9,0,1,1,'2007-07-17 20:14:34','2007-07-17 20:14:34',1),(2408,10,9,0,1,1,'2007-07-17 20:14:34','2007-07-17 20:14:34',1),(2409,10,9,0,1,1,'2007-07-17 20:14:34','2007-07-17 20:14:34',1),(2410,10,9,0,1,1,'2007-07-17 20:14:34','2007-07-17 20:14:34',1),(2411,10,9,0,1,1,'2007-07-17 20:14:34','2007-07-17 20:14:34',1),(2412,10,9,0,1,1,'2007-07-17 20:14:34','2007-07-17 20:14:34',1),(2413,10,9,0,1,1,'2007-07-17 20:14:34','2007-07-17 20:14:34',1),(2414,10,9,0,1,1,'2007-07-17 20:14:34','2007-07-17 20:14:34',1),(2415,10,9,0,1,1,'2007-07-17 20:14:34','2007-07-17 20:14:34',1),(2416,10,9,0,1,1,'2007-07-17 20:14:34','2007-07-17 20:14:34',1),(2417,10,9,0,1,1,'2007-07-17 20:14:34','2007-07-17 20:14:34',1),(2418,10,9,0,1,1,'2007-07-17 20:14:34','2007-07-17 20:14:34',1);
insert into `catalog_product_entity` (`entity_id`,`entity_type_id`,`attribute_set_id`,`parent_id`,`store_id`,`type_id`,`created_at`,`updated_at`,`is_active`) values (2419,10,9,0,1,1,'2007-07-17 20:14:34','2007-07-17 20:14:34',1),(2420,10,9,0,1,1,'2007-07-17 20:14:34','2007-07-17 20:14:34',1),(2421,10,9,0,1,1,'2007-07-17 20:14:34','2007-07-17 20:14:34',1),(2422,10,9,0,1,1,'2007-07-17 20:14:34','2007-07-17 20:14:34',1),(2423,10,9,0,1,1,'2007-07-17 20:14:34','2007-07-17 20:14:34',1),(2424,10,9,0,1,1,'2007-07-17 20:14:34','2007-07-17 20:14:34',1),(2425,10,9,0,1,1,'2007-07-17 20:14:34','2007-07-17 20:14:34',1),(2426,10,9,0,1,1,'2007-07-17 20:14:34','2007-07-17 20:14:34',1),(2427,10,9,0,1,1,'2007-07-17 20:14:34','2007-07-17 20:14:34',1),(2428,10,9,0,1,1,'2007-07-17 20:14:34','2007-07-17 20:14:34',1),(2429,10,9,0,1,1,'2007-07-17 20:14:34','2007-07-17 20:14:34',1),(2430,10,9,0,1,1,'2007-07-17 20:14:34','2007-07-17 20:14:34',1),(2431,10,9,0,1,1,'2007-07-17 20:14:34','2007-07-17 20:14:34',1),(2432,10,9,0,1,1,'2007-07-17 20:14:34','2007-07-17 20:14:34',1),(2433,10,9,0,1,1,'2007-07-17 20:14:34','2007-07-17 20:14:34',1),(2434,10,9,0,1,1,'2007-07-17 20:14:34','2007-07-17 20:14:34',1),(2435,10,9,0,1,1,'2007-07-17 20:14:34','2007-07-17 20:14:34',1),(2436,10,9,0,1,1,'2007-07-17 20:14:34','2007-07-17 20:14:34',1),(2437,10,9,0,1,1,'2007-07-17 20:14:34','2007-07-17 20:14:34',1),(2438,10,9,0,1,1,'2007-07-17 20:14:34','2007-07-17 20:14:34',1);
insert into `catalog_product_entity` (`entity_id`,`entity_type_id`,`attribute_set_id`,`parent_id`,`store_id`,`type_id`,`created_at`,`updated_at`,`is_active`) values (2439,10,9,0,1,1,'2007-07-17 20:14:34','2007-07-17 20:14:34',1),(2440,10,9,0,1,1,'2007-07-17 20:14:34','2007-07-17 20:14:34',1),(2441,10,9,0,1,1,'2007-07-17 20:14:34','2007-07-17 20:14:34',1),(2442,10,9,0,1,1,'2007-07-17 20:14:34','2007-07-17 20:14:34',1),(2443,10,9,0,1,1,'2007-07-17 20:14:34','2007-07-17 20:14:34',1),(2444,10,9,0,1,1,'2007-07-17 20:14:34','2007-07-17 20:14:34',1),(2445,10,9,0,1,1,'2007-07-17 20:14:34','2007-07-17 20:14:34',1),(2446,10,9,0,1,1,'2007-07-17 20:14:34','2007-07-17 20:14:34',1),(2447,10,9,0,1,1,'2007-07-17 20:14:34','2007-07-17 20:14:34',1),(2448,10,9,0,1,1,'2007-07-17 20:14:34','2007-07-17 20:14:34',1),(2449,10,9,0,1,1,'2007-07-17 20:14:34','2007-07-17 20:14:34',1),(2450,10,9,0,1,1,'2007-07-17 20:14:34','2007-07-17 20:14:34',1),(2451,10,9,0,1,1,'2007-07-17 20:14:34','2007-07-17 20:14:34',1),(2452,10,9,0,1,1,'2007-07-17 20:14:34','2007-07-17 20:14:34',1),(2453,10,9,0,1,1,'2007-07-17 20:14:34','2007-07-17 20:14:34',1),(2454,10,9,0,1,1,'2007-07-17 20:14:34','2007-07-17 20:14:34',1),(2455,10,9,0,1,1,'2007-07-17 20:14:34','2007-07-17 20:14:34',1),(2456,10,9,0,1,1,'2007-07-17 20:14:34','2007-07-17 20:14:34',1),(2457,10,9,0,1,1,'2007-07-17 20:14:34','2007-07-17 20:14:34',1),(2458,10,9,0,1,1,'2007-07-17 20:14:34','2007-07-17 20:14:34',1);
insert into `catalog_product_entity` (`entity_id`,`entity_type_id`,`attribute_set_id`,`parent_id`,`store_id`,`type_id`,`created_at`,`updated_at`,`is_active`) values (2459,10,9,0,1,1,'2007-07-17 20:14:34','2007-07-17 20:14:34',1),(2460,10,9,0,1,1,'2007-07-17 20:14:34','2007-07-17 20:14:34',1),(2461,10,9,0,1,1,'2007-07-17 20:14:34','2007-07-17 20:14:34',1),(2462,10,9,0,1,1,'2007-07-17 20:14:34','2007-07-17 20:14:34',1),(2463,10,9,0,1,1,'2007-07-17 20:14:34','2007-07-17 20:14:34',1),(2464,10,9,0,1,1,'2007-07-17 20:14:34','2007-07-17 20:14:34',1),(2465,10,9,0,1,1,'2007-07-17 20:14:34','2007-07-17 20:14:34',1),(2466,10,9,0,1,1,'2007-07-17 20:14:34','2007-07-17 20:14:34',1),(2467,10,9,0,1,1,'2007-07-17 20:14:34','2007-07-17 20:14:34',1),(2468,10,9,0,1,1,'2007-07-17 20:14:34','2007-07-17 20:14:34',1),(2469,10,9,0,1,1,'2007-07-17 20:14:34','2007-07-17 20:14:34',1),(2470,10,9,0,1,1,'2007-07-17 20:14:34','2007-07-17 20:14:34',1),(2471,10,9,0,1,1,'2007-07-17 20:14:34','2007-07-17 20:14:34',1),(2472,10,9,0,1,1,'2007-07-17 20:14:34','2007-07-17 20:14:34',1),(2473,10,9,0,1,1,'2007-07-17 20:14:34','2007-07-17 20:14:34',1),(2474,10,9,0,1,1,'2007-07-17 20:14:34','2007-07-17 20:14:34',1),(2475,10,9,0,1,1,'2007-07-17 20:14:34','2007-07-17 20:14:34',1),(2476,10,9,0,1,1,'2007-07-17 20:14:34','2007-07-17 20:14:34',1),(2477,10,9,0,1,1,'2007-07-17 20:14:34','2007-07-17 20:14:34',1),(2478,10,9,0,1,1,'2007-07-17 20:14:34','2007-07-17 20:14:34',1);
insert into `catalog_product_entity` (`entity_id`,`entity_type_id`,`attribute_set_id`,`parent_id`,`store_id`,`type_id`,`created_at`,`updated_at`,`is_active`) values (2479,10,9,0,1,1,'2007-07-17 20:14:34','2007-07-17 20:14:34',1),(2480,10,9,0,1,1,'2007-07-17 20:14:34','2007-07-17 20:14:34',1),(2481,10,9,0,1,1,'2007-07-17 20:14:34','2007-07-17 20:14:34',1),(2482,10,9,0,1,1,'2007-07-17 20:14:34','2007-07-17 20:14:34',1),(2483,10,9,0,1,1,'2007-07-17 20:14:34','2007-07-17 20:14:34',1),(2484,10,9,0,1,1,'2007-07-17 20:14:34','2007-07-17 20:14:34',1),(2485,10,9,0,1,1,'2007-07-17 20:14:34','2007-07-17 20:14:34',1),(2486,10,9,0,1,1,'2007-07-17 20:14:34','2007-07-17 20:14:34',1),(2487,10,9,0,1,1,'2007-07-17 20:14:34','2007-07-17 20:14:34',1),(2488,10,9,0,1,1,'2007-07-17 20:14:34','2007-07-17 20:14:34',1),(2489,10,9,0,1,1,'2007-07-17 20:14:34','2007-07-17 20:14:34',1),(2490,10,9,0,1,1,'2007-07-17 20:14:34','2007-07-17 20:14:34',1),(2491,10,9,0,1,1,'2007-07-17 20:14:34','2007-07-17 20:14:34',1),(2492,10,9,0,1,1,'2007-07-17 20:14:34','2007-07-17 20:14:34',1),(2493,10,9,0,1,1,'2007-07-17 20:14:34','2007-07-17 20:14:34',1),(2494,10,9,0,1,1,'2007-07-17 20:14:34','2007-07-17 20:14:34',1),(2495,10,9,0,1,1,'2007-07-17 20:14:34','2007-07-17 20:14:34',1),(2496,10,9,0,1,1,'2007-07-17 20:14:34','2007-07-17 20:14:34',1),(2497,10,9,0,1,1,'2007-07-17 20:14:34','2007-07-17 20:14:34',1),(2498,10,9,0,1,1,'2007-07-17 20:14:34','2007-07-17 20:14:34',1);
insert into `catalog_product_entity` (`entity_id`,`entity_type_id`,`attribute_set_id`,`parent_id`,`store_id`,`type_id`,`created_at`,`updated_at`,`is_active`) values (2499,10,9,0,1,1,'2007-07-17 20:14:34','2007-07-17 20:14:34',1),(2500,10,9,0,1,1,'2007-07-17 20:14:34','2007-07-17 20:14:34',1);

/*Table structure for table `catalog_product_entity_datetime` */

DROP TABLE IF EXISTS `catalog_product_entity_datetime`;

CREATE TABLE `catalog_product_entity_datetime` (
  `value_id` int(11) NOT NULL auto_increment,
  `entity_type_id` smallint(5) unsigned NOT NULL default '0',
  `attribute_id` smallint(5) unsigned NOT NULL default '0',
  `store_id` smallint(5) unsigned NOT NULL default '0',
  `entity_id` int(10) unsigned NOT NULL default '0',
  `value` datetime NOT NULL default '0000-00-00 00:00:00',
  PRIMARY KEY  (`value_id`),
  KEY `FK_CATALOG_PRODUCT_ENTITY_DATETIME_ATTRIBUTE` (`attribute_id`),
  KEY `FK_CATALOG_PRODUCT_ENTITY_DATETIME_STORE` (`store_id`),
  KEY `FK_CATALOG_PRODUCT_ENTITY_DATETIME_PRODUCT_ENTITY` (`entity_id`),
  CONSTRAINT `FK_CATALOG_PRODUCT_ENTITY_DATETIME_PRODUCT_ENTITY` FOREIGN KEY (`entity_id`) REFERENCES `catalog_product_entity` (`entity_id`) ON DELETE CASCADE ON UPDATE CASCADE,
  CONSTRAINT `FK_CATALOG_PRODUCT_ENTITY_DATETIME_ATTRIBUTE` FOREIGN KEY (`attribute_id`) REFERENCES `eav_attribute` (`attribute_id`) ON DELETE CASCADE ON UPDATE CASCADE,
  CONSTRAINT `FK_CATALOG_PRODUCT_ENTITY_DATETIME_STORE` FOREIGN KEY (`store_id`) REFERENCES `core_store` (`store_id`) ON DELETE CASCADE ON UPDATE CASCADE
) ENGINE=InnoDB DEFAULT CHARSET=utf8;

/*Data for the table `catalog_product_entity_datetime` */

/*Table structure for table `catalog_product_entity_decimal` */

DROP TABLE IF EXISTS `catalog_product_entity_decimal`;

CREATE TABLE `catalog_product_entity_decimal` (
  `value_id` int(11) NOT NULL auto_increment,
  `entity_type_id` smallint(5) unsigned NOT NULL default '0',
  `attribute_id` smallint(5) unsigned NOT NULL default '0',
  `store_id` smallint(5) unsigned NOT NULL default '0',
  `entity_id` int(10) unsigned NOT NULL default '0',
  `value` decimal(12,4) NOT NULL default '0.0000',
  PRIMARY KEY  (`value_id`),
  KEY `FK_CATALOG_PRODUCT_ENTITY_DECIMAL_STORE` (`store_id`),
  KEY `FK_CATALOG_PRODUCT_ENTITY_DECIMAL_PRODUCT_ENTITY` (`entity_id`),
  KEY `FK_CATALOG_PRODUCT_ENTITY_DECIMAL_ATTRIBUTE` (`attribute_id`),
  CONSTRAINT `FK_CATALOG_PRODUCT_ENTITY_DECIMAL_ATTRIBUTE` FOREIGN KEY (`attribute_id`) REFERENCES `eav_attribute` (`attribute_id`) ON DELETE CASCADE ON UPDATE CASCADE,
  CONSTRAINT `FK_CATALOG_PRODUCT_ENTITY_DECIMAL_PRODUCT_ENTITY` FOREIGN KEY (`entity_id`) REFERENCES `catalog_product_entity` (`entity_id`) ON DELETE CASCADE ON UPDATE CASCADE,
  CONSTRAINT `FK_CATALOG_PRODUCT_ENTITY_DECIMAL_STORE` FOREIGN KEY (`store_id`) REFERENCES `core_store` (`store_id`) ON DELETE CASCADE ON UPDATE CASCADE
) ENGINE=InnoDB DEFAULT CHARSET=utf8;

/*Data for the table `catalog_product_entity_decimal` */

insert into `catalog_product_entity_decimal` (`value_id`,`entity_type_id`,`attribute_id`,`store_id`,`entity_id`,`value`) values (68,10,99,0,2400,179.9500),(69,10,99,0,2401,159.9500),(70,10,99,0,2402,159.9500),(71,10,99,0,2403,169.9500),(72,10,99,0,2404,159.9500),(73,10,99,0,2405,169.9500),(74,10,99,0,2406,169.9500),(75,10,99,0,2407,169.9500),(76,10,99,0,2408,154.9500),(77,10,99,0,2409,154.9500),(78,10,99,0,2410,154.9500),(79,10,99,0,2411,154.9500),(80,10,99,0,2412,154.9500),(81,10,99,0,2413,249.9500),(82,10,99,0,2414,154.9500),(83,10,99,0,2415,169.9500),(84,10,99,0,2416,154.9500),(85,10,99,0,2417,154.9500),(86,10,99,0,2418,154.9500),(87,10,99,0,2419,249.9500),(88,10,99,0,2420,154.9500),(89,10,99,0,2421,154.9500),(90,10,99,0,2422,154.9500),(91,10,99,0,2423,154.9500),(92,10,99,0,2424,154.9500),(93,10,99,0,2425,169.9500),(94,10,99,0,2426,154.9400),(95,10,99,0,2427,154.9500),(96,10,99,0,2428,154.9500),(97,10,99,0,2429,249.9500),(98,10,99,0,2430,249.9500),(99,10,99,0,2431,224.9500),(100,10,99,0,2432,219.9500),(101,10,99,0,2433,219.9500),(102,10,99,0,2434,209.9500),(103,10,99,0,2435,209.9500),(104,10,99,0,2436,299.9500),(105,10,99,0,2437,299.9500),(106,10,99,0,2438,239.9500),(107,10,99,0,2439,239.9500),(108,10,99,0,2440,159.9500),(109,10,99,0,2441,159.9500),(110,10,99,0,2442,119.9500),(111,10,99,0,2443,119.9500),(112,10,99,0,2445,99.9500);
insert into `catalog_product_entity_decimal` (`value_id`,`entity_type_id`,`attribute_id`,`store_id`,`entity_id`,`value`) values (113,10,99,0,2446,59.9500),(114,10,99,0,2447,59.9500),(115,10,99,0,2448,59.9500),(116,10,99,0,2449,49.9500),(117,10,99,0,2450,59.9500),(118,10,99,0,2451,59.9500),(119,10,99,0,2452,21.9500),(120,10,99,0,2453,21.9500),(121,10,99,0,2454,109.9500),(122,10,99,0,2455,109.9500),(123,10,99,0,2456,109.9500),(124,10,99,0,2457,109.9500),(125,10,99,0,2458,109.9500),(126,10,99,0,2459,119.9500),(127,10,99,0,2460,109.9500),(128,10,99,0,2461,109.9500),(129,10,99,0,2462,109.9500),(130,10,99,0,2463,109.9500),(131,10,99,0,2464,109.9500),(132,10,99,0,2465,109.9500),(133,10,99,0,2466,109.9500),(134,10,99,0,2467,109.9500),(135,10,99,0,2468,79.9500),(136,10,99,0,2469,79.9500),(137,10,99,0,2470,109.9500),(138,10,99,0,2471,109.9500),(139,10,99,0,2472,109.9500),(140,10,99,0,2473,109.9500),(141,10,99,0,2474,109.9500),(142,10,99,0,2475,109.9500),(143,10,99,0,2476,119.9500),(144,10,99,0,2477,119.9500),(145,10,99,0,2478,109.9500),(146,10,99,0,2479,119.9500),(147,10,99,0,2480,119.9500),(148,10,99,0,2481,119.9500),(149,10,99,0,2482,119.9500),(150,10,99,0,2483,119.9500),(151,10,99,0,2484,129.9500),(152,10,99,0,2485,119.9500),(153,10,99,0,2486,119.9500),(154,10,99,0,2487,149.9500),(155,10,99,0,2488,149.9500),(156,10,99,0,2489,119.9500),(157,10,99,0,2490,44.8500);
insert into `catalog_product_entity_decimal` (`value_id`,`entity_type_id`,`attribute_id`,`store_id`,`entity_id`,`value`) values (158,10,99,0,2491,29.9500),(159,10,99,0,2492,44.8500),(160,10,99,0,2493,9.9500),(161,10,99,0,2494,9.9500),(162,10,99,0,2495,19.9500),(163,10,99,0,2496,11.9500),(164,10,99,0,2497,10.9500),(165,10,99,0,2498,9.9500),(166,10,99,0,2499,9.9500),(167,10,99,0,2500,19.9500),(659,10,99,0,2444,99.9500),(729,10,99,1,2400,179.9500),(730,10,99,1,2401,159.9500),(731,10,99,1,2402,159.9500),(732,10,99,1,2403,169.9500),(733,10,99,1,2404,159.9500),(734,10,99,1,2405,169.9500),(735,10,99,1,2406,169.9500),(736,10,99,1,2407,169.9500),(737,10,99,1,2408,154.9500),(738,10,99,1,2409,154.9500),(739,10,99,1,2410,154.9500),(740,10,99,1,2411,154.9500),(741,10,99,1,2412,154.9500),(742,10,99,1,2413,249.9500),(743,10,99,1,2414,154.9500),(744,10,99,1,2415,169.9500),(745,10,99,1,2416,154.9500),(746,10,99,1,2417,154.9500),(747,10,99,1,2418,154.9500),(748,10,99,1,2419,249.9500),(749,10,99,1,2420,154.9500),(750,10,99,1,2421,154.9500),(751,10,99,1,2422,154.9500),(752,10,99,1,2423,154.9500),(753,10,99,1,2424,154.9500),(754,10,99,1,2425,169.9500),(755,10,99,1,2426,154.9400),(756,10,99,1,2427,154.9500),(757,10,99,1,2428,154.9500),(758,10,99,1,2429,249.9500),(759,10,99,1,2430,249.9500),(760,10,99,1,2431,224.9500),(761,10,99,1,2432,219.9500),(762,10,99,1,2433,219.9500);
insert into `catalog_product_entity_decimal` (`value_id`,`entity_type_id`,`attribute_id`,`store_id`,`entity_id`,`value`) values (763,10,99,1,2434,209.9500),(764,10,99,1,2435,209.9500),(765,10,99,1,2436,299.9500),(766,10,99,1,2437,299.9500),(767,10,99,1,2438,239.9500),(768,10,99,1,2439,239.9500),(769,10,99,1,2440,159.9500),(770,10,99,1,2441,159.9500),(771,10,99,1,2442,119.9500),(772,10,99,1,2443,119.9500),(773,10,99,1,2445,99.9500),(774,10,99,1,2446,59.9500),(775,10,99,1,2447,59.9500),(776,10,99,1,2448,59.9500),(777,10,99,1,2449,49.9500),(778,10,99,1,2450,59.9500),(779,10,99,1,2451,59.9500),(780,10,99,1,2452,21.9500),(781,10,99,1,2453,21.9500),(782,10,99,1,2454,109.9500),(783,10,99,1,2455,109.9500),(784,10,99,1,2456,109.9500),(785,10,99,1,2457,109.9500),(786,10,99,1,2458,109.9500),(787,10,99,1,2459,119.9500),(788,10,99,1,2460,109.9500),(789,10,99,1,2461,109.9500),(790,10,99,1,2462,109.9500),(791,10,99,1,2463,109.9500),(792,10,99,1,2464,109.9500),(793,10,99,1,2465,109.9500),(794,10,99,1,2466,109.9500),(795,10,99,1,2467,109.9500),(796,10,99,1,2468,79.9500),(797,10,99,1,2469,79.9500),(798,10,99,1,2470,109.9500),(799,10,99,1,2471,109.9500),(800,10,99,1,2472,109.9500),(801,10,99,1,2473,109.9500),(802,10,99,1,2474,109.9500),(803,10,99,1,2475,109.9500),(804,10,99,1,2476,119.9500),(805,10,99,1,2477,119.9500),(806,10,99,1,2478,109.9500),(807,10,99,1,2479,119.9500);
insert into `catalog_product_entity_decimal` (`value_id`,`entity_type_id`,`attribute_id`,`store_id`,`entity_id`,`value`) values (808,10,99,1,2480,119.9500),(809,10,99,1,2481,119.9500),(810,10,99,1,2482,119.9500),(811,10,99,1,2483,119.9500),(812,10,99,1,2484,129.9500),(813,10,99,1,2485,119.9500),(814,10,99,1,2486,119.9500),(815,10,99,1,2487,149.9500),(816,10,99,1,2488,149.9500),(817,10,99,1,2489,119.9500),(818,10,99,1,2490,44.8500),(819,10,99,1,2491,29.9500),(820,10,99,1,2492,44.8500),(821,10,99,1,2493,9.9500),(822,10,99,1,2494,9.9500),(823,10,99,1,2495,19.9500),(824,10,99,1,2496,11.9500),(825,10,99,1,2497,10.9500),(826,10,99,1,2498,9.9500),(827,10,99,1,2499,9.9500),(828,10,99,1,2500,19.9500),(928,10,99,1,2444,99.9500),(996,10,101,0,2400,3.0000),(997,10,101,0,2401,3.0000),(998,10,101,0,2402,3.0000),(999,10,101,0,2403,3.0000),(1000,10,101,0,2404,3.0000),(1001,10,101,0,2405,3.0000),(1002,10,101,0,2406,3.0000),(1003,10,101,0,2407,3.0000),(1004,10,101,0,2408,2.0000),(1005,10,101,0,2409,2.0000),(1006,10,101,0,2410,3.0000),(1007,10,101,0,2411,3.0000),(1008,10,101,0,2412,3.0000),(1009,10,101,0,2413,3.0000),(1010,10,101,0,2414,3.0000),(1011,10,101,0,2415,2.0000),(1012,10,101,0,2416,3.0000),(1013,10,101,0,2417,3.0000),(1014,10,101,0,2418,3.0000),(1015,10,101,0,2419,3.0000),(1016,10,101,0,2420,3.0000),(1017,10,101,0,2421,3.0000),(1018,10,101,0,2422,3.0000);
insert into `catalog_product_entity_decimal` (`value_id`,`entity_type_id`,`attribute_id`,`store_id`,`entity_id`,`value`) values (1019,10,101,0,2423,3.0000),(1020,10,101,0,2424,3.0000),(1021,10,101,0,2425,3.0000),(1022,10,101,0,2426,3.0000),(1023,10,101,0,2427,3.0000),(1024,10,101,0,2428,3.0000),(1025,10,101,0,2429,3.0000),(1026,10,101,0,2430,3.0000),(1027,10,101,0,2431,3.0000),(1028,10,101,0,2432,4.0000),(1029,10,101,0,2433,3.0000),(1030,10,101,0,2434,0.0000),(1031,10,101,0,2435,0.0000),(1032,10,101,0,2436,4.0000),(1033,10,101,0,2437,4.0000),(1034,10,101,0,2438,3.0000),(1035,10,101,0,2439,3.0000),(1036,10,101,0,2440,3.0000),(1037,10,101,0,2441,3.0000),(1038,10,101,0,2442,3.0000),(1039,10,101,0,2443,3.0000),(1040,10,101,0,2445,0.0000),(1041,10,101,0,2446,1.0000),(1042,10,101,0,2447,1.0000),(1043,10,101,0,2448,1.0000),(1044,10,101,0,2449,1.0000),(1045,10,101,0,2450,1.0000),(1046,10,101,0,2451,1.0000),(1047,10,101,0,2452,2.0000),(1048,10,101,0,2453,2.0000),(1049,10,101,0,2454,2.0000),(1050,10,101,0,2455,0.0000),(1051,10,101,0,2456,2.0000),(1052,10,101,0,2457,2.0000),(1053,10,101,0,2458,2.0000),(1054,10,101,0,2459,2.0000),(1055,10,101,0,2460,2.0000),(1056,10,101,0,2461,2.0000),(1057,10,101,0,2462,2.0000),(1058,10,101,0,2463,2.0000),(1059,10,101,0,2464,2.0000),(1060,10,101,0,2465,2.0000),(1061,10,101,0,2466,2.0000),(1062,10,101,0,2467,2.0000);
insert into `catalog_product_entity_decimal` (`value_id`,`entity_type_id`,`attribute_id`,`store_id`,`entity_id`,`value`) values (1063,10,101,0,2468,2.0000),(1064,10,101,0,2469,2.0000),(1065,10,101,0,2470,2.0000),(1066,10,101,0,2471,2.0000),(1067,10,101,0,2472,2.0000),(1068,10,101,0,2473,3.0000),(1069,10,101,0,2474,2.0000),(1070,10,101,0,2475,2.0000),(1071,10,101,0,2476,2.0000),(1072,10,101,0,2477,2.0000),(1073,10,101,0,2478,2.0000),(1074,10,101,0,2479,2.0000),(1075,10,101,0,2480,2.0000),(1076,10,101,0,2481,2.0000),(1077,10,101,0,2482,2.0000),(1078,10,101,0,2483,2.0000),(1079,10,101,0,2484,2.0000),(1080,10,101,0,2485,3.0000),(1081,10,101,0,2486,3.0000),(1082,10,101,0,2487,2.0000),(1083,10,101,0,2488,2.0000),(1084,10,101,0,2489,3.0000),(1085,10,101,0,2490,0.0000),(1086,10,101,0,2491,1.0000),(1087,10,101,0,2492,0.0000),(1088,10,101,0,2493,0.5000),(1089,10,101,0,2494,0.5000),(1090,10,101,0,2495,0.5000),(1091,10,101,0,2496,0.5000),(1092,10,101,0,2497,0.0000),(1093,10,101,0,2498,1.0000),(1094,10,101,0,2499,0.5000),(1095,10,101,0,2500,0.5000),(1587,10,101,0,2444,3.0000),(1657,10,101,1,2400,3.0000),(1658,10,101,1,2401,3.0000),(1659,10,101,1,2402,3.0000),(1660,10,101,1,2403,3.0000),(1661,10,101,1,2404,3.0000),(1662,10,101,1,2405,3.0000),(1663,10,101,1,2406,3.0000),(1664,10,101,1,2407,3.0000),(1665,10,101,1,2408,2.0000),(1666,10,101,1,2409,2.0000);
insert into `catalog_product_entity_decimal` (`value_id`,`entity_type_id`,`attribute_id`,`store_id`,`entity_id`,`value`) values (1667,10,101,1,2410,3.0000),(1668,10,101,1,2411,3.0000),(1669,10,101,1,2412,3.0000),(1670,10,101,1,2413,3.0000),(1671,10,101,1,2414,3.0000),(1672,10,101,1,2415,2.0000),(1673,10,101,1,2416,3.0000),(1674,10,101,1,2417,3.0000),(1675,10,101,1,2418,3.0000),(1676,10,101,1,2419,3.0000),(1677,10,101,1,2420,3.0000),(1678,10,101,1,2421,3.0000),(1679,10,101,1,2422,3.0000),(1680,10,101,1,2423,3.0000),(1681,10,101,1,2424,3.0000),(1682,10,101,1,2425,3.0000),(1683,10,101,1,2426,3.0000),(1684,10,101,1,2427,3.0000),(1685,10,101,1,2428,3.0000),(1686,10,101,1,2429,3.0000),(1687,10,101,1,2430,3.0000),(1688,10,101,1,2431,3.0000),(1689,10,101,1,2432,4.0000),(1690,10,101,1,2433,3.0000),(1691,10,101,1,2434,0.0000),(1692,10,101,1,2435,0.0000),(1693,10,101,1,2436,4.0000),(1694,10,101,1,2437,4.0000),(1695,10,101,1,2438,3.0000),(1696,10,101,1,2439,3.0000),(1697,10,101,1,2440,3.0000),(1698,10,101,1,2441,3.0000),(1699,10,101,1,2442,3.0000),(1700,10,101,1,2443,3.0000),(1701,10,101,1,2445,0.0000),(1702,10,101,1,2446,1.0000),(1703,10,101,1,2447,1.0000),(1704,10,101,1,2448,1.0000),(1705,10,101,1,2449,1.0000),(1706,10,101,1,2450,1.0000),(1707,10,101,1,2451,1.0000),(1708,10,101,1,2452,2.0000),(1709,10,101,1,2453,2.0000),(1710,10,101,1,2454,2.0000);
insert into `catalog_product_entity_decimal` (`value_id`,`entity_type_id`,`attribute_id`,`store_id`,`entity_id`,`value`) values (1711,10,101,1,2455,0.0000),(1712,10,101,1,2456,2.0000),(1713,10,101,1,2457,2.0000),(1714,10,101,1,2458,2.0000),(1715,10,101,1,2459,2.0000),(1716,10,101,1,2460,2.0000),(1717,10,101,1,2461,2.0000),(1718,10,101,1,2462,2.0000),(1719,10,101,1,2463,2.0000),(1720,10,101,1,2464,2.0000),(1721,10,101,1,2465,2.0000),(1722,10,101,1,2466,2.0000),(1723,10,101,1,2467,2.0000),(1724,10,101,1,2468,2.0000),(1725,10,101,1,2469,2.0000),(1726,10,101,1,2470,2.0000),(1727,10,101,1,2471,2.0000),(1728,10,101,1,2472,2.0000),(1729,10,101,1,2473,3.0000),(1730,10,101,1,2474,2.0000),(1731,10,101,1,2475,2.0000),(1732,10,101,1,2476,2.0000),(1733,10,101,1,2477,2.0000),(1734,10,101,1,2478,2.0000),(1735,10,101,1,2479,2.0000),(1736,10,101,1,2480,2.0000),(1737,10,101,1,2481,2.0000),(1738,10,101,1,2482,2.0000),(1739,10,101,1,2483,2.0000),(1740,10,101,1,2484,2.0000),(1741,10,101,1,2485,3.0000),(1742,10,101,1,2486,3.0000),(1743,10,101,1,2487,2.0000),(1744,10,101,1,2488,2.0000),(1745,10,101,1,2489,3.0000),(1746,10,101,1,2490,0.0000),(1747,10,101,1,2491,1.0000),(1748,10,101,1,2492,0.0000),(1749,10,101,1,2493,0.5000),(1750,10,101,1,2494,0.5000),(1751,10,101,1,2495,0.5000),(1752,10,101,1,2496,0.5000),(1753,10,101,1,2497,0.0000),(1754,10,101,1,2498,1.0000);
insert into `catalog_product_entity_decimal` (`value_id`,`entity_type_id`,`attribute_id`,`store_id`,`entity_id`,`value`) values (1755,10,101,1,2499,0.5000),(1756,10,101,1,2500,0.5000),(1856,10,101,1,2444,3.0000);

/*Table structure for table `catalog_product_entity_int` */

DROP TABLE IF EXISTS `catalog_product_entity_int`;

CREATE TABLE `catalog_product_entity_int` (
  `value_id` int(11) NOT NULL auto_increment,
  `entity_type_id` mediumint(8) unsigned NOT NULL default '0',
  `attribute_id` smallint(5) unsigned NOT NULL default '0',
  `store_id` smallint(5) unsigned NOT NULL default '0',
  `entity_id` int(10) unsigned NOT NULL default '0',
  `value` int(11) NOT NULL default '0',
  PRIMARY KEY  (`value_id`),
  KEY `FK_CATALOG_PRODUCT_ENTITY_INT_ATTRIBUTE` (`attribute_id`),
  KEY `FK_CATALOG_PRODUCT_ENTITY_INT_STORE` (`store_id`),
  KEY `FK_CATALOG_PRODUCT_ENTITY_INT_PRODUCT_ENTITY` (`entity_id`),
  CONSTRAINT `FK_CATALOG_PRODUCT_ENTITY_INT_PRODUCT_ENTITY` FOREIGN KEY (`entity_id`) REFERENCES `catalog_product_entity` (`entity_id`) ON DELETE CASCADE ON UPDATE CASCADE,
  CONSTRAINT `FK_CATALOG_PRODUCT_ENTITY_INT_ATTRIBUTE` FOREIGN KEY (`attribute_id`) REFERENCES `eav_attribute` (`attribute_id`) ON DELETE CASCADE ON UPDATE CASCADE,
  CONSTRAINT `FK_CATALOG_PRODUCT_ENTITY_INT_STORE` FOREIGN KEY (`store_id`) REFERENCES `core_store` (`store_id`) ON DELETE CASCADE ON UPDATE CASCADE
) ENGINE=InnoDB DEFAULT CHARSET=utf8;

/*Data for the table `catalog_product_entity_int` */

insert into `catalog_product_entity_int` (`value_id`,`entity_type_id`,`attribute_id`,`store_id`,`entity_id`,`value`) values (67,10,102,0,2400,15),(68,10,102,0,2401,15),(69,10,102,0,2402,15),(70,10,102,0,2403,15),(71,10,102,0,2404,15),(72,10,102,0,2405,15),(73,10,102,0,2406,15),(74,10,102,0,2407,15),(75,10,102,0,2408,15),(76,10,102,0,2409,15),(77,10,102,0,2410,15),(78,10,102,0,2411,15),(79,10,102,0,2412,15),(80,10,102,0,2413,15),(81,10,102,0,2414,15),(82,10,102,0,2415,15),(83,10,102,0,2416,15),(84,10,102,0,2417,15),(85,10,102,0,2418,15),(86,10,102,0,2419,15),(87,10,102,0,2420,15),(88,10,102,0,2421,15),(89,10,102,0,2422,15),(90,10,102,0,2423,15),(91,10,102,0,2424,15),(92,10,102,0,2425,15),(93,10,102,0,2426,15),(94,10,102,0,2427,15),(95,10,102,0,2428,15),(96,10,102,0,2429,15),(97,10,102,0,2430,15),(98,10,102,0,2431,15),(99,10,102,0,2432,15),(100,10,102,0,2433,15),(101,10,102,0,2434,15),(102,10,102,0,2435,15),(103,10,102,0,2436,15),(104,10,102,0,2437,15),(105,10,102,0,2438,15),(106,10,102,0,2439,15),(107,10,102,0,2440,11),(108,10,102,0,2441,11),(109,10,102,0,2442,11),(110,10,102,0,2443,11),(111,10,102,0,2445,11),(112,10,102,0,2446,10),(113,10,102,0,2447,10),(114,10,102,0,2448,10),(115,10,102,0,2449,10),(116,10,102,0,2450,16),(117,10,102,0,2451,16),(118,10,102,0,2452,14),(119,10,102,0,2453,14),(120,10,102,0,2454,13),(121,10,102,0,2455,10),(122,10,102,0,2456,10),(123,10,102,0,2457,10);
insert into `catalog_product_entity_int` (`value_id`,`entity_type_id`,`attribute_id`,`store_id`,`entity_id`,`value`) values (124,10,102,0,2458,10),(125,10,102,0,2459,10),(126,10,102,0,2460,10),(127,10,102,0,2461,10),(128,10,102,0,2462,10),(129,10,102,0,2463,10),(130,10,102,0,2464,10),(131,10,102,0,2465,10),(132,10,102,0,2466,10),(133,10,102,0,2467,10),(134,10,102,0,2468,10),(135,10,102,0,2469,10),(136,10,102,0,2470,10),(137,10,102,0,2471,10),(138,10,102,0,2472,10),(139,10,102,0,2473,10),(140,10,102,0,2474,13),(141,10,102,0,2475,13),(142,10,102,0,2476,10),(143,10,102,0,2477,10),(144,10,102,0,2478,10),(145,10,102,0,2479,10),(146,10,102,0,2480,10),(147,10,102,0,2481,10),(148,10,102,0,2482,10),(149,10,102,0,2483,10),(150,10,102,0,2484,10),(151,10,102,0,2485,10),(152,10,102,0,2486,10),(153,10,102,0,2487,10),(154,10,102,0,2488,10),(155,10,102,0,2489,10),(156,10,102,0,2490,10),(157,10,102,0,2491,10),(158,10,102,0,2492,10),(159,10,102,0,2493,10),(160,10,102,0,2494,10),(161,10,102,0,2495,10),(162,10,102,0,2496,10),(163,10,102,0,2497,10),(164,10,102,0,2498,10),(165,10,102,0,2499,10),(166,10,102,0,2500,10),(658,10,102,0,2444,11),(727,10,102,1,2400,15),(728,10,102,1,2401,15),(729,10,102,1,2402,15),(730,10,102,1,2403,15),(731,10,102,1,2404,15),(732,10,102,1,2405,15),(733,10,102,1,2406,15),(734,10,102,1,2407,15),(735,10,102,1,2408,15),(736,10,102,1,2409,15),(737,10,102,1,2410,15),(738,10,102,1,2411,15);
insert into `catalog_product_entity_int` (`value_id`,`entity_type_id`,`attribute_id`,`store_id`,`entity_id`,`value`) values (739,10,102,1,2412,15),(740,10,102,1,2413,15),(741,10,102,1,2414,15),(742,10,102,1,2415,15),(743,10,102,1,2416,15),(744,10,102,1,2417,15),(745,10,102,1,2418,15),(746,10,102,1,2419,15),(747,10,102,1,2420,15),(748,10,102,1,2421,15),(749,10,102,1,2422,15),(750,10,102,1,2423,15),(751,10,102,1,2424,15),(752,10,102,1,2425,15),(753,10,102,1,2426,15),(754,10,102,1,2427,15),(755,10,102,1,2428,15),(756,10,102,1,2429,15),(757,10,102,1,2430,15),(758,10,102,1,2431,15),(759,10,102,1,2432,15),(760,10,102,1,2433,15),(761,10,102,1,2434,15),(762,10,102,1,2435,15),(763,10,102,1,2436,15),(764,10,102,1,2437,15),(765,10,102,1,2438,15),(766,10,102,1,2439,15),(767,10,102,1,2440,11),(768,10,102,1,2441,11),(769,10,102,1,2442,11),(770,10,102,1,2443,11),(771,10,102,1,2445,11),(772,10,102,1,2446,10),(773,10,102,1,2447,10),(774,10,102,1,2448,10),(775,10,102,1,2449,10),(776,10,102,1,2450,16),(777,10,102,1,2451,16),(778,10,102,1,2452,14),(779,10,102,1,2453,14),(780,10,102,1,2454,13),(781,10,102,1,2455,10),(782,10,102,1,2456,10),(783,10,102,1,2457,10),(784,10,102,1,2458,10),(785,10,102,1,2459,10),(786,10,102,1,2460,10),(787,10,102,1,2461,10),(788,10,102,1,2462,10),(789,10,102,1,2463,10),(790,10,102,1,2464,10),(791,10,102,1,2465,10),(792,10,102,1,2466,10),(793,10,102,1,2467,10),(794,10,102,1,2468,10);
insert into `catalog_product_entity_int` (`value_id`,`entity_type_id`,`attribute_id`,`store_id`,`entity_id`,`value`) values (795,10,102,1,2469,10),(796,10,102,1,2470,10),(797,10,102,1,2471,10),(798,10,102,1,2472,10),(799,10,102,1,2473,10),(800,10,102,1,2474,13),(801,10,102,1,2475,13),(802,10,102,1,2476,10),(803,10,102,1,2477,10),(804,10,102,1,2478,10),(805,10,102,1,2479,10),(806,10,102,1,2480,10),(807,10,102,1,2481,10),(808,10,102,1,2482,10),(809,10,102,1,2483,10),(810,10,102,1,2484,10),(811,10,102,1,2485,10),(812,10,102,1,2486,10),(813,10,102,1,2487,10),(814,10,102,1,2488,10),(815,10,102,1,2489,10),(816,10,102,1,2490,10),(817,10,102,1,2491,10),(818,10,102,1,2492,10),(819,10,102,1,2493,10),(820,10,102,1,2494,10),(821,10,102,1,2495,10),(822,10,102,1,2496,10),(823,10,102,1,2497,10),(824,10,102,1,2498,10),(825,10,102,1,2499,10),(826,10,102,1,2500,10),(926,10,102,1,2444,11),(993,10,107,0,2400,6),(994,10,107,0,2401,6),(995,10,107,0,2402,6),(996,10,107,0,2403,6),(997,10,107,0,2404,6),(998,10,107,0,2405,6),(999,10,107,0,2406,6),(1000,10,107,0,2407,6),(1001,10,107,0,2408,6),(1002,10,107,0,2409,6),(1003,10,107,0,2410,6),(1004,10,107,0,2411,6),(1005,10,107,0,2412,6),(1006,10,107,0,2413,6),(1007,10,107,0,2414,6),(1008,10,107,0,2415,6),(1009,10,107,0,2416,6),(1010,10,107,0,2417,6),(1011,10,107,0,2418,6),(1012,10,107,0,2419,6),(1013,10,107,0,2420,6),(1014,10,107,0,2421,6),(1015,10,107,0,2422,6),(1016,10,107,0,2423,6);
insert into `catalog_product_entity_int` (`value_id`,`entity_type_id`,`attribute_id`,`store_id`,`entity_id`,`value`) values (1017,10,107,0,2424,6),(1018,10,107,0,2425,6),(1019,10,107,0,2426,6),(1020,10,107,0,2427,6),(1021,10,107,0,2428,6),(1022,10,107,0,2429,6),(1023,10,107,0,2430,6),(1024,10,107,0,2431,6),(1025,10,107,0,2432,6),(1026,10,107,0,2433,6),(1027,10,107,0,2434,6),(1028,10,107,0,2435,6),(1029,10,107,0,2436,6),(1030,10,107,0,2437,6),(1031,10,107,0,2438,6),(1032,10,107,0,2439,6),(1033,10,107,0,2440,6),(1034,10,107,0,2441,6),(1035,10,107,0,2442,4),(1036,10,107,0,2443,4),(1037,10,107,0,2445,4),(1038,10,107,0,2446,4),(1039,10,107,0,2447,4),(1040,10,107,0,2448,4),(1041,10,107,0,2449,4),(1042,10,107,0,2450,4),(1043,10,107,0,2451,4),(1044,10,107,0,2452,4),(1045,10,107,0,2453,4),(1046,10,107,0,2454,5),(1047,10,107,0,2455,5),(1048,10,107,0,2456,5),(1049,10,107,0,2457,5),(1050,10,107,0,2458,5),(1051,10,107,0,2459,5),(1052,10,107,0,2460,5),(1053,10,107,0,2461,5),(1054,10,107,0,2462,5),(1055,10,107,0,2463,5),(1056,10,107,0,2464,5),(1057,10,107,0,2465,5),(1058,10,107,0,2466,5),(1059,10,107,0,2467,5),(1060,10,107,0,2468,5),(1061,10,107,0,2469,5),(1062,10,107,0,2470,5),(1063,10,107,0,2471,5),(1064,10,107,0,2472,5),(1065,10,107,0,2473,5),(1066,10,107,0,2474,5),(1067,10,107,0,2475,5),(1068,10,107,0,2476,4),(1069,10,107,0,2477,4),(1070,10,107,0,2478,4),(1071,10,107,0,2479,4),(1072,10,107,0,2480,4);
insert into `catalog_product_entity_int` (`value_id`,`entity_type_id`,`attribute_id`,`store_id`,`entity_id`,`value`) values (1073,10,107,0,2481,4),(1074,10,107,0,2482,4),(1075,10,107,0,2483,4),(1076,10,107,0,2484,4),(1077,10,107,0,2485,4),(1078,10,107,0,2486,4),(1079,10,107,0,2487,4),(1080,10,107,0,2488,4),(1081,10,107,0,2489,4),(1082,10,107,0,2490,4),(1083,10,107,0,2491,4),(1084,10,107,0,2492,4),(1085,10,107,0,2493,4),(1086,10,107,0,2494,4),(1087,10,107,0,2495,4),(1088,10,107,0,2496,4),(1089,10,107,0,2497,4),(1090,10,107,0,2498,4),(1091,10,107,0,2499,4),(1092,10,107,0,2500,4),(1584,10,107,0,2444,4),(1653,10,107,1,2400,6),(1654,10,107,1,2401,6),(1655,10,107,1,2402,6),(1656,10,107,1,2403,6),(1657,10,107,1,2404,6),(1658,10,107,1,2405,6),(1659,10,107,1,2406,6),(1660,10,107,1,2407,6),(1661,10,107,1,2408,6),(1662,10,107,1,2409,6),(1663,10,107,1,2410,6),(1664,10,107,1,2411,6),(1665,10,107,1,2412,6),(1666,10,107,1,2413,6),(1667,10,107,1,2414,6),(1668,10,107,1,2415,6),(1669,10,107,1,2416,6),(1670,10,107,1,2417,6),(1671,10,107,1,2418,6),(1672,10,107,1,2419,6),(1673,10,107,1,2420,6),(1674,10,107,1,2421,6),(1675,10,107,1,2422,6),(1676,10,107,1,2423,6),(1677,10,107,1,2424,6),(1678,10,107,1,2425,6),(1679,10,107,1,2426,6),(1680,10,107,1,2427,6),(1681,10,107,1,2428,6),(1682,10,107,1,2429,6),(1683,10,107,1,2430,6),(1684,10,107,1,2431,6),(1685,10,107,1,2432,6),(1686,10,107,1,2433,6),(1687,10,107,1,2434,6);
insert into `catalog_product_entity_int` (`value_id`,`entity_type_id`,`attribute_id`,`store_id`,`entity_id`,`value`) values (1688,10,107,1,2435,6),(1689,10,107,1,2436,6),(1690,10,107,1,2437,6),(1691,10,107,1,2438,6),(1692,10,107,1,2439,6),(1693,10,107,1,2440,6),(1694,10,107,1,2441,6),(1695,10,107,1,2442,4),(1696,10,107,1,2443,4),(1697,10,107,1,2445,4),(1698,10,107,1,2446,4),(1699,10,107,1,2447,4),(1700,10,107,1,2448,4),(1701,10,107,1,2449,4),(1702,10,107,1,2450,4),(1703,10,107,1,2451,4),(1704,10,107,1,2452,4),(1705,10,107,1,2453,4),(1706,10,107,1,2454,5),(1707,10,107,1,2455,5),(1708,10,107,1,2456,5),(1709,10,107,1,2457,5),(1710,10,107,1,2458,5),(1711,10,107,1,2459,5),(1712,10,107,1,2460,5),(1713,10,107,1,2461,5),(1714,10,107,1,2462,5),(1715,10,107,1,2463,5),(1716,10,107,1,2464,5),(1717,10,107,1,2465,5),(1718,10,107,1,2466,5),(1719,10,107,1,2467,5),(1720,10,107,1,2468,5),(1721,10,107,1,2469,5),(1722,10,107,1,2470,5),(1723,10,107,1,2471,5),(1724,10,107,1,2472,5),(1725,10,107,1,2473,5),(1726,10,107,1,2474,5),(1727,10,107,1,2475,5),(1728,10,107,1,2476,4),(1729,10,107,1,2477,4),(1730,10,107,1,2478,4),(1731,10,107,1,2479,4),(1732,10,107,1,2480,4),(1733,10,107,1,2481,4),(1734,10,107,1,2482,4),(1735,10,107,1,2483,4),(1736,10,107,1,2484,4),(1737,10,107,1,2485,4),(1738,10,107,1,2486,4),(1739,10,107,1,2487,4),(1740,10,107,1,2488,4),(1741,10,107,1,2489,4),(1742,10,107,1,2490,4),(1743,10,107,1,2491,4);
insert into `catalog_product_entity_int` (`value_id`,`entity_type_id`,`attribute_id`,`store_id`,`entity_id`,`value`) values (1744,10,107,1,2492,4),(1745,10,107,1,2493,4),(1746,10,107,1,2494,4),(1747,10,107,1,2495,4),(1748,10,107,1,2496,4),(1749,10,107,1,2497,4),(1750,10,107,1,2498,4),(1751,10,107,1,2499,4),(1752,10,107,1,2500,4),(1852,10,107,1,2444,4),(1853,10,108,0,2444,3),(1855,10,108,1,2444,3),(1923,10,110,0,2400,118),(1924,10,110,0,2401,119),(1925,10,110,0,2402,120),(1926,10,110,0,2403,121),(1927,10,110,0,2404,122),(1928,10,110,0,2405,123),(1929,10,110,0,2406,124),(1930,10,110,0,2407,125),(1931,10,110,0,2408,126),(1932,10,110,0,2409,127),(1933,10,110,0,2410,128),(1934,10,110,0,2411,129),(1935,10,110,0,2412,130),(1936,10,110,0,2413,131),(1937,10,110,0,2414,132),(1938,10,110,0,2415,133),(1939,10,110,0,2416,134),(1940,10,110,0,2417,135),(1941,10,110,0,2418,136),(1942,10,110,0,2419,137),(1943,10,110,0,2420,138),(1944,10,110,0,2421,139),(1945,10,110,0,2422,140),(1946,10,110,0,2423,141),(1947,10,110,0,2424,142),(1948,10,110,0,2425,143),(1949,10,110,0,2426,144),(1950,10,110,0,2427,145),(1951,10,110,0,2428,146),(1952,10,110,0,2429,147),(1953,10,110,0,2430,148),(1954,10,110,0,2431,149),(1955,10,110,0,2432,150),(1956,10,110,0,2433,151),(1957,10,110,0,2434,152),(1958,10,110,0,2435,153),(1959,10,110,0,2436,154),(1960,10,110,0,2437,155),(1961,10,110,0,2438,156),(1962,10,110,0,2439,157);
insert into `catalog_product_entity_int` (`value_id`,`entity_type_id`,`attribute_id`,`store_id`,`entity_id`,`value`) values (1963,10,110,0,2440,158),(1964,10,110,0,2441,159),(1965,10,110,0,2442,160),(1966,10,110,0,2443,162),(1967,10,110,0,2445,165),(1968,10,110,0,2446,166),(1969,10,110,0,2447,167),(1970,10,110,0,2448,168),(1971,10,110,0,2449,169),(1972,10,110,0,2450,170),(1973,10,110,0,2451,171),(1974,10,110,0,2452,172),(1975,10,110,0,2453,173),(1976,10,110,0,2454,174),(1977,10,110,0,2455,175),(1978,10,110,0,2456,176),(1979,10,110,0,2457,177),(1980,10,110,0,2458,178),(1981,10,110,0,2459,179),(1982,10,110,0,2460,180),(1983,10,110,0,2461,182),(1984,10,110,0,2462,183),(1985,10,110,0,2463,184),(1986,10,110,0,2464,185),(1987,10,110,0,2465,186),(1988,10,110,0,2466,187),(1989,10,110,0,2467,188),(1990,10,110,0,2468,189),(1991,10,110,0,2469,190),(1992,10,110,0,2470,191),(1993,10,110,0,2471,192),(1994,10,110,0,2472,193),(1995,10,110,0,2473,194),(1996,10,110,0,2474,195),(1997,10,110,0,2475,196),(1998,10,110,0,2476,197),(1999,10,110,0,2477,198),(2000,10,110,0,2478,199),(2001,10,110,0,2479,200),(2002,10,110,0,2480,201),(2003,10,110,0,2481,202),(2004,10,110,0,2482,203),(2005,10,110,0,2483,204),(2006,10,110,0,2484,205),(2007,10,110,0,2485,206),(2008,10,110,0,2486,207),(2009,10,110,0,2487,208),(2010,10,110,0,2488,209),(2011,10,110,0,2489,210),(2012,10,110,0,2490,211),(2013,10,110,0,2491,212);
insert into `catalog_product_entity_int` (`value_id`,`entity_type_id`,`attribute_id`,`store_id`,`entity_id`,`value`) values (2014,10,110,0,2492,213),(2015,10,110,0,2493,215),(2016,10,110,0,2494,216),(2017,10,110,0,2495,217),(2018,10,110,0,2496,218),(2019,10,110,0,2497,219),(2020,10,110,0,2498,220),(2021,10,110,0,2499,221),(2022,10,110,0,2500,222),(2515,10,110,0,2444,164),(2583,10,110,1,2400,118),(2584,10,110,1,2401,119),(2585,10,110,1,2402,120),(2586,10,110,1,2403,121),(2587,10,110,1,2404,122),(2588,10,110,1,2405,123),(2589,10,110,1,2406,124),(2590,10,110,1,2407,125),(2591,10,110,1,2408,126),(2592,10,110,1,2409,127),(2593,10,110,1,2410,128),(2594,10,110,1,2411,129),(2595,10,110,1,2412,130),(2596,10,110,1,2413,131),(2597,10,110,1,2414,132),(2598,10,110,1,2415,133),(2599,10,110,1,2416,134),(2600,10,110,1,2417,135),(2601,10,110,1,2418,136),(2602,10,110,1,2419,137),(2603,10,110,1,2420,138),(2604,10,110,1,2421,139),(2605,10,110,1,2422,140),(2606,10,110,1,2423,141),(2607,10,110,1,2424,142),(2608,10,110,1,2425,143),(2609,10,110,1,2426,144),(2610,10,110,1,2427,145),(2611,10,110,1,2428,146),(2612,10,110,1,2429,147),(2613,10,110,1,2430,148),(2614,10,110,1,2431,149),(2615,10,110,1,2432,150),(2616,10,110,1,2433,151),(2617,10,110,1,2434,152),(2618,10,110,1,2435,153),(2619,10,110,1,2436,154),(2620,10,110,1,2437,155),(2621,10,110,1,2438,156),(2622,10,110,1,2439,157),(2623,10,110,1,2440,158);
insert into `catalog_product_entity_int` (`value_id`,`entity_type_id`,`attribute_id`,`store_id`,`entity_id`,`value`) values (2624,10,110,1,2441,159),(2625,10,110,1,2442,160),(2626,10,110,1,2443,162),(2627,10,110,1,2445,165),(2628,10,110,1,2446,166),(2629,10,110,1,2447,167),(2630,10,110,1,2448,168),(2631,10,110,1,2449,169),(2632,10,110,1,2450,170),(2633,10,110,1,2451,171),(2634,10,110,1,2452,172),(2635,10,110,1,2453,173),(2636,10,110,1,2454,174),(2637,10,110,1,2455,175),(2638,10,110,1,2456,176),(2639,10,110,1,2457,177),(2640,10,110,1,2458,178),(2641,10,110,1,2459,179),(2642,10,110,1,2460,180),(2643,10,110,1,2461,182),(2644,10,110,1,2462,183),(2645,10,110,1,2463,184),(2646,10,110,1,2464,185),(2647,10,110,1,2465,186),(2648,10,110,1,2466,187),(2649,10,110,1,2467,188),(2650,10,110,1,2468,189),(2651,10,110,1,2469,190),(2652,10,110,1,2470,191),(2653,10,110,1,2471,192),(2654,10,110,1,2472,193),(2655,10,110,1,2473,194),(2656,10,110,1,2474,195),(2657,10,110,1,2475,196),(2658,10,110,1,2476,197),(2659,10,110,1,2477,198),(2660,10,110,1,2478,199),(2661,10,110,1,2479,200),(2662,10,110,1,2480,201),(2663,10,110,1,2481,202),(2664,10,110,1,2482,203),(2665,10,110,1,2483,204),(2666,10,110,1,2484,205),(2667,10,110,1,2485,206),(2668,10,110,1,2486,207),(2669,10,110,1,2487,208),(2670,10,110,1,2488,209),(2671,10,110,1,2489,210),(2672,10,110,1,2490,211),(2673,10,110,1,2491,212),(2674,10,110,1,2492,213);
insert into `catalog_product_entity_int` (`value_id`,`entity_type_id`,`attribute_id`,`store_id`,`entity_id`,`value`) values (2675,10,110,1,2493,215),(2676,10,110,1,2494,216),(2677,10,110,1,2495,217),(2678,10,110,1,2496,218),(2679,10,110,1,2497,219),(2680,10,110,1,2498,220),(2681,10,110,1,2499,221),(2682,10,110,1,2500,222),(2782,10,110,1,2444,164);

/*Table structure for table `catalog_product_entity_text` */

DROP TABLE IF EXISTS `catalog_product_entity_text`;

CREATE TABLE `catalog_product_entity_text` (
  `value_id` int(11) NOT NULL auto_increment,
  `entity_type_id` mediumint(8) unsigned NOT NULL default '0',
  `attribute_id` smallint(5) unsigned NOT NULL default '0',
  `store_id` smallint(5) unsigned NOT NULL default '0',
  `entity_id` int(10) unsigned NOT NULL default '0',
  `value` text NOT NULL,
  PRIMARY KEY  (`value_id`),
  KEY `FK_CATALOG_PRODUCT_ENTITY_TEXT_ATTRIBUTE` (`attribute_id`),
  KEY `FK_CATALOG_PRODUCT_ENTITY_TEXT_STORE` (`store_id`),
  KEY `FK_CATALOG_PRODUCT_ENTITY_TEXT_PRODUCT_ENTITY` (`entity_id`),
  CONSTRAINT `FK_CATALOG_PRODUCT_ENTITY_TEXT_PRODUCT_ENTITY` FOREIGN KEY (`entity_id`) REFERENCES `catalog_product_entity` (`entity_id`) ON DELETE CASCADE ON UPDATE CASCADE,
  CONSTRAINT `FK_CATALOG_PRODUCT_ENTITY_TEXT_ATTRIBUTE` FOREIGN KEY (`attribute_id`) REFERENCES `eav_attribute` (`attribute_id`) ON DELETE CASCADE ON UPDATE CASCADE,
  CONSTRAINT `FK_CATALOG_PRODUCT_ENTITY_TEXT_STORE` FOREIGN KEY (`store_id`) REFERENCES `core_store` (`store_id`) ON DELETE CASCADE ON UPDATE CASCADE
) ENGINE=InnoDB DEFAULT CHARSET=utf8;

/*Data for the table `catalog_product_entity_text` */

insert into `catalog_product_entity_text` (`value_id`,`entity_type_id`,`attribute_id`,`store_id`,`entity_id`,`value`) values (68,10,97,0,2400,'Moccasin stitch lace up, removable cork/latex and hand-stitched Smartlite sole.'),(69,10,97,0,2401,'The Ponte Sor is sleek, black, and totally street. With leather uppers, a removable footbed providing arch and metatarsal support, and flexible rubber soles, the Ponte Sor offers athletic style (with four suede \"racing\" stripes and a red mesh tongue for a hint of contrast) with a casual fit.'),(70,10,97,0,2402,'A men\'s sporty, lace-up sneaker.  Has Footprints removable and anatomically contoured footbed.  Suede upper is breathable, durable and comfortable.  Take a step into comfort you won\'t forget!'),(71,10,97,0,2403,'A men\'s sporty, lace-up sneaker.  Has Footprints removable and anatomically contoured footbed.  Suede upper is breathable, durable and comfortable.  Take a step into comfort you won\'t forget!'),(72,10,97,0,2404,'A men\'s sporty, lace-up sneaker with a removable contoured footbed.');
insert into `catalog_product_entity_text` (`value_id`,`entity_type_id`,`attribute_id`,`store_id`,`entity_id`,`value`) values (73,10,97,0,2405,'An almost-Mary-Jane style shoe with added foot coverage up to the adjustable buckle strap. Subtle, fashionable leather imprints decorate the toe box, and it comes with a removable contoured footbed.'),(74,10,97,0,2406,'Simple yet elegant loafer in smooth leather with zig-zag stitched top seam and stretch vents for easy on/off. Includes removable cork/latex footbed, side-panel goring and new shock-absorbing polyurethane/rubber sole.'),(75,10,97,0,2407,'Moccasin-style loafer goes in and out of the office. Includes removable cork/latex footbed and new shock absorbing polyurethane/rubber sole.'),(76,10,97,0,2408,'A sleek and feminine loafer for in and out of the office. Includes removable cork/latex footbed and a shock absorbing polyurethane sole.'),(77,10,97,0,2409,'Sporty, sleek and urban. This ladies\' slip-on shoe with an adjustable top strap is made for comfort on the go. Includes a removable contoured footbed and a metal shank for added stability. Two widths, light PU-sole.'),(78,10,97,0,2410,'A slick and stylish women\'s sport shoe in rosewood leather.  Top stitching adds interest.  Has a removable cork/latex footbed and a shock absorbing low profile rubber sole.');
insert into `catalog_product_entity_text` (`value_id`,`entity_type_id`,`attribute_id`,`store_id`,`entity_id`,`value`) values (79,10,97,0,2411,'A slick and stylish women\'s sport shoe in deep navy suede.  Top stitching adds interest.  Has a removable cork/latex footbed and a shock absorbing low profile rubber sole.'),(80,10,97,0,2412,'A womens sports shoe / sneaker in Sage Suede with lime yellow accent stripes- Footbed removable cork/latex footbed and a shock absorbing rubber sole.'),(81,10,97,0,2413,'Lace up dress shoes with smooth leather upper, removable cork/latex footbed, a combination leather/rubber sole, and a metal shank for added stability.'),(82,10,97,0,2414,'Ease and comfort are the bywords for this Mary-Jane style shoe in smooth black leather.  Has an adjustable velcro-closure strap, a removable contoured footbed, and a metal shank for added stability.'),(83,10,97,0,2415,'Simple yet elegant loafer in suede with zig-zag stitched top seam and stretch vents for easy on/off. Includes removable cork/latex footbed, side-panel goring and new shock-absorbing polyurethane/rubber sole.'),(84,10,97,0,2416,'A sleek and feminine loafer for in and out of the office. Includes removable cork/latex footbed and a shock absorbing polyurethane sole.');
insert into `catalog_product_entity_text` (`value_id`,`entity_type_id`,`attribute_id`,`store_id`,`entity_id`,`value`) values (85,10,97,0,2417,'A slick and stylish women\'s sport shoe in Black Leather.  Top stitching adds interest.  Has a removable cork/latex footbed and a shock absorbing low profile rubber sole.'),(86,10,97,0,2418,'A womens sports shoe / sneaker in Black Suede with grey accent stripes- Footbed removable cork/latex footbed and a shock absorbing rubber sole.'),(87,10,97,0,2419,'Lace up dress shoes with smooth leather upper, removable cork/latex footbed, a combination leather/rubber sole, and a metal shank for added stability.'),(88,10,97,0,2420,'A Mary-Jane style shoe with dainty adjustable buckle strap.  Leather uppers, removable contoured cork latex footbed, polyurethane sole and a metal shank for added stability.'),(89,10,97,0,2421,'A ladies\' sporty lace-up oxford with a slimmer sole for a sleek look.  Has a removable contoured footbed, while the padded tongue and collar add extra comfort on a low profile outsole.  Also has a metal shank for added stability.'),(90,10,97,0,2422,'A sleek and feminine loafer for in and out of the office. Includes removable contoured cork/latex footbed and a shock absorbing polyurethane sole.');
insert into `catalog_product_entity_text` (`value_id`,`entity_type_id`,`attribute_id`,`store_id`,`entity_id`,`value`) values (91,10,97,0,2423,'Women\'s sport shoe in grey suede with removable cork/latex footbed and a shock absorbing rubber sole.'),(92,10,97,0,2424,'A womens sports shoe / sneaker in Blue Suede with paler blue accent stripes- Removable cork/latex footbed and a shock absorbing rubber sole.'),(93,10,97,0,2425,'An almost-Mary-Jane style shoe with added foot coverage up to the adjustable buckle strap. Subtle, fashionable leather imprints decorate the toe box, and it comes with a removable contoured footbed.'),(94,10,97,0,2426,'A ladies\' sporty lace-up oxford with a slimmer sole for a sleek look.  Has a removable contoured footbed, while the padded tongue and collar add extra comfort on a low profile outsole.  Also has a metal shank for added stability.'),(95,10,97,0,2427,'Sporty, sleek and urban. This ladies\' slip-on shoe with an adjustable top strap is made for comfort on the go. Includes a removable contoured footbed and a metal shank for added stability. Two widths, light PU-sole');
insert into `catalog_product_entity_text` (`value_id`,`entity_type_id`,`attribute_id`,`store_id`,`entity_id`,`value`) values (96,10,97,0,2428,'A slick and stylish women\'s sport shoe in rich brown suede.  Top stitching adds interest.  Has a removable cork/latex footbed and a shock absorbing low profile rubber sole.'),(97,10,97,0,2429,'An urban twist on classic styling. This Mary Jane style is adjustable and has a metal shank for added stability. We offer the Scarlet lined with cambrelle for its wicking and antimicrobial benefits and the black with traditional pigskin. Built on our fluid outsole.'),(98,10,97,0,2430,'A casual slip on with contrasting stitching and double goring for adjustability. Also has a hidden internal collar padding, metal shank for added stability, and fluid outsole. Lined with cambrelle for wicking and antimicrobial benefits.'),(99,10,97,0,2431,'An elegant suede ankle-length boot for the discriminating taste.  Lined with Carnival, a Synthetic Liner that allows the feet to breath while providing warmth and wicking ability. Outsoul is made of dense, rugged rubber tread for excellent traction, gripping and long wear. Removable Natural Cork/Latex footbed.');
insert into `catalog_product_entity_text` (`value_id`,`entity_type_id`,`attribute_id`,`store_id`,`entity_id`,`value`) values (100,10,97,0,2432,'Enjoy your walk and let Footprints take care of your feet with this casual light hiker, great for day hikes on the trail or around town. Removable cork/latex footbed, rust-proof eyelets and oxford lacing. Features dense rubber tread to ensure excellent traction and long wear, and a synthetic shank made of Bergamid nylon for added stability.'),(101,10,97,0,2433,'Enjoy your walk and let Footprints take care of your feet with this casual light hiker, great for day hikes on the trail or around town. Removable cork/latex footbed, rust-proof eyelets and oxford lacing. Features dense rubber tread to ensure excellent traction and long wear, and a synthetic shank made of Bergamid nylon for added stability.'),(102,10,97,0,2434,'Rugged ankle-high hiking boot with removable cork/latex footbed, half-gussetted tongue, rustproof eyelets, a dense rubber tread to ensure excellent traction and long wear, and a synthetic shank for added stability. The synthetic shank is made of Bergamid, a type of nylon.'),(103,10,97,0,2435,'Rugged ankle-high hiking boot with removable cork/latex footbed, half-gussetted tongue, rustproof eyelets, a dense rubber tread to ensure excellent traction and long wear, and a synthetic shank for added stability. The synthetic shank is made of Bergamid, a type of nylon.');
insert into `catalog_product_entity_text` (`value_id`,`entity_type_id`,`attribute_id`,`store_id`,`entity_id`,`value`) values (104,10,97,0,2436,'Rugged and waterproof high-top hiking boot for maximum ankle support. Features removable cork/latex footbed, half-gussetted tongue, rustproof eyelets, and dense rubber tread to ensure excellent traction and long wear. Made with Sympatex, a waterproof, breathable material that keeps feet dry while allowing moisture from perspiration to pass through. Also has a metal shank for added stability.'),(105,10,97,0,2437,'Rugged and waterproof high-top hiking boot for maximum ankle support. Features removable cork/latex footbed, half-gussetted tongue, rustproof eyelets, and dense rubber tread to ensure excellent traction and long wear. Made with Sympatex, a waterproof, breathable material that keeps feet dry while allowing moisture from perspiration to pass through. Also has a metal shank for added stability.'),(106,10,97,0,2438,'Rugged and waterproof high-top hiking boot for maximum ankle support. Features removable cork/latex footbed, half-gussetted tongue, rustproof eyelets, and dense rubber tread to ensure excellent traction and long wear. Made with Sympatex, a waterproof, breathable material that keeps feet dry while allowing moisture from perspiration to pass through. Also has a synthetic shank for added stability, made of Bergamid, a type of nylon.');
insert into `catalog_product_entity_text` (`value_id`,`entity_type_id`,`attribute_id`,`store_id`,`entity_id`,`value`) values (107,10,97,0,2439,'Rugged and waterproof high-top hiking boot for maximum ankle support. Features removable cork/latex footbed, half-gussetted tongue, rustproof eyelets, and dense rubber tread to ensure excellent traction and long wear. Made with Sympatex, a waterproof, breathable material that keeps feet dry while allowing moisture from perspiration to pass through. Also has a synthetic shank for added stability, made of Bergamid, a type of nylon.'),(108,10,97,0,2440,'Euro-style professional shoe with a flexible cork/latex footbed and shock-absorbing sole. Polyurethane coated leather uppers are heat, cold, acid and chemical resistant. Velcro closures provide a custom fit.'),(109,10,97,0,2441,'Euro-style professional shoe with a flexible cork/latex footbed and shock-absorbing sole. Polyurethane coated leather uppers are heat, cold, acid and chemical resistant. Velcro closures provide a custom fit.'),(110,10,97,0,2442,'Professional clog with adjustable back and vamp straps on a sporty, polyurethane sole with deeper tread for improved traction. This clog offers a heel pad in the footbed and upper leather is coated with polyurethane to provide heat, cold, acid and chemical resistance.');
insert into `catalog_product_entity_text` (`value_id`,`entity_type_id`,`attribute_id`,`store_id`,`entity_id`,`value`) values (111,10,97,0,2443,'Professional clog with adjustable back and vamp straps on a sporty, polyurethane sole with deeper tread for improved traction. This clog offers a heel pad in the footbed and upper leather is coated with polyurethane to provide heat, cold, acid and chemical resistance.'),(112,10,97,0,2445,'The A604 from Alpro is a Steel Toe Polyurethane Clog with a removable, replaceable cork footbed. The sole has a deeper tread for improved traction and the Steel Toe passed ANSI Z 41 1999 standards for Class I/75 impact and Class C/75 compression classification.'),(113,10,97,0,2446,'Our most popular style, providing long term comfort and arch support to any casual, flat footwear. Contoured arches and deep heel cup can help relieve heel pain and plantar fasciitis symptoms. Like the Heeled Blue Footbed, it has a silk lining that absorbs moisture and is hand-washable. Casual Blue Footbed is available in narrow, medium and wide widths. \r\nCasual - For flat/low heeled footwear.');
insert into `catalog_product_entity_text` (`value_id`,`entity_type_id`,`attribute_id`,`store_id`,`entity_id`,`value`) values (114,10,97,0,2447,'A popular style that provides long term comfort and arch support to any heeled footwear (up to 1\" heels). Contoured arches and deep heel cup can help relieve heel pain and plantar fasciitis symptoms. Similar to the Casual Blue Footbed, this heeled version has silk lining that absorbs moisture and is hand-washable. Heeled Blue Footbed is available in narrow, medium and wide widths. \r\nHeeled - For heeled footwear up to 1\".'),(115,10,97,0,2448,'Arch support with natural cork and EVA. It features a deep molded heel cup, pronounced medial arch support and moderate metatarsal support.\r\n\r\nSupports the medial arch - Can help with problems such as fallen arches and over-pronation.\r\nSupports the ball of the foot - Helps maintain the natural curvature necessary for optimal weight-bearing and transfer.\r\nProvides proper alignment - Balances foot impact areas. Can reduce fatigue and increase life of footwear. \r\nHigh Flanges - Increases stability. Helps control excessive pronation and/or supination.\r\nDeep Heel Cup - Cushions and protects the heel bone. Can relieve heel pain symptoms. Provides natural cushioning and shock absorption.');
insert into `catalog_product_entity_text` (`value_id`,`entity_type_id`,`attribute_id`,`store_id`,`entity_id`,`value`) values (116,10,97,0,2449,'Arch support with natural cork and EVA. It features a deep molded heel cup, pronounced medial arch support and moderate metatarsal support.\r\nSupports the medial arch - Can help with problems such as fallen arches and over-pronation.\r\nSupports the ball of the foot - Helps maintain the natural curvature necessary for optimal weight-bearing and transfer.\r\nProvides proper alignment - Balances foot impact areas. Can reduce fatigue and increase life of footwear. \r\nLow Flanges - Fits in most shoes. Helps to relieve pressure in bunion area.\r\nHeel Cup - Narrower heel cup than BirkoBalance. Cushions protect heel bone. Can relieve pain symptoms. Provides natural cushioning and shock absorption.'),(117,10,97,0,2450,'A two-piece system that offers support and cushioning. On the bottom is a 3/4-length arch support made from natural cork/EVA. The full length blue innersole is made from EVA foam (BirkoCell) that fits inside the arch support to absorb shock and provide addional support.\r\n\r\nArch Flexible lightweight support. Heel Cup stabilizes and supports foot.  Contoured arches support instep and ball of foot; distributes impact. Toe bar exercises feet and leg muscles. Metatarsal build up provides extra cushioning under the ball of the foot.');
insert into `catalog_product_entity_text` (`value_id`,`entity_type_id`,`attribute_id`,`store_id`,`entity_id`,`value`) values (118,10,97,0,2451,'Breathable full-length footbed insole is anatomically shaped with a shock-absorbing, flexible forefoot area, and relieves foot strain from high-impact sports. It features a deep heel cup, moderate longitudinal (medial and lateral) arches and moderate metatarsal support. \r\nProvides proper alignment. Flexible to support lateral movement. Balances foot impact areas. Reduces fatigue. Can increase life of footwear. Supports instep and ball of foot.  Protects heel bone. Can relieve heel pain symptoms. Provides natural cushioning and shock absorption.  Hypoallergenic. Absorbs moisture and keeps feet dry.'),(119,10,97,0,2452,'Super Birki Clog - Replacement Cork Footbed'),(120,10,97,0,2453,'Replacement Cork Footbed for Outdoor Birki Clogs'),(121,10,97,0,2454,'A cross-strap, toe loop sandal with an adjustable strap in silky suede with a shock absorbing EVA sole. Available in narrow and regular widths.'),(122,10,97,0,2455,'In a beautiful cocoa nubuck leather, three straps keep you secure yet allow the convenience of a slip-on.  Top grain cowhide has been buffed to create a soft velvety finish.  This sandal has fully adjustable straps and shock-absorbing EVA sole. Features Birkenstock\'s classic suede-lined cork/latex footbed.'),(123,10,97,0,2456,'In a buttery smooth black leather, three straps keep you secure yet allow the convenience of a slip-on. This sandal has fully adjustable straps and shock-absorbing EVA sole. Features Birkenstock\'s classic suede-lined cork/latex footbed.');
insert into `catalog_product_entity_text` (`value_id`,`entity_type_id`,`attribute_id`,`store_id`,`entity_id`,`value`) values (124,10,97,0,2457,'In a gorgeous bordeaux leather, three straps keep you secure yet allow the convenience of a slip-on.  This sandal has fully adjustable straps and shock-absorbing EVA sole. Features Birkenstock\'s classic suede-lined cork/latex footbed.'),(125,10,97,0,2458,'Ah, Florida!  Three straps to keep you secure, yet the convenience of a slide-on. This sandal has fully adjustable straps, shock-absorbing EVA sole, and features Birkenstock\'s classic suede-lined cork/latex footbed.'),(126,10,97,0,2459,'In a beautiful cocoa nubuck leather, three straps keep you secure yet allow the convenience of a slip-on.  Top grain cowhide has been buffed to create a soft velvety finish.  This sandal has fully adjustable straps and shock-absorbing EVA sole. Features Birkenstock\'s special suede-lined cork/latex footbed with a high arch support for those individuals who require it.'),(127,10,97,0,2460,'The perfect sexy thong sandal for hot summer days! Gizeh gives you great arch support while cooling your heels ... and toes.  Has a fully adjustable vamp strap and shock-absorbing EVA sole.');
insert into `catalog_product_entity_text` (`value_id`,`entity_type_id`,`attribute_id`,`store_id`,`entity_id`,`value`) values (128,10,97,0,2461,'The perfect sexy thong sandal for hot summer days! Gizeh gives you great arch support while cooling your heels ... and toes.  Has a fully adjustable vamp strap and shock-absorbing EVA sole.'),(129,10,97,0,2462,'A feminine cutout pattern on the double straps gives this sandal a dressier look. The straps fit lower on the foot, making it a great way to exercise your feet and legs while looking great!  Has two fully adjustable straps and shock-absorbing EVA sole.'),(130,10,97,0,2463,'A feminine cutout pattern on the double straps gives this sandal a dressier look. The straps fit lower on the foot, making it a great way to exercise your feet and legs while looking great!  Has two fully adjustable straps and shock-absorbing EVA sole.'),(131,10,97,0,2464,'A feminine cutout pattern on the double straps gives this sandal a dressier look. The straps fit lower on the foot, making it a great way to exercise your feet and legs while looking great!  Has two fully adjustable straps and shock-absorbing EVA sole.');
insert into `catalog_product_entity_text` (`value_id`,`entity_type_id`,`attribute_id`,`store_id`,`entity_id`,`value`) values (132,10,97,0,2465,'The perfect flirty summer sandal, giving you Birkenstock support that feels almost like going barefoot!  The more you wear them, the better they fit!  Two adjustable straps are placed low over the toes on a classic contoured cork footbed for comfort.'),(133,10,97,0,2466,'The perfect flirty summer sandal, giving you Birkenstock support that feels almost like going barefoot!  The more you wear them, the better they fit!  Two adjustable straps are placed low over the toes on a classic contoured cork footbed for comfort.'),(134,10,97,0,2467,'The perfect flirty summer sandal, giving you Birkenstock support that feels almost like going barefoot!  The more you wear them, the better they fit!  Two adjustable straps are placed low over the toes on a classic contoured cork footbed for comfort.'),(135,10,97,0,2468,'Find out what everyone is raving about. No smoke, no mirrors, and no gizmos are needed. The comfort and support of these classic Birkenstock sandals are unparalleled. In carefree Birko-Flor, the Milano features Birkenstock\'s super comfy contoured suede-lined cork footbed, adjustable leather back and vamp straps, and a shock-absorbing EVA outsole.  Step into bliss!');
insert into `catalog_product_entity_text` (`value_id`,`entity_type_id`,`attribute_id`,`store_id`,`entity_id`,`value`) values (136,10,97,0,2469,'Find out what everyone is raving about. No smoke, no mirrors, and no gizmos are needed. The comfort and support of these classic Birkenstock sandals are unparalleled. In carefree Birko-Flor, the Milano features Birkenstock\'s super comfy contoured suede-lined cork footbed, adjustable leather back and vamp straps, and a shock-absorbing EVA outsole.  Step into bliss!'),(137,10,97,0,2470,'Find out what everyone is raving about. No smoke, no mirrors, and no gizmos are needed. The comfort and support of these classic Birkenstock sandals are unparalleled. In smooth black leather, the Milano features Birkenstock\'s super comfy contoured suede-lined cork footbed, adjustable leather back and vamp straps, and a shock-absorbing EVA outsole.  Step into bliss!'),(138,10,97,0,2471,'A classic returns! If you missed this traditional Birkenstock style, you might want to buy more than one pair. Front adjustable strap with full wrap ankle strap sandal with the contoured cork/EVA footbed. Completely repairable and resoleable.'),(139,10,97,0,2472,'A classic returns! If you missed this traditional Birkenstock style, you might want to buy more than one pair. Front adjustable strap with full wrap ankle strap sandal with the contoured cork/EVA footbed. Completely repairable and resoleable.'),(140,10,97,0,2473,'Wide-strap sandal in various materials with adjustable strap and shock-absorbing EVA sole.');
insert into `catalog_product_entity_text` (`value_id`,`entity_type_id`,`attribute_id`,`store_id`,`entity_id`,`value`) values (141,10,97,0,2474,'A cross-strap, toe loop sandal with an adjustable strap in silky suede with a shock absorbing EVA sole. Available in narrow and regular widths.'),(142,10,97,0,2475,'A cross-strap, toe loop sandal with an adjustable strap in silky suede with a shock absorbing EVA sole. Available in narrow and regular widths.'),(143,10,97,0,2476,'Classic clog in smooth black leather.  Has an adjustable vamp strap and shock-absorbing EVA outer sole. Features Birkenstock\'s classic suede-lined cork/latex footbed.'),(144,10,97,0,2477,'Classic clog in smooth dark brown leather has an adjustable vamp strap and shock-absorbing EVA outer sole. Features Birkenstock\'s classic suede-lined cork/latex footbed.'),(145,10,97,0,2478,'Classic clog in a variety of materials with adjustable strap and shock-absorbing EVA outer sole. Features Birkenstock\'s classic suede-lined cork/latex footbed. Some colors and materials available with a soft footbed, a high arch or in kids\' sizes.');
insert into `catalog_product_entity_text` (`value_id`,`entity_type_id`,`attribute_id`,`store_id`,`entity_id`,`value`) values (146,10,97,0,2479,'Classic clog in rustic antique peat leather.  The suface is smooth but with a flat finish.  Has an adjustable vamp strap and shock-absorbing EVA outer sole. Features Birkenstock\'s classic suede-lined cork/latex footbed.'),(147,10,97,0,2480,'Classic Boston clog in white leather has an adjustable vamp strap and shock-absorbing EVA outer sole. Features Birkenstock\'s classic suede-lined cork/latex footbed.'),(148,10,97,0,2481,'Classic clog in soft black suede has an adjustable vamp strap and shock-absorbing EVA outer sole. Features Birkenstock\'s classic suede-lined cork/latex footbed. This color is available with a soft footbed.'),(149,10,97,0,2482,'Classic clog in luscious mocha suede with an adjustable vamp strap and shock-absorbing EVA outer sole. Features Birkenstock\'s classic suede-lined cork/latex footbed. This color also available with a soft footbed.'),(150,10,97,0,2483,'Classic clog in soft and comfy taupe suede.  Has an adjustable vamp strap and shock-absorbing EVA outer sole. Features Birkenstock\'s classic suede-lined cork/latex footbed. This color is also available with a Soft Footbed or a High Arch.');
insert into `catalog_product_entity_text` (`value_id`,`entity_type_id`,`attribute_id`,`store_id`,`entity_id`,`value`) values (151,10,97,0,2484,'Classic clog in a soft taupe suede with an adjustable vamp strap and shock-absorbing EVA outer sole. Features Birkenstock\'s suede-lined cork/latex footbed with a high arch.'),(152,10,97,0,2485,'The Classic clog in yummy mocha suede with a stylishly thin, smooth leather strap with buckle across the vamp.  Features Birkenstock\'s classic suede-lined cork/latex footbed.'),(153,10,97,0,2486,'The Classic clog in soft taupe suede with a stylishly thin, smooth leather strap with buckle across the vamp.  Features Birkenstock\'s classic suede-lined cork/latex footbed.'),(154,10,97,0,2487,'Completely enclosed leather shoe with cut out details on each side of the vamp.  Has fully adjustable strap, the classic Birkenstock suede lined footbed and shock-absorbing EVA sole. Also available with an Anti-Slip Sole featuring extra durable slip resistant tread, as well as with Electrostatic Dissipative qualities. Birkenstock ESD products meet current industry standard requirements.');
insert into `catalog_product_entity_text` (`value_id`,`entity_type_id`,`attribute_id`,`store_id`,`entity_id`,`value`) values (155,10,97,0,2488,'Completely enclosed leather shoe with cut out details on each side of the vamp.  Has fully adjustable strap, the classic Birkenstock suede lined footbed and shock-absorbing EVA sole. Also available with an Anti-Slip Sole featuring extra durable slip resistant tread, as well as with Electrostatic Dissipative qualities. Birkenstock ESD products meet current industry standard requirements.'),(156,10,97,0,2489,'Backstrap smooth leather clog with fully adjustable straps, classic suede-lined cork/latex footbed, shock absorbing EVA sole. Also available with special anti-slip two-layer EVA and rubber sole combination allowing for better traction on slippery surfaces. Also available with ESD (electrostatic dissipative) qualities, featuring three rivots to dissipate shock and special ESD soling material. Birkenstock ESD products test and measure within current ESD standard requirements.'),(157,10,97,0,2490,'Set of Three -\r\n\r\nBlack / Stone-Blue -\r\nGrey / Purple-White - \r\nBlack / Pink-Black - (Womens sizes 5-10)\r\n 37% Modal, 16% ANgora, 12% Wool, 33% Nylon, 2% Elastane'),(158,10,97,0,2491,'Thin durable socks that come above your ankles for additional warmth. Slightly thinner-feeling socks come in beautiful soft colors. Made of a 70% bamboo and 30% nylon blend for durability, strength and softness.\r\nSet of three - Bamboo Crew Socks -  Cameo Rose / Chocolate Brown / Creme - (Womens sizes 5-10)');
insert into `catalog_product_entity_text` (`value_id`,`entity_type_id`,`attribute_id`,`store_id`,`entity_id`,`value`) values (159,10,97,0,2492,'Set of three - Lambswool Bowtie Socks - Moss / Black / Red - (Womens Sizes 5-10) - 73%Wool, 18% Nylon, 7% Polyester, 2% Spandex'),(160,10,97,0,2493,'Thin durable socks that come above your ankles for additional warmth. Slightly thinner-feeling socks come in beautiful soft colors. Made of a 70% bamboo and 30% nylon blend for durability, strength and softness.  Women\'s size 1 (5-10).  Men\'s size 1 (5-8).'),(161,10,97,0,2494,'Thin durable socks that come above your ankles for additional warmth. Slightly thinner-feeling socks come in beautiful soft colors. Made of a 70% bamboo and 30% nylon blend for durability, strength and softness.  Women\'s size 1 (5-10).  Men\'s size 1 (5-8).'),(162,10,97,0,2495,'You\'ll love the quality and softness of the only socks found good enough to bear the Birkenstock name!  These year-round socks are exclusively designed to look and feel great with Birkenstock footwear.  44% fine merino wool, 36% nylon, 19% cashmere, 1% Lycra spandex.  Women\'s size 1 (5-10)');
insert into `catalog_product_entity_text` (`value_id`,`entity_type_id`,`attribute_id`,`store_id`,`entity_id`,`value`) values (163,10,97,0,2496,'Soft on your feet, easy on the environment, our Eco Friendly Boot Socks are made with 48% Ecospun fiber, which is spun from recycled plastic bottles, then blended with 50% cotton and 2% spandex, producing a soft, durable boot sock.  These earth-friendly socks look great, feel even better and they\'re helping to keep our earth healthy!'),(164,10,97,0,2497,'Our classic quality socks made with 72% Wool. 19% Nylon, 7% spandex a blend with softness and comfort for the cooler seasons.'),(165,10,97,0,2498,'Thin durable socks that come above your ankles for additional warmth. Slightly thinner-feeling socks come in beautiful soft colors. Made of a 70% bamboo and 30% nylon blend for durability, strength and softness.  Women\'s size 1 (5-10).  Men\'s size 1 (5-8).'),(166,10,97,0,2499,'Thin durable socks that come above your ankles for additional warmth. Slightly thinner-feeling socks come in beautiful soft colors. Made of a 70% bamboo and 30% nylon blend for durability, strength and softness.  Women\'s size 1 (5-10), 2 (10-13).  Men\'s size 1 (5-8), 2 (10-13).');
insert into `catalog_product_entity_text` (`value_id`,`entity_type_id`,`attribute_id`,`store_id`,`entity_id`,`value`) values (167,10,97,0,2500,'You\'ll love the quality and softness of the only socks found good enough to bear the Birkenstock name!  These year-round socks are exclusively designed to look and feel great with Birkenstock footwear.  44% fine merino wool, 36% nylon, 19% cashmere, 1% Lycra spandex.  Women\'s size 1 (5-10), 2 (10-13).  Men\'s size 1 (5-8), 2 (8-12).'),(659,10,97,0,2444,'The A604 from Alpro is a Steel Toe Polyurethane Clog with a removable, replaceable cork footbed. The sole has a deeper tread for improved traction and the Steel Toe passed ANSI Z 41 1999 standards for Class I/75 impact and Class C/75 compression classification.'),(729,10,97,1,2400,'Moccasin stitch lace up, removable cork/latex and hand-stitched Smartlite sole.'),(730,10,97,1,2401,'The Ponte Sor is sleek, black, and totally street. With leather uppers, a removable footbed providing arch and metatarsal support, and flexible rubber soles, the Ponte Sor offers athletic style (with four suede \"racing\" stripes and a red mesh tongue for a hint of contrast) with a casual fit.'),(731,10,97,1,2402,'A men\'s sporty, lace-up sneaker.  Has Footprints removable and anatomically contoured footbed.  Suede upper is breathable, durable and comfortable.  Take a step into comfort you won\'t forget!');
insert into `catalog_product_entity_text` (`value_id`,`entity_type_id`,`attribute_id`,`store_id`,`entity_id`,`value`) values (732,10,97,1,2403,'A men\'s sporty, lace-up sneaker.  Has Footprints removable and anatomically contoured footbed.  Suede upper is breathable, durable and comfortable.  Take a step into comfort you won\'t forget!'),(733,10,97,1,2404,'A men\'s sporty, lace-up sneaker with a removable contoured footbed.'),(734,10,97,1,2405,'An almost-Mary-Jane style shoe with added foot coverage up to the adjustable buckle strap. Subtle, fashionable leather imprints decorate the toe box, and it comes with a removable contoured footbed.'),(735,10,97,1,2406,'Simple yet elegant loafer in smooth leather with zig-zag stitched top seam and stretch vents for easy on/off. Includes removable cork/latex footbed, side-panel goring and new shock-absorbing polyurethane/rubber sole.'),(736,10,97,1,2407,'Moccasin-style loafer goes in and out of the office. Includes removable cork/latex footbed and new shock absorbing polyurethane/rubber sole.'),(737,10,97,1,2408,'A sleek and feminine loafer for in and out of the office. Includes removable cork/latex footbed and a shock absorbing polyurethane sole.');
insert into `catalog_product_entity_text` (`value_id`,`entity_type_id`,`attribute_id`,`store_id`,`entity_id`,`value`) values (738,10,97,1,2409,'Sporty, sleek and urban. This ladies\' slip-on shoe with an adjustable top strap is made for comfort on the go. Includes a removable contoured footbed and a metal shank for added stability. Two widths, light PU-sole.'),(739,10,97,1,2410,'A slick and stylish women\'s sport shoe in rosewood leather.  Top stitching adds interest.  Has a removable cork/latex footbed and a shock absorbing low profile rubber sole.'),(740,10,97,1,2411,'A slick and stylish women\'s sport shoe in deep navy suede.  Top stitching adds interest.  Has a removable cork/latex footbed and a shock absorbing low profile rubber sole.'),(741,10,97,1,2412,'A womens sports shoe / sneaker in Sage Suede with lime yellow accent stripes- Footbed removable cork/latex footbed and a shock absorbing rubber sole.'),(742,10,97,1,2413,'Lace up dress shoes with smooth leather upper, removable cork/latex footbed, a combination leather/rubber sole, and a metal shank for added stability.'),(743,10,97,1,2414,'Ease and comfort are the bywords for this Mary-Jane style shoe in smooth black leather.  Has an adjustable velcro-closure strap, a removable contoured footbed, and a metal shank for added stability.');
insert into `catalog_product_entity_text` (`value_id`,`entity_type_id`,`attribute_id`,`store_id`,`entity_id`,`value`) values (744,10,97,1,2415,'Simple yet elegant loafer in suede with zig-zag stitched top seam and stretch vents for easy on/off. Includes removable cork/latex footbed, side-panel goring and new shock-absorbing polyurethane/rubber sole.'),(745,10,97,1,2416,'A sleek and feminine loafer for in and out of the office. Includes removable cork/latex footbed and a shock absorbing polyurethane sole.'),(746,10,97,1,2417,'A slick and stylish women\'s sport shoe in Black Leather.  Top stitching adds interest.  Has a removable cork/latex footbed and a shock absorbing low profile rubber sole.'),(747,10,97,1,2418,'A womens sports shoe / sneaker in Black Suede with grey accent stripes- Footbed removable cork/latex footbed and a shock absorbing rubber sole.'),(748,10,97,1,2419,'Lace up dress shoes with smooth leather upper, removable cork/latex footbed, a combination leather/rubber sole, and a metal shank for added stability.'),(749,10,97,1,2420,'A Mary-Jane style shoe with dainty adjustable buckle strap.  Leather uppers, removable contoured cork latex footbed, polyurethane sole and a metal shank for added stability.');
insert into `catalog_product_entity_text` (`value_id`,`entity_type_id`,`attribute_id`,`store_id`,`entity_id`,`value`) values (750,10,97,1,2421,'A ladies\' sporty lace-up oxford with a slimmer sole for a sleek look.  Has a removable contoured footbed, while the padded tongue and collar add extra comfort on a low profile outsole.  Also has a metal shank for added stability.'),(751,10,97,1,2422,'A sleek and feminine loafer for in and out of the office. Includes removable contoured cork/latex footbed and a shock absorbing polyurethane sole.'),(752,10,97,1,2423,'Women\'s sport shoe in grey suede with removable cork/latex footbed and a shock absorbing rubber sole.'),(753,10,97,1,2424,'A womens sports shoe / sneaker in Blue Suede with paler blue accent stripes- Removable cork/latex footbed and a shock absorbing rubber sole.'),(754,10,97,1,2425,'An almost-Mary-Jane style shoe with added foot coverage up to the adjustable buckle strap. Subtle, fashionable leather imprints decorate the toe box, and it comes with a removable contoured footbed.'),(755,10,97,1,2426,'A ladies\' sporty lace-up oxford with a slimmer sole for a sleek look.  Has a removable contoured footbed, while the padded tongue and collar add extra comfort on a low profile outsole.  Also has a metal shank for added stability.');
insert into `catalog_product_entity_text` (`value_id`,`entity_type_id`,`attribute_id`,`store_id`,`entity_id`,`value`) values (756,10,97,1,2427,'Sporty, sleek and urban. This ladies\' slip-on shoe with an adjustable top strap is made for comfort on the go. Includes a removable contoured footbed and a metal shank for added stability. Two widths, light PU-sole'),(757,10,97,1,2428,'A slick and stylish women\'s sport shoe in rich brown suede.  Top stitching adds interest.  Has a removable cork/latex footbed and a shock absorbing low profile rubber sole.'),(758,10,97,1,2429,'An urban twist on classic styling. This Mary Jane style is adjustable and has a metal shank for added stability. We offer the Scarlet lined with cambrelle for its wicking and antimicrobial benefits and the black with traditional pigskin. Built on our fluid outsole.'),(759,10,97,1,2430,'A casual slip on with contrasting stitching and double goring for adjustability. Also has a hidden internal collar padding, metal shank for added stability, and fluid outsole. Lined with cambrelle for wicking and antimicrobial benefits.');
insert into `catalog_product_entity_text` (`value_id`,`entity_type_id`,`attribute_id`,`store_id`,`entity_id`,`value`) values (760,10,97,1,2431,'An elegant suede ankle-length boot for the discriminating taste.  Lined with Carnival, a Synthetic Liner that allows the feet to breath while providing warmth and wicking ability. Outsoul is made of dense, rugged rubber tread for excellent traction, gripping and long wear. Removable Natural Cork/Latex footbed.'),(761,10,97,1,2432,'Enjoy your walk and let Footprints take care of your feet with this casual light hiker, great for day hikes on the trail or around town. Removable cork/latex footbed, rust-proof eyelets and oxford lacing. Features dense rubber tread to ensure excellent traction and long wear, and a synthetic shank made of Bergamid nylon for added stability.'),(762,10,97,1,2433,'Enjoy your walk and let Footprints take care of your feet with this casual light hiker, great for day hikes on the trail or around town. Removable cork/latex footbed, rust-proof eyelets and oxford lacing. Features dense rubber tread to ensure excellent traction and long wear, and a synthetic shank made of Bergamid nylon for added stability.'),(763,10,97,1,2434,'Rugged ankle-high hiking boot with removable cork/latex footbed, half-gussetted tongue, rustproof eyelets, a dense rubber tread to ensure excellent traction and long wear, and a synthetic shank for added stability. The synthetic shank is made of Bergamid, a type of nylon.');
insert into `catalog_product_entity_text` (`value_id`,`entity_type_id`,`attribute_id`,`store_id`,`entity_id`,`value`) values (764,10,97,1,2435,'Rugged ankle-high hiking boot with removable cork/latex footbed, half-gussetted tongue, rustproof eyelets, a dense rubber tread to ensure excellent traction and long wear, and a synthetic shank for added stability. The synthetic shank is made of Bergamid, a type of nylon.'),(765,10,97,1,2436,'Rugged and waterproof high-top hiking boot for maximum ankle support. Features removable cork/latex footbed, half-gussetted tongue, rustproof eyelets, and dense rubber tread to ensure excellent traction and long wear. Made with Sympatex, a waterproof, breathable material that keeps feet dry while allowing moisture from perspiration to pass through. Also has a metal shank for added stability.'),(766,10,97,1,2437,'Rugged and waterproof high-top hiking boot for maximum ankle support. Features removable cork/latex footbed, half-gussetted tongue, rustproof eyelets, and dense rubber tread to ensure excellent traction and long wear. Made with Sympatex, a waterproof, breathable material that keeps feet dry while allowing moisture from perspiration to pass through. Also has a metal shank for added stability.');
insert into `catalog_product_entity_text` (`value_id`,`entity_type_id`,`attribute_id`,`store_id`,`entity_id`,`value`) values (767,10,97,1,2438,'Rugged and waterproof high-top hiking boot for maximum ankle support. Features removable cork/latex footbed, half-gussetted tongue, rustproof eyelets, and dense rubber tread to ensure excellent traction and long wear. Made with Sympatex, a waterproof, breathable material that keeps feet dry while allowing moisture from perspiration to pass through. Also has a synthetic shank for added stability, made of Bergamid, a type of nylon.'),(768,10,97,1,2439,'Rugged and waterproof high-top hiking boot for maximum ankle support. Features removable cork/latex footbed, half-gussetted tongue, rustproof eyelets, and dense rubber tread to ensure excellent traction and long wear. Made with Sympatex, a waterproof, breathable material that keeps feet dry while allowing moisture from perspiration to pass through. Also has a synthetic shank for added stability, made of Bergamid, a type of nylon.'),(769,10,97,1,2440,'Euro-style professional shoe with a flexible cork/latex footbed and shock-absorbing sole. Polyurethane coated leather uppers are heat, cold, acid and chemical resistant. Velcro closures provide a custom fit.'),(770,10,97,1,2441,'Euro-style professional shoe with a flexible cork/latex footbed and shock-absorbing sole. Polyurethane coated leather uppers are heat, cold, acid and chemical resistant. Velcro closures provide a custom fit.');
insert into `catalog_product_entity_text` (`value_id`,`entity_type_id`,`attribute_id`,`store_id`,`entity_id`,`value`) values (771,10,97,1,2442,'Professional clog with adjustable back and vamp straps on a sporty, polyurethane sole with deeper tread for improved traction. This clog offers a heel pad in the footbed and upper leather is coated with polyurethane to provide heat, cold, acid and chemical resistance.'),(772,10,97,1,2443,'Professional clog with adjustable back and vamp straps on a sporty, polyurethane sole with deeper tread for improved traction. This clog offers a heel pad in the footbed and upper leather is coated with polyurethane to provide heat, cold, acid and chemical resistance.'),(773,10,97,1,2445,'The A604 from Alpro is a Steel Toe Polyurethane Clog with a removable, replaceable cork footbed. The sole has a deeper tread for improved traction and the Steel Toe passed ANSI Z 41 1999 standards for Class I/75 impact and Class C/75 compression classification.'),(774,10,97,1,2446,'Our most popular style, providing long term comfort and arch support to any casual, flat footwear. Contoured arches and deep heel cup can help relieve heel pain and plantar fasciitis symptoms. Like the Heeled Blue Footbed, it has a silk lining that absorbs moisture and is hand-washable. Casual Blue Footbed is available in narrow, medium and wide widths. \r\nCasual - For flat/low heeled footwear.');
insert into `catalog_product_entity_text` (`value_id`,`entity_type_id`,`attribute_id`,`store_id`,`entity_id`,`value`) values (775,10,97,1,2447,'A popular style that provides long term comfort and arch support to any heeled footwear (up to 1\" heels). Contoured arches and deep heel cup can help relieve heel pain and plantar fasciitis symptoms. Similar to the Casual Blue Footbed, this heeled version has silk lining that absorbs moisture and is hand-washable. Heeled Blue Footbed is available in narrow, medium and wide widths. \r\nHeeled - For heeled footwear up to 1\".'),(776,10,97,1,2448,'Arch support with natural cork and EVA. It features a deep molded heel cup, pronounced medial arch support and moderate metatarsal support.\r\n\r\nSupports the medial arch - Can help with problems such as fallen arches and over-pronation.\r\nSupports the ball of the foot - Helps maintain the natural curvature necessary for optimal weight-bearing and transfer.\r\nProvides proper alignment - Balances foot impact areas. Can reduce fatigue and increase life of footwear. \r\nHigh Flanges - Increases stability. Helps control excessive pronation and/or supination.\r\nDeep Heel Cup - Cushions and protects the heel bone. Can relieve heel pain symptoms. Provides natural cushioning and shock absorption.');
insert into `catalog_product_entity_text` (`value_id`,`entity_type_id`,`attribute_id`,`store_id`,`entity_id`,`value`) values (777,10,97,1,2449,'Arch support with natural cork and EVA. It features a deep molded heel cup, pronounced medial arch support and moderate metatarsal support.\r\nSupports the medial arch - Can help with problems such as fallen arches and over-pronation.\r\nSupports the ball of the foot - Helps maintain the natural curvature necessary for optimal weight-bearing and transfer.\r\nProvides proper alignment - Balances foot impact areas. Can reduce fatigue and increase life of footwear. \r\nLow Flanges - Fits in most shoes. Helps to relieve pressure in bunion area.\r\nHeel Cup - Narrower heel cup than BirkoBalance. Cushions protect heel bone. Can relieve pain symptoms. Provides natural cushioning and shock absorption.'),(778,10,97,1,2450,'A two-piece system that offers support and cushioning. On the bottom is a 3/4-length arch support made from natural cork/EVA. The full length blue innersole is made from EVA foam (BirkoCell) that fits inside the arch support to absorb shock and provide addional support.\r\n\r\nArch Flexible lightweight support. Heel Cup stabilizes and supports foot.  Contoured arches support instep and ball of foot; distributes impact. Toe bar exercises feet and leg muscles. Metatarsal build up provides extra cushioning under the ball of the foot.');
insert into `catalog_product_entity_text` (`value_id`,`entity_type_id`,`attribute_id`,`store_id`,`entity_id`,`value`) values (779,10,97,1,2451,'Breathable full-length footbed insole is anatomically shaped with a shock-absorbing, flexible forefoot area, and relieves foot strain from high-impact sports. It features a deep heel cup, moderate longitudinal (medial and lateral) arches and moderate metatarsal support. \r\nProvides proper alignment. Flexible to support lateral movement. Balances foot impact areas. Reduces fatigue. Can increase life of footwear. Supports instep and ball of foot.  Protects heel bone. Can relieve heel pain symptoms. Provides natural cushioning and shock absorption.  Hypoallergenic. Absorbs moisture and keeps feet dry.'),(780,10,97,1,2452,'Super Birki Clog - Replacement Cork Footbed'),(781,10,97,1,2453,'Replacement Cork Footbed for Outdoor Birki Clogs'),(782,10,97,1,2454,'A cross-strap, toe loop sandal with an adjustable strap in silky suede with a shock absorbing EVA sole. Available in narrow and regular widths.'),(783,10,97,1,2455,'In a beautiful cocoa nubuck leather, three straps keep you secure yet allow the convenience of a slip-on.  Top grain cowhide has been buffed to create a soft velvety finish.  This sandal has fully adjustable straps and shock-absorbing EVA sole. Features Birkenstock\'s classic suede-lined cork/latex footbed.'),(784,10,97,1,2456,'In a buttery smooth black leather, three straps keep you secure yet allow the convenience of a slip-on. This sandal has fully adjustable straps and shock-absorbing EVA sole. Features Birkenstock\'s classic suede-lined cork/latex footbed.');
insert into `catalog_product_entity_text` (`value_id`,`entity_type_id`,`attribute_id`,`store_id`,`entity_id`,`value`) values (785,10,97,1,2457,'In a gorgeous bordeaux leather, three straps keep you secure yet allow the convenience of a slip-on.  This sandal has fully adjustable straps and shock-absorbing EVA sole. Features Birkenstock\'s classic suede-lined cork/latex footbed.'),(786,10,97,1,2458,'Ah, Florida!  Three straps to keep you secure, yet the convenience of a slide-on. This sandal has fully adjustable straps, shock-absorbing EVA sole, and features Birkenstock\'s classic suede-lined cork/latex footbed.'),(787,10,97,1,2459,'In a beautiful cocoa nubuck leather, three straps keep you secure yet allow the convenience of a slip-on.  Top grain cowhide has been buffed to create a soft velvety finish.  This sandal has fully adjustable straps and shock-absorbing EVA sole. Features Birkenstock\'s special suede-lined cork/latex footbed with a high arch support for those individuals who require it.'),(788,10,97,1,2460,'The perfect sexy thong sandal for hot summer days! Gizeh gives you great arch support while cooling your heels ... and toes.  Has a fully adjustable vamp strap and shock-absorbing EVA sole.');
insert into `catalog_product_entity_text` (`value_id`,`entity_type_id`,`attribute_id`,`store_id`,`entity_id`,`value`) values (789,10,97,1,2461,'The perfect sexy thong sandal for hot summer days! Gizeh gives you great arch support while cooling your heels ... and toes.  Has a fully adjustable vamp strap and shock-absorbing EVA sole.'),(790,10,97,1,2462,'A feminine cutout pattern on the double straps gives this sandal a dressier look. The straps fit lower on the foot, making it a great way to exercise your feet and legs while looking great!  Has two fully adjustable straps and shock-absorbing EVA sole.'),(791,10,97,1,2463,'A feminine cutout pattern on the double straps gives this sandal a dressier look. The straps fit lower on the foot, making it a great way to exercise your feet and legs while looking great!  Has two fully adjustable straps and shock-absorbing EVA sole.'),(792,10,97,1,2464,'A feminine cutout pattern on the double straps gives this sandal a dressier look. The straps fit lower on the foot, making it a great way to exercise your feet and legs while looking great!  Has two fully adjustable straps and shock-absorbing EVA sole.');
insert into `catalog_product_entity_text` (`value_id`,`entity_type_id`,`attribute_id`,`store_id`,`entity_id`,`value`) values (793,10,97,1,2465,'The perfect flirty summer sandal, giving you Birkenstock support that feels almost like going barefoot!  The more you wear them, the better they fit!  Two adjustable straps are placed low over the toes on a classic contoured cork footbed for comfort.'),(794,10,97,1,2466,'The perfect flirty summer sandal, giving you Birkenstock support that feels almost like going barefoot!  The more you wear them, the better they fit!  Two adjustable straps are placed low over the toes on a classic contoured cork footbed for comfort.'),(795,10,97,1,2467,'The perfect flirty summer sandal, giving you Birkenstock support that feels almost like going barefoot!  The more you wear them, the better they fit!  Two adjustable straps are placed low over the toes on a classic contoured cork footbed for comfort.'),(796,10,97,1,2468,'Find out what everyone is raving about. No smoke, no mirrors, and no gizmos are needed. The comfort and support of these classic Birkenstock sandals are unparalleled. In carefree Birko-Flor, the Milano features Birkenstock\'s super comfy contoured suede-lined cork footbed, adjustable leather back and vamp straps, and a shock-absorbing EVA outsole.  Step into bliss!');
insert into `catalog_product_entity_text` (`value_id`,`entity_type_id`,`attribute_id`,`store_id`,`entity_id`,`value`) values (797,10,97,1,2469,'Find out what everyone is raving about. No smoke, no mirrors, and no gizmos are needed. The comfort and support of these classic Birkenstock sandals are unparalleled. In carefree Birko-Flor, the Milano features Birkenstock\'s super comfy contoured suede-lined cork footbed, adjustable leather back and vamp straps, and a shock-absorbing EVA outsole.  Step into bliss!'),(798,10,97,1,2470,'Find out what everyone is raving about. No smoke, no mirrors, and no gizmos are needed. The comfort and support of these classic Birkenstock sandals are unparalleled. In smooth black leather, the Milano features Birkenstock\'s super comfy contoured suede-lined cork footbed, adjustable leather back and vamp straps, and a shock-absorbing EVA outsole.  Step into bliss!'),(799,10,97,1,2471,'A classic returns! If you missed this traditional Birkenstock style, you might want to buy more than one pair. Front adjustable strap with full wrap ankle strap sandal with the contoured cork/EVA footbed. Completely repairable and resoleable.'),(800,10,97,1,2472,'A classic returns! If you missed this traditional Birkenstock style, you might want to buy more than one pair. Front adjustable strap with full wrap ankle strap sandal with the contoured cork/EVA footbed. Completely repairable and resoleable.'),(801,10,97,1,2473,'Wide-strap sandal in various materials with adjustable strap and shock-absorbing EVA sole.');
insert into `catalog_product_entity_text` (`value_id`,`entity_type_id`,`attribute_id`,`store_id`,`entity_id`,`value`) values (802,10,97,1,2474,'A cross-strap, toe loop sandal with an adjustable strap in silky suede with a shock absorbing EVA sole. Available in narrow and regular widths.'),(803,10,97,1,2475,'A cross-strap, toe loop sandal with an adjustable strap in silky suede with a shock absorbing EVA sole. Available in narrow and regular widths.'),(804,10,97,1,2476,'Classic clog in smooth black leather.  Has an adjustable vamp strap and shock-absorbing EVA outer sole. Features Birkenstock\'s classic suede-lined cork/latex footbed.'),(805,10,97,1,2477,'Classic clog in smooth dark brown leather has an adjustable vamp strap and shock-absorbing EVA outer sole. Features Birkenstock\'s classic suede-lined cork/latex footbed.'),(806,10,97,1,2478,'Classic clog in a variety of materials with adjustable strap and shock-absorbing EVA outer sole. Features Birkenstock\'s classic suede-lined cork/latex footbed. Some colors and materials available with a soft footbed, a high arch or in kids\' sizes.');
insert into `catalog_product_entity_text` (`value_id`,`entity_type_id`,`attribute_id`,`store_id`,`entity_id`,`value`) values (807,10,97,1,2479,'Classic clog in rustic antique peat leather.  The suface is smooth but with a flat finish.  Has an adjustable vamp strap and shock-absorbing EVA outer sole. Features Birkenstock\'s classic suede-lined cork/latex footbed.'),(808,10,97,1,2480,'Classic Boston clog in white leather has an adjustable vamp strap and shock-absorbing EVA outer sole. Features Birkenstock\'s classic suede-lined cork/latex footbed.'),(809,10,97,1,2481,'Classic clog in soft black suede has an adjustable vamp strap and shock-absorbing EVA outer sole. Features Birkenstock\'s classic suede-lined cork/latex footbed. This color is available with a soft footbed.'),(810,10,97,1,2482,'Classic clog in luscious mocha suede with an adjustable vamp strap and shock-absorbing EVA outer sole. Features Birkenstock\'s classic suede-lined cork/latex footbed. This color also available with a soft footbed.'),(811,10,97,1,2483,'Classic clog in soft and comfy taupe suede.  Has an adjustable vamp strap and shock-absorbing EVA outer sole. Features Birkenstock\'s classic suede-lined cork/latex footbed. This color is also available with a Soft Footbed or a High Arch.');
insert into `catalog_product_entity_text` (`value_id`,`entity_type_id`,`attribute_id`,`store_id`,`entity_id`,`value`) values (812,10,97,1,2484,'Classic clog in a soft taupe suede with an adjustable vamp strap and shock-absorbing EVA outer sole. Features Birkenstock\'s suede-lined cork/latex footbed with a high arch.'),(813,10,97,1,2485,'The Classic clog in yummy mocha suede with a stylishly thin, smooth leather strap with buckle across the vamp.  Features Birkenstock\'s classic suede-lined cork/latex footbed.'),(814,10,97,1,2486,'The Classic clog in soft taupe suede with a stylishly thin, smooth leather strap with buckle across the vamp.  Features Birkenstock\'s classic suede-lined cork/latex footbed.'),(815,10,97,1,2487,'Completely enclosed leather shoe with cut out details on each side of the vamp.  Has fully adjustable strap, the classic Birkenstock suede lined footbed and shock-absorbing EVA sole. Also available with an Anti-Slip Sole featuring extra durable slip resistant tread, as well as with Electrostatic Dissipative qualities. Birkenstock ESD products meet current industry standard requirements.');
insert into `catalog_product_entity_text` (`value_id`,`entity_type_id`,`attribute_id`,`store_id`,`entity_id`,`value`) values (816,10,97,1,2488,'Completely enclosed leather shoe with cut out details on each side of the vamp.  Has fully adjustable strap, the classic Birkenstock suede lined footbed and shock-absorbing EVA sole. Also available with an Anti-Slip Sole featuring extra durable slip resistant tread, as well as with Electrostatic Dissipative qualities. Birkenstock ESD products meet current industry standard requirements.'),(817,10,97,1,2489,'Backstrap smooth leather clog with fully adjustable straps, classic suede-lined cork/latex footbed, shock absorbing EVA sole. Also available with special anti-slip two-layer EVA and rubber sole combination allowing for better traction on slippery surfaces. Also available with ESD (electrostatic dissipative) qualities, featuring three rivots to dissipate shock and special ESD soling material. Birkenstock ESD products test and measure within current ESD standard requirements.'),(818,10,97,1,2490,'Set of Three -\r\n\r\nBlack / Stone-Blue -\r\nGrey / Purple-White - \r\nBlack / Pink-Black - (Womens sizes 5-10)\r\n 37% Modal, 16% ANgora, 12% Wool, 33% Nylon, 2% Elastane'),(819,10,97,1,2491,'Thin durable socks that come above your ankles for additional warmth. Slightly thinner-feeling socks come in beautiful soft colors. Made of a 70% bamboo and 30% nylon blend for durability, strength and softness.\r\nSet of three - Bamboo Crew Socks -  Cameo Rose / Chocolate Brown / Creme - (Womens sizes 5-10)');
insert into `catalog_product_entity_text` (`value_id`,`entity_type_id`,`attribute_id`,`store_id`,`entity_id`,`value`) values (820,10,97,1,2492,'Set of three - Lambswool Bowtie Socks - Moss / Black / Red - (Womens Sizes 5-10) - 73%Wool, 18% Nylon, 7% Polyester, 2% Spandex'),(821,10,97,1,2493,'Thin durable socks that come above your ankles for additional warmth. Slightly thinner-feeling socks come in beautiful soft colors. Made of a 70% bamboo and 30% nylon blend for durability, strength and softness.  Women\'s size 1 (5-10).  Men\'s size 1 (5-8).'),(822,10,97,1,2494,'Thin durable socks that come above your ankles for additional warmth. Slightly thinner-feeling socks come in beautiful soft colors. Made of a 70% bamboo and 30% nylon blend for durability, strength and softness.  Women\'s size 1 (5-10).  Men\'s size 1 (5-8).'),(823,10,97,1,2495,'You\'ll love the quality and softness of the only socks found good enough to bear the Birkenstock name!  These year-round socks are exclusively designed to look and feel great with Birkenstock footwear.  44% fine merino wool, 36% nylon, 19% cashmere, 1% Lycra spandex.  Women\'s size 1 (5-10)');
insert into `catalog_product_entity_text` (`value_id`,`entity_type_id`,`attribute_id`,`store_id`,`entity_id`,`value`) values (824,10,97,1,2496,'Soft on your feet, easy on the environment, our Eco Friendly Boot Socks are made with 48% Ecospun fiber, which is spun from recycled plastic bottles, then blended with 50% cotton and 2% spandex, producing a soft, durable boot sock.  These earth-friendly socks look great, feel even better and they\'re helping to keep our earth healthy!'),(825,10,97,1,2497,'Our classic quality socks made with 72% Wool. 19% Nylon, 7% spandex a blend with softness and comfort for the cooler seasons.'),(826,10,97,1,2498,'Thin durable socks that come above your ankles for additional warmth. Slightly thinner-feeling socks come in beautiful soft colors. Made of a 70% bamboo and 30% nylon blend for durability, strength and softness.  Women\'s size 1 (5-10).  Men\'s size 1 (5-8).'),(827,10,97,1,2499,'Thin durable socks that come above your ankles for additional warmth. Slightly thinner-feeling socks come in beautiful soft colors. Made of a 70% bamboo and 30% nylon blend for durability, strength and softness.  Women\'s size 1 (5-10), 2 (10-13).  Men\'s size 1 (5-8), 2 (10-13).');
insert into `catalog_product_entity_text` (`value_id`,`entity_type_id`,`attribute_id`,`store_id`,`entity_id`,`value`) values (828,10,97,1,2500,'You\'ll love the quality and softness of the only socks found good enough to bear the Birkenstock name!  These year-round socks are exclusively designed to look and feel great with Birkenstock footwear.  44% fine merino wool, 36% nylon, 19% cashmere, 1% Lycra spandex.  Women\'s size 1 (5-10), 2 (10-13).  Men\'s size 1 (5-8), 2 (8-12).'),(928,10,97,1,2444,'The A604 from Alpro is a Steel Toe Polyurethane Clog with a removable, replaceable cork footbed. The sole has a deeper tread for improved traction and the Steel Toe passed ANSI Z 41 1999 standards for Class I/75 impact and Class C/75 compression classification.');

/*Table structure for table `catalog_product_entity_tier_price` */

DROP TABLE IF EXISTS `catalog_product_entity_tier_price`;

CREATE TABLE `catalog_product_entity_tier_price` (
  `value_id` int(11) NOT NULL auto_increment,
  `entity_type_id` mediumint(8) unsigned NOT NULL default '0',
  `attribute_id` smallint(5) unsigned NOT NULL default '0',
  `store_id` smallint(5) unsigned NOT NULL default '0',
  `entity_id` int(10) unsigned NOT NULL default '0',
  `qty` smallint(5) unsigned NOT NULL default '1',
  `value` decimal(12,4) NOT NULL default '0.0000',
  PRIMARY KEY  (`value_id`),
  KEY `FK_CATALOG_PRODUCT_ENTITY_TIER_PRICE_ATTRIBUTE` (`attribute_id`),
  KEY `FK_CATALOG_PRODUCT_ENTITY_TIER_PRICE_STORE` (`store_id`),
  KEY `FK_CATALOG_PRODUCT_ENTITY_TIER_PRICE_PRODUCT_ENTITY` (`entity_id`),
  CONSTRAINT `FK_CATALOG_PRODUCT_ENTITY_TIER_PRICE_PRODUCT_ENTITY` FOREIGN KEY (`entity_id`) REFERENCES `catalog_product_entity` (`entity_id`) ON DELETE CASCADE ON UPDATE CASCADE,
  CONSTRAINT `FK_CATALOG_PRODUCT_ENTITY_TIER_PRICE_ATTRIBUTE` FOREIGN KEY (`attribute_id`) REFERENCES `eav_attribute` (`attribute_id`) ON DELETE CASCADE ON UPDATE CASCADE,
  CONSTRAINT `FK_CATALOG_PRODUCT_ENTITY_TIER_PRICE_STORE` FOREIGN KEY (`store_id`) REFERENCES `core_store` (`store_id`) ON DELETE CASCADE ON UPDATE CASCADE
) ENGINE=InnoDB DEFAULT CHARSET=utf8;

/*Data for the table `catalog_product_entity_tier_price` */

/*Table structure for table `catalog_product_entity_varchar` */

DROP TABLE IF EXISTS `catalog_product_entity_varchar`;

CREATE TABLE `catalog_product_entity_varchar` (
  `value_id` int(11) NOT NULL auto_increment,
  `entity_type_id` mediumint(8) unsigned NOT NULL default '0',
  `attribute_id` smallint(5) unsigned NOT NULL default '0',
  `store_id` smallint(5) unsigned NOT NULL default '0',
  `entity_id` int(10) unsigned NOT NULL default '0',
  `value` varchar(255) NOT NULL default '',
  PRIMARY KEY  (`value_id`),
  KEY `FK_CATALOG_PRODUCT_ENTITY_VARCHAR_ATTRIBUTE` (`attribute_id`),
  KEY `FK_CATALOG_PRODUCT_ENTITY_VARCHAR_STORE` (`store_id`),
  KEY `FK_CATALOG_PRODUCT_ENTITY_VARCHAR_PRODUCT_ENTITY` (`entity_id`),
  CONSTRAINT `FK_CATALOG_PRODUCT_ENTITY_VARCHAR_PRODUCT_ENTITY` FOREIGN KEY (`entity_id`) REFERENCES `catalog_product_entity` (`entity_id`) ON DELETE CASCADE ON UPDATE CASCADE,
  CONSTRAINT `FK_CATALOG_PRODUCT_ENTITY_VARCHAR_ATTRIBUTE` FOREIGN KEY (`attribute_id`) REFERENCES `eav_attribute` (`attribute_id`) ON DELETE CASCADE ON UPDATE CASCADE,
  CONSTRAINT `FK_CATALOG_PRODUCT_ENTITY_VARCHAR_STORE` FOREIGN KEY (`store_id`) REFERENCES `core_store` (`store_id`) ON DELETE CASCADE ON UPDATE CASCADE
) ENGINE=InnoDB DEFAULT CHARSET=utf8;

/*Data for the table `catalog_product_entity_varchar` */

insert into `catalog_product_entity_varchar` (`value_id`,`entity_type_id`,`attribute_id`,`store_id`,`entity_id`,`value`) values (68,10,96,0,2400,'Footprints - Wicklow - Wheat Leather'),(69,10,96,0,2401,'Footprints - Ponte Sor - Black Suede / Red Leather'),(70,10,96,0,2402,'Footprints - Santarem - Black Suede'),(71,10,96,0,2403,'Footprints - Santarem - Graystone Suede'),(72,10,96,0,2404,'Footprints - Santarem - Mocha Suede'),(73,10,96,0,2405,'Alma - Black Leather'),(74,10,96,0,2406,'Footprints - Cambria - Black Leather'),(75,10,96,0,2407,'Footprints - Natoma - Brown Leather'),(76,10,96,0,2408,'Footprints - Pavia - Black Leather'),(77,10,96,0,2409,'Footprints - Tirano - Black Leather'),(78,10,96,0,2410,'Footprints - Chesterfield - Rosewood Leather'),(79,10,96,0,2411,'Footprints - Chesterfield - Navy Suede'),(80,10,96,0,2412,'Footprints - Darlington - Sage Suede'),(81,10,96,0,2413,'Footprints - Kensington - Black Leather'),(82,10,96,0,2414,'Footprints - Annapolis - Black Leather'),(83,10,96,0,2415,'Footprints - Cambria - Pinecone Suede'),(84,10,96,0,2416,'Footprints - Pavia - Navy Leather'),(85,10,96,0,2417,'Footprints - Chesterfield - Black Leather'),(86,10,96,0,2418,'Footprints - Darlington - Black Suede');
insert into `catalog_product_entity_varchar` (`value_id`,`entity_type_id`,`attribute_id`,`store_id`,`entity_id`,`value`) values (87,10,96,0,2419,'Footprints - Kensington - Brown Leather'),(88,10,96,0,2420,'Footprints - Eden - Black Leather'),(89,10,96,0,2421,'Footprints - Padua - Black Suede'),(90,10,96,0,2422,'Footprints - Pavia - Teak Leather'),(91,10,96,0,2423,'Footprints - Chesterfield - Greystone Suede'),(92,10,96,0,2424,'Footprints - Darlington - Bluestone Suede'),(93,10,96,0,2425,'Alma - Teak Leather'),(94,10,96,0,2426,'Footprints - Padua - Mocha Suede'),(95,10,96,0,2427,'Footprints - Tirano - Pinecone Mustard Leather'),(96,10,96,0,2428,'Footprints - Chesterfield - Brown Suede'),(97,10,96,0,2429,'Footprints - Avila - Black Leather'),(98,10,96,0,2430,'Footprints - Zamora - Black Leather'),(99,10,96,0,2431,'Footprints - Cervello - Beige Suede'),(100,10,96,0,2432,'Footprints - Cuenca - Stone Nubuck'),(101,10,96,0,2433,'Footprints - Cuenca - Brown Leather'),(102,10,96,0,2434,'Footprints - Alpine - Almond Nubuck Leather'),(103,10,96,0,2435,'Footprints - Alpine - Chocolate Leather'),(104,10,96,0,2436,'Footprints - Rockford - Brown Nubuck Leather'),(105,10,96,0,2437,'Footprints - Rockford - Dark Brown Leather'),(106,10,96,0,2438,'Footprints - Sierra - Coffee Brown Nubuck Leather');
insert into `catalog_product_entity_varchar` (`value_id`,`entity_type_id`,`attribute_id`,`store_id`,`entity_id`,`value`) values (107,10,96,0,2439,'Footprints - Sierra - Steel Gray Suede'),(108,10,96,0,2440,'G500 - Professional - White Leather'),(109,10,96,0,2441,'G500 - Professional - Black Leather'),(110,10,96,0,2442,'C211 - Black Alpro Leather'),(111,10,96,0,2443,'C211 - White Alpro Leather'),(112,10,96,0,2445,'A604 - Professional - White Polyurethane - Steel Toe'),(113,10,96,0,2446,'Blue Footbed - Casual'),(114,10,96,0,2447,'Blue Footbed - Heeled'),(115,10,96,0,2448,'Birkobalance - Deep Heel Cup'),(116,10,96,0,2449,'Birkomotion - Arch Support for Active Footwear'),(117,10,96,0,2450,'Birkosport -  Arch Support for Sport Shoes'),(118,10,96,0,2451,'BirkoActive - Full-length arch support for outdoor fun'),(119,10,96,0,2452,'Super Birki Clog - Replacement Footbed'),(120,10,96,0,2453,'Outdoor Birki Clog - Replacement Footbed'),(121,10,96,0,2454,'Tabora - Navy Silky Suede'),(122,10,96,0,2455,'Florida - Cocoa Nubuck'),(123,10,96,0,2456,'Florida - Black Leather'),(124,10,96,0,2457,'Florida - Bordeaux Soft Gloss Leather'),(125,10,96,0,2458,'Florida - White Leather'),(126,10,96,0,2459,'Florida - Cocoa Nubuck - Extra High Arch'),(127,10,96,0,2460,'Gizeh - Black Glossy Leather');
insert into `catalog_product_entity_varchar` (`value_id`,`entity_type_id`,`attribute_id`,`store_id`,`entity_id`,`value`) values (128,10,96,0,2461,'Gizeh - Taupe Memphis Leather'),(129,10,96,0,2462,'Granada - Cocoa Nubuck'),(130,10,96,0,2463,'Granada - White Leather'),(131,10,96,0,2464,'Granada - Black Leather'),(132,10,96,0,2465,'Ibiza - Black Leather'),(133,10,96,0,2466,'Ibiza - White Leather'),(134,10,96,0,2467,'Ibiza - Cocoa Nubuck'),(135,10,96,0,2468,'Milano - Black Birko-Flor'),(136,10,96,0,2469,'Milano - Brown Birko-Flor'),(137,10,96,0,2470,'Milano - Black Leather'),(138,10,96,0,2471,'Rio - Black Nubuck Leather'),(139,10,96,0,2472,'Rio - Cocoa Nubuck Leather'),(140,10,96,0,2473,'Zurich - Taupe Suede'),(141,10,96,0,2474,'Tabora - Taupe Suede'),(142,10,96,0,2475,'Tabora - Red Silky Suede'),(143,10,96,0,2476,'Boston Clog - Black Leather'),(144,10,96,0,2477,'Boston Clog - Dark Brown Leather'),(145,10,96,0,2478,'Boston Clog - Gold Metallic Leather'),(146,10,96,0,2479,'Boston Clog - Antique Peat Leather'),(147,10,96,0,2480,'Boston Clog - White Leather'),(148,10,96,0,2481,'Boston Clog - Black Suede'),(149,10,96,0,2482,'Boston Clog - Mocha Suede'),(150,10,96,0,2483,'Boston Clog - Taupe Suede'),(151,10,96,0,2484,'Boston Clog - Taupe Suede - Extra High Arch'),(152,10,96,0,2485,'Eaton Clog - Mocha Suede');
insert into `catalog_product_entity_varchar` (`value_id`,`entity_type_id`,`attribute_id`,`store_id`,`entity_id`,`value`) values (153,10,96,0,2486,'Eaton Clog - Taupe Suede'),(154,10,96,0,2487,'London - Dark Brown Leather'),(155,10,96,0,2488,'London - Black Leather'),(156,10,96,0,2489,'Tokyo Clog - White Leather'),(157,10,96,0,2490,'Angora Argyle Socks - Set of three'),(158,10,96,0,2491,'Bamboo Crew Socks - Set of Three'),(159,10,96,0,2492,'Lambswool Bowtie Socks - Set of three'),(160,10,96,0,2493,'Bamboo Crew Socks - Apricot'),(161,10,96,0,2494,'Bamboo Crew Socks - Star Blue'),(162,10,96,0,2495,'Cashmere Crew Socks -  Pink Blush'),(163,10,96,0,2496,'Eco-Friendly Boot Socks - Earth'),(164,10,96,0,2497,'Classic Sock - Cream with Leaf'),(165,10,96,0,2498,'Bamboo Crew Socks - Celery'),(166,10,96,0,2499,'Bamboo Crew Socks - Root Beer'),(167,10,96,0,2500,'Cashmere Crew Socks - Cloud'),(659,10,96,0,2444,'A604 - Professional - Black Polyurethane - Steel Toe'),(729,10,96,1,2400,'Footprints - Wicklow - Wheat Leather'),(730,10,96,1,2401,'Footprints - Ponte Sor - Black Suede / Red Leather'),(731,10,96,1,2402,'Footprints - Santarem - Black Suede'),(732,10,96,1,2403,'Footprints - Santarem - Graystone Suede'),(733,10,96,1,2404,'Footprints - Santarem - Mocha Suede'),(734,10,96,1,2405,'Alma - Black Leather');
insert into `catalog_product_entity_varchar` (`value_id`,`entity_type_id`,`attribute_id`,`store_id`,`entity_id`,`value`) values (735,10,96,1,2406,'Footprints - Cambria - Black Leather'),(736,10,96,1,2407,'Footprints - Natoma - Brown Leather'),(737,10,96,1,2408,'Footprints - Pavia - Black Leather'),(738,10,96,1,2409,'Footprints - Tirano - Black Leather'),(739,10,96,1,2410,'Footprints - Chesterfield - Rosewood Leather'),(740,10,96,1,2411,'Footprints - Chesterfield - Navy Suede'),(741,10,96,1,2412,'Footprints - Darlington - Sage Suede'),(742,10,96,1,2413,'Footprints - Kensington - Black Leather'),(743,10,96,1,2414,'Footprints - Annapolis - Black Leather'),(744,10,96,1,2415,'Footprints - Cambria - Pinecone Suede'),(745,10,96,1,2416,'Footprints - Pavia - Navy Leather'),(746,10,96,1,2417,'Footprints - Chesterfield - Black Leather'),(747,10,96,1,2418,'Footprints - Darlington - Black Suede'),(748,10,96,1,2419,'Footprints - Kensington - Brown Leather'),(749,10,96,1,2420,'Footprints - Eden - Black Leather'),(750,10,96,1,2421,'Footprints - Padua - Black Suede'),(751,10,96,1,2422,'Footprints - Pavia - Teak Leather'),(752,10,96,1,2423,'Footprints - Chesterfield - Greystone Suede'),(753,10,96,1,2424,'Footprints - Darlington - Bluestone Suede'),(754,10,96,1,2425,'Alma - Teak Leather');
insert into `catalog_product_entity_varchar` (`value_id`,`entity_type_id`,`attribute_id`,`store_id`,`entity_id`,`value`) values (755,10,96,1,2426,'Footprints - Padua - Mocha Suede'),(756,10,96,1,2427,'Footprints - Tirano - Pinecone Mustard Leather'),(757,10,96,1,2428,'Footprints - Chesterfield - Brown Suede'),(758,10,96,1,2429,'Footprints - Avila - Black Leather'),(759,10,96,1,2430,'Footprints - Zamora - Black Leather'),(760,10,96,1,2431,'Footprints - Cervello - Beige Suede'),(761,10,96,1,2432,'Footprints - Cuenca - Stone Nubuck'),(762,10,96,1,2433,'Footprints - Cuenca - Brown Leather'),(763,10,96,1,2434,'Footprints - Alpine - Almond Nubuck Leather'),(764,10,96,1,2435,'Footprints - Alpine - Chocolate Leather'),(765,10,96,1,2436,'Footprints - Rockford - Brown Nubuck Leather'),(766,10,96,1,2437,'Footprints - Rockford - Dark Brown Leather'),(767,10,96,1,2438,'Footprints - Sierra - Coffee Brown Nubuck Leather'),(768,10,96,1,2439,'Footprints - Sierra - Steel Gray Suede'),(769,10,96,1,2440,'G500 - Professional - White Leather'),(770,10,96,1,2441,'G500 - Professional - Black Leather'),(771,10,96,1,2442,'C211 - Black Alpro Leather'),(772,10,96,1,2443,'C211 - White Alpro Leather'),(773,10,96,1,2445,'A604 - Professional - White Polyurethane - Steel Toe'),(774,10,96,1,2446,'Blue Footbed - Casual');
insert into `catalog_product_entity_varchar` (`value_id`,`entity_type_id`,`attribute_id`,`store_id`,`entity_id`,`value`) values (775,10,96,1,2447,'Blue Footbed - Heeled'),(776,10,96,1,2448,'Birkobalance - Deep Heel Cup'),(777,10,96,1,2449,'Birkomotion - Arch Support for Active Footwear'),(778,10,96,1,2450,'Birkosport -  Arch Support for Sport Shoes'),(779,10,96,1,2451,'BirkoActive - Full-length arch support for outdoor fun'),(780,10,96,1,2452,'Super Birki Clog - Replacement Footbed'),(781,10,96,1,2453,'Outdoor Birki Clog - Replacement Footbed'),(782,10,96,1,2454,'Tabora - Navy Silky Suede'),(783,10,96,1,2455,'Florida - Cocoa Nubuck'),(784,10,96,1,2456,'Florida - Black Leather'),(785,10,96,1,2457,'Florida - Bordeaux Soft Gloss Leather'),(786,10,96,1,2458,'Florida - White Leather'),(787,10,96,1,2459,'Florida - Cocoa Nubuck - Extra High Arch'),(788,10,96,1,2460,'Gizeh - Black Glossy Leather'),(789,10,96,1,2461,'Gizeh - Taupe Memphis Leather'),(790,10,96,1,2462,'Granada - Cocoa Nubuck'),(791,10,96,1,2463,'Granada - White Leather'),(792,10,96,1,2464,'Granada - Black Leather'),(793,10,96,1,2465,'Ibiza - Black Leather'),(794,10,96,1,2466,'Ibiza - White Leather'),(795,10,96,1,2467,'Ibiza - Cocoa Nubuck'),(796,10,96,1,2468,'Milano - Black Birko-Flor'),(797,10,96,1,2469,'Milano - Brown Birko-Flor');
insert into `catalog_product_entity_varchar` (`value_id`,`entity_type_id`,`attribute_id`,`store_id`,`entity_id`,`value`) values (798,10,96,1,2470,'Milano - Black Leather'),(799,10,96,1,2471,'Rio - Black Nubuck Leather'),(800,10,96,1,2472,'Rio - Cocoa Nubuck Leather'),(801,10,96,1,2473,'Zurich - Taupe Suede'),(802,10,96,1,2474,'Tabora - Taupe Suede'),(803,10,96,1,2475,'Tabora - Red Silky Suede'),(804,10,96,1,2476,'Boston Clog - Black Leather'),(805,10,96,1,2477,'Boston Clog - Dark Brown Leather'),(806,10,96,1,2478,'Boston Clog - Gold Metallic Leather'),(807,10,96,1,2479,'Boston Clog - Antique Peat Leather'),(808,10,96,1,2480,'Boston Clog - White Leather'),(809,10,96,1,2481,'Boston Clog - Black Suede'),(810,10,96,1,2482,'Boston Clog - Mocha Suede'),(811,10,96,1,2483,'Boston Clog - Taupe Suede'),(812,10,96,1,2484,'Boston Clog - Taupe Suede - Extra High Arch'),(813,10,96,1,2485,'Eaton Clog - Mocha Suede'),(814,10,96,1,2486,'Eaton Clog - Taupe Suede'),(815,10,96,1,2487,'London - Dark Brown Leather'),(816,10,96,1,2488,'London - Black Leather'),(817,10,96,1,2489,'Tokyo Clog - White Leather'),(818,10,96,1,2490,'Angora Argyle Socks - Set of three'),(819,10,96,1,2491,'Bamboo Crew Socks - Set of Three'),(820,10,96,1,2492,'Lambswool Bowtie Socks - Set of three'),(821,10,96,1,2493,'Bamboo Crew Socks - Apricot');
insert into `catalog_product_entity_varchar` (`value_id`,`entity_type_id`,`attribute_id`,`store_id`,`entity_id`,`value`) values (822,10,96,1,2494,'Bamboo Crew Socks - Star Blue'),(823,10,96,1,2495,'Cashmere Crew Socks -  Pink Blush'),(824,10,96,1,2496,'Eco-Friendly Boot Socks - Earth'),(825,10,96,1,2497,'Classic Sock - Cream with Leaf'),(826,10,96,1,2498,'Bamboo Crew Socks - Celery'),(827,10,96,1,2499,'Bamboo Crew Socks - Root Beer'),(828,10,96,1,2500,'Cashmere Crew Socks - Cloud'),(928,10,96,1,2444,'A604 - Professional - Black Polyurethane - Steel Toe'),(996,10,106,0,2400,'0416102.jpg'),(997,10,106,0,2401,'0448971.jpg'),(998,10,106,0,2402,'0444961.jpg'),(999,10,106,0,2403,'0444901.jpg'),(1000,10,106,0,2404,'0444981.jpg'),(1001,10,106,0,2405,'0434121-3.jpg'),(1002,10,106,0,2406,'0479091-3.jpg'),(1003,10,106,0,2407,'0484041-3.jpg'),(1004,10,106,0,2408,'0404781-3.jpg'),(1005,10,106,0,2409,'0474981-3.jpg'),(1006,10,106,0,2410,'0453131-3.jpg'),(1007,10,106,0,2411,'0453151-3.jpg'),(1008,10,106,0,2412,'0452031-3.jpg'),(1009,10,106,0,2413,'0450102t.jpg'),(1010,10,106,0,2414,'0431031-3.jpg'),(1011,10,106,0,2415,'0479071-3.jpg'),(1012,10,106,0,2416,'0404771-3.jpg'),(1013,10,106,0,2417,'0453141_3.jpg'),(1014,10,106,0,2418,'0452051-3.jpg'),(1015,10,106,0,2419,'0450092.jpg'),(1016,10,106,0,2420,'0402771-3.jpg'),(1017,10,106,0,2421,'0478791-3.jpg');
insert into `catalog_product_entity_varchar` (`value_id`,`entity_type_id`,`attribute_id`,`store_id`,`entity_id`,`value`) values (1018,10,106,0,2422,'0404791-3.jpg'),(1019,10,106,0,2423,'0453111-3.jpg'),(1020,10,106,0,2424,'0452061_3.jpg'),(1021,10,106,0,2425,'0434111-3.jpg'),(1022,10,106,0,2426,'0478781-3.jpg'),(1023,10,106,0,2427,'0474951-3.jpg'),(1024,10,106,0,2428,'0453161-3.jpg'),(1025,10,106,0,2429,'0438791-3.jpg'),(1026,10,106,0,2430,'0439971-3.jpg'),(1027,10,106,0,2431,'0422792.jpg'),(1028,10,106,0,2432,'0421782.jpg'),(1029,10,106,0,2433,'0421792.jpg'),(1030,10,106,0,2434,'0421991.jpg'),(1031,10,106,0,2435,'0421981.jpg'),(1032,10,106,0,2436,'0442031-2t.jpg'),(1033,10,106,0,2437,'0442051-2.jpg'),(1034,10,106,0,2438,'422991.jpg'),(1035,10,106,0,2439,'0422981.jpg'),(1036,10,106,0,2440,'0584031-3.jpg'),(1037,10,106,0,2441,'0584041-3.jpg'),(1038,10,106,0,2442,'0599041-3.jpg'),(1039,10,106,0,2443,'0599031-3.jpg'),(1040,10,106,0,2445,'0020690.jpg'),(1041,10,106,0,2446,'0011002.jpg'),(1042,10,106,0,2447,'0010002.jpg'),(1043,10,106,0,2448,'0015611-2.jpg'),(1044,10,106,0,2449,'0009207.jpg'),(1045,10,106,0,2450,'0009210.jpg'),(1046,10,106,0,2451,'0009207.jpg'),(1047,10,106,0,2452,'0025500t.jpg'),(1048,10,106,0,2453,'0025507.jpg'),(1049,10,106,0,2454,'0138011-3.jpg'),(1050,10,106,0,2455,'0054321-3.jpg'),(1051,10,106,0,2456,'0054191-3.jpg'),(1052,10,106,0,2457,'0754771-3.jpg');
insert into `catalog_product_entity_varchar` (`value_id`,`entity_type_id`,`attribute_id`,`store_id`,`entity_id`,`value`) values (1053,10,106,0,2458,'0054131-3.jpg'),(1054,10,106,0,2459,'0454961-3.jpg'),(1055,10,106,0,2460,'0143761.jpg'),(1056,10,106,0,2461,'0343071-3.jpg'),(1057,10,106,0,2462,'0092321-3.jpg'),(1058,10,106,0,2463,'0092131-3.jpg'),(1059,10,106,0,2464,'0092191-3.jpg'),(1060,10,106,0,2465,'0041191-3.jpg'),(1061,10,106,0,2466,'0041131-3.jpg'),(1062,10,106,0,2467,'0041231-3.jpg'),(1063,10,106,0,2468,'0034791-3.jpg'),(1064,10,106,0,2469,'0034701-3.jpg'),(1065,10,106,0,2470,'0034191-3.jpg'),(1066,10,106,0,2471,'0031951-3.jpg'),(1067,10,106,0,2472,'0031931-3.jpg'),(1068,10,106,0,2473,'0050461-3.jpg'),(1069,10,106,0,2474,'0138021-3.jpg'),(1070,10,106,0,2475,'0138201-3.jpg'),(1071,10,106,0,2476,'0060191-3.jpg'),(1072,10,106,0,2477,'0060101-3.jpg'),(1073,10,106,0,2478,'0560711-3.jpg'),(1074,10,106,0,2479,'0260341-3.jpg'),(1075,10,106,0,2480,'0060131-3.jpg'),(1076,10,106,0,2481,'0060491-3.jpg'),(1077,10,106,0,2482,'0060901-3.jpg'),(1078,10,106,0,2483,'0060461-3.jpg'),(1079,10,106,0,2484,'0560461-3.jpg'),(1080,10,106,0,2485,'0135031-3.jpg'),(1081,10,106,0,2486,'0135021-3.jpg'),(1082,10,106,0,2487,'0066101-3.jpg'),(1083,10,106,0,2488,'0066191-3.jpg'),(1084,10,106,0,2489,'0061131-3.jpg'),(1085,10,106,0,2490,'2095_2~6.gif'),(1086,10,106,0,2491,'2071_2~6.gif');
insert into `catalog_product_entity_varchar` (`value_id`,`entity_type_id`,`attribute_id`,`store_id`,`entity_id`,`value`) values (1087,10,106,0,2492,'2050_2~6.gif'),(1088,10,106,0,2493,'0001638.jpg'),(1089,10,106,0,2494,'0001616.jpg'),(1090,10,106,0,2495,'0001409.jpg'),(1091,10,106,0,2496,'0001528.jpg'),(1092,10,106,0,2497,'0001400.jpg'),(1093,10,106,0,2498,'0001615.jpg'),(1094,10,106,0,2499,'0001617.jpg'),(1095,10,106,0,2500,'0001410.jpg'),(1588,10,106,0,2444,'0020670.jpg'),(1656,10,106,1,2400,'0416102.jpg'),(1657,10,106,1,2401,'0448971.jpg'),(1658,10,106,1,2402,'0444961.jpg'),(1659,10,106,1,2403,'0444901.jpg'),(1660,10,106,1,2404,'0444981.jpg'),(1661,10,106,1,2405,'0434121-3.jpg'),(1662,10,106,1,2406,'0479091-3.jpg'),(1663,10,106,1,2407,'0484041-3.jpg'),(1664,10,106,1,2408,'0404781-3.jpg'),(1665,10,106,1,2409,'0474981-3.jpg'),(1666,10,106,1,2410,'0453131-3.jpg'),(1667,10,106,1,2411,'0453151-3.jpg'),(1668,10,106,1,2412,'0452031-3.jpg'),(1669,10,106,1,2413,'0450102t.jpg'),(1670,10,106,1,2414,'0431031-3.jpg'),(1671,10,106,1,2415,'0479071-3.jpg'),(1672,10,106,1,2416,'0404771-3.jpg'),(1673,10,106,1,2417,'0453141_3.jpg'),(1674,10,106,1,2418,'0452051-3.jpg'),(1675,10,106,1,2419,'0450092.jpg'),(1676,10,106,1,2420,'0402771-3.jpg'),(1677,10,106,1,2421,'0478791-3.jpg'),(1678,10,106,1,2422,'0404791-3.jpg'),(1679,10,106,1,2423,'0453111-3.jpg'),(1680,10,106,1,2424,'0452061_3.jpg');
insert into `catalog_product_entity_varchar` (`value_id`,`entity_type_id`,`attribute_id`,`store_id`,`entity_id`,`value`) values (1681,10,106,1,2425,'0434111-3.jpg'),(1682,10,106,1,2426,'0478781-3.jpg'),(1683,10,106,1,2427,'0474951-3.jpg'),(1684,10,106,1,2428,'0453161-3.jpg'),(1685,10,106,1,2429,'0438791-3.jpg'),(1686,10,106,1,2430,'0439971-3.jpg'),(1687,10,106,1,2431,'0422792.jpg'),(1688,10,106,1,2432,'0421782.jpg'),(1689,10,106,1,2433,'0421792.jpg'),(1690,10,106,1,2434,'0421991.jpg'),(1691,10,106,1,2435,'0421981.jpg'),(1692,10,106,1,2436,'0442031-2t.jpg'),(1693,10,106,1,2437,'0442051-2.jpg'),(1694,10,106,1,2438,'422991.jpg'),(1695,10,106,1,2439,'0422981.jpg'),(1696,10,106,1,2440,'0584031-3.jpg'),(1697,10,106,1,2441,'0584041-3.jpg'),(1698,10,106,1,2442,'0599041-3.jpg'),(1699,10,106,1,2443,'0599031-3.jpg'),(1700,10,106,1,2445,'0020690.jpg'),(1701,10,106,1,2446,'0011002.jpg'),(1702,10,106,1,2447,'0010002.jpg'),(1703,10,106,1,2448,'0015611-2.jpg'),(1704,10,106,1,2449,'0009207.jpg'),(1705,10,106,1,2450,'0009210.jpg'),(1706,10,106,1,2451,'0009207.jpg'),(1707,10,106,1,2452,'0025500t.jpg'),(1708,10,106,1,2453,'0025507.jpg'),(1709,10,106,1,2454,'0138011-3.jpg'),(1710,10,106,1,2455,'0054321-3.jpg'),(1711,10,106,1,2456,'0054191-3.jpg'),(1712,10,106,1,2457,'0754771-3.jpg'),(1713,10,106,1,2458,'0054131-3.jpg'),(1714,10,106,1,2459,'0454961-3.jpg'),(1715,10,106,1,2460,'0143761.jpg');
insert into `catalog_product_entity_varchar` (`value_id`,`entity_type_id`,`attribute_id`,`store_id`,`entity_id`,`value`) values (1716,10,106,1,2461,'0343071-3.jpg'),(1717,10,106,1,2462,'0092321-3.jpg'),(1718,10,106,1,2463,'0092131-3.jpg'),(1719,10,106,1,2464,'0092191-3.jpg'),(1720,10,106,1,2465,'0041191-3.jpg'),(1721,10,106,1,2466,'0041131-3.jpg'),(1722,10,106,1,2467,'0041231-3.jpg'),(1723,10,106,1,2468,'0034791-3.jpg'),(1724,10,106,1,2469,'0034701-3.jpg'),(1725,10,106,1,2470,'0034191-3.jpg'),(1726,10,106,1,2471,'0031951-3.jpg'),(1727,10,106,1,2472,'0031931-3.jpg'),(1728,10,106,1,2473,'0050461-3.jpg'),(1729,10,106,1,2474,'0138021-3.jpg'),(1730,10,106,1,2475,'0138201-3.jpg'),(1731,10,106,1,2476,'0060191-3.jpg'),(1732,10,106,1,2477,'0060101-3.jpg'),(1733,10,106,1,2478,'0560711-3.jpg'),(1734,10,106,1,2479,'0260341-3.jpg'),(1735,10,106,1,2480,'0060131-3.jpg'),(1736,10,106,1,2481,'0060491-3.jpg'),(1737,10,106,1,2482,'0060901-3.jpg'),(1738,10,106,1,2483,'0060461-3.jpg'),(1739,10,106,1,2484,'0560461-3.jpg'),(1740,10,106,1,2485,'0135031-3.jpg'),(1741,10,106,1,2486,'0135021-3.jpg'),(1742,10,106,1,2487,'0066101-3.jpg'),(1743,10,106,1,2488,'0066191-3.jpg'),(1744,10,106,1,2489,'0061131-3.jpg'),(1745,10,106,1,2490,'2095_2~6.gif'),(1746,10,106,1,2491,'2071_2~6.gif'),(1747,10,106,1,2492,'2050_2~6.gif'),(1748,10,106,1,2493,'0001638.jpg'),(1749,10,106,1,2494,'0001616.jpg');
insert into `catalog_product_entity_varchar` (`value_id`,`entity_type_id`,`attribute_id`,`store_id`,`entity_id`,`value`) values (1750,10,106,1,2495,'0001409.jpg'),(1751,10,106,1,2496,'0001528.jpg'),(1752,10,106,1,2497,'0001400.jpg'),(1753,10,106,1,2498,'0001615.jpg'),(1754,10,106,1,2499,'0001617.jpg'),(1755,10,106,1,2500,'0001410.jpg'),(1855,10,106,1,2444,'0020670.jpg'),(1923,10,98,0,2400,'416102'),(1924,10,98,0,2401,'448971'),(1925,10,98,0,2402,'444961'),(1926,10,98,0,2403,'444901'),(1927,10,98,0,2404,'444981'),(1928,10,98,0,2405,'434121-3'),(1929,10,98,0,2406,'479091-3'),(1930,10,98,0,2407,'484041-3'),(1931,10,98,0,2408,'404781-3'),(1932,10,98,0,2409,'474981-3'),(1933,10,98,0,2410,'453131-3'),(1934,10,98,0,2411,'453151-3'),(1935,10,98,0,2412,'452031-3'),(1936,10,98,0,2413,'450032'),(1937,10,98,0,2414,'431031-3'),(1938,10,98,0,2415,'479071-3'),(1939,10,98,0,2416,'404771-3'),(1940,10,98,0,2417,'453141-3'),(1941,10,98,0,2418,'452051-3'),(1942,10,98,0,2419,'450052'),(1943,10,98,0,2420,'402771-3'),(1944,10,98,0,2421,'478791-3'),(1945,10,98,0,2422,'404791-3'),(1946,10,98,0,2423,'453111-3'),(1947,10,98,0,2424,'452061-3'),(1948,10,98,0,2425,'434111-3'),(1949,10,98,0,2426,'478781-3'),(1950,10,98,0,2427,'474951-3'),(1951,10,98,0,2428,'453161-3'),(1952,10,98,0,2429,'438791-3'),(1953,10,98,0,2430,'439971-3'),(1954,10,98,0,2431,'422792'),(1955,10,98,0,2432,'421782'),(1956,10,98,0,2433,'421792'),(1957,10,98,0,2434,'421991');
insert into `catalog_product_entity_varchar` (`value_id`,`entity_type_id`,`attribute_id`,`store_id`,`entity_id`,`value`) values (1958,10,98,0,2435,'421981'),(1959,10,98,0,2436,'442031'),(1960,10,98,0,2437,'442051-2'),(1961,10,98,0,2438,'422991'),(1962,10,98,0,2439,'422981'),(1963,10,98,0,2440,'584031-3'),(1964,10,98,0,2441,'584041-3'),(1965,10,98,0,2442,'599041-3'),(1966,10,98,0,2443,'599031-3'),(1967,10,98,0,2445,'020690'),(1968,10,98,0,2446,'011002-3'),(1969,10,98,0,2447,'010002-3'),(1970,10,98,0,2448,'015611-2'),(1971,10,98,0,2449,'009207'),(1972,10,98,0,2450,'009210'),(1973,10,98,0,2451,'071502'),(1974,10,98,0,2452,'025500'),(1975,10,98,0,2453,'025507'),(1976,10,98,0,2454,'138011-3'),(1977,10,98,0,2455,'054321-3'),(1978,10,98,0,2456,'054191-3'),(1979,10,98,0,2457,'754771-3'),(1980,10,98,0,2458,'054131-3'),(1981,10,98,0,2459,'454961-3'),(1982,10,98,0,2460,'143761-3'),(1983,10,98,0,2461,'343071-3'),(1984,10,98,0,2462,'092321-3'),(1985,10,98,0,2463,'092131-3'),(1986,10,98,0,2464,'092191-3'),(1987,10,98,0,2465,'041191-3'),(1988,10,98,0,2466,'041131-3'),(1989,10,98,0,2467,'041231-3'),(1990,10,98,0,2468,'034791-3'),(1991,10,98,0,2469,'034701-3'),(1992,10,98,0,2470,'034191-3'),(1993,10,98,0,2471,'031951-3'),(1994,10,98,0,2472,'031931-3'),(1995,10,98,0,2473,'050461-3'),(1996,10,98,0,2474,'138021-3'),(1997,10,98,0,2475,'138201-3'),(1998,10,98,0,2476,'060191-3'),(1999,10,98,0,2477,'060101-3'),(2000,10,98,0,2478,'560711-3');
insert into `catalog_product_entity_varchar` (`value_id`,`entity_type_id`,`attribute_id`,`store_id`,`entity_id`,`value`) values (2001,10,98,0,2479,'260341-3'),(2002,10,98,0,2480,'060131-3'),(2003,10,98,0,2481,'060491-3'),(2004,10,98,0,2482,'060901-3'),(2005,10,98,0,2483,'060461-3'),(2006,10,98,0,2484,'560461-3'),(2007,10,98,0,2485,'135031-3'),(2008,10,98,0,2486,'135021-3'),(2009,10,98,0,2487,'061101-3'),(2010,10,98,0,2488,'066191-3'),(2011,10,98,0,2489,'061131-3'),(2012,10,98,0,2490,'002096'),(2013,10,98,0,2491,'2070/2071/20'),(2014,10,98,0,2492,'2051/2050/20'),(2015,10,98,0,2493,'1638'),(2016,10,98,0,2494,'1616'),(2017,10,98,0,2495,'1409'),(2018,10,98,0,2496,'1528'),(2019,10,98,0,2497,'1400'),(2020,10,98,0,2498,'2073'),(2021,10,98,0,2499,'1617'),(2022,10,98,0,2500,'1410'),(2514,10,98,0,2444,'020670'),(2584,10,98,1,2400,'416102'),(2585,10,98,1,2401,'448971'),(2586,10,98,1,2402,'444961'),(2587,10,98,1,2403,'444901'),(2588,10,98,1,2404,'444981'),(2589,10,98,1,2405,'434121-3'),(2590,10,98,1,2406,'479091-3'),(2591,10,98,1,2407,'484041-3'),(2592,10,98,1,2408,'404781-3'),(2593,10,98,1,2409,'474981-3'),(2594,10,98,1,2410,'453131-3'),(2595,10,98,1,2411,'453151-3'),(2596,10,98,1,2412,'452031-3'),(2597,10,98,1,2413,'450032'),(2598,10,98,1,2414,'431031-3'),(2599,10,98,1,2415,'479071-3'),(2600,10,98,1,2416,'404771-3'),(2601,10,98,1,2417,'453141-3'),(2602,10,98,1,2418,'452051-3'),(2603,10,98,1,2419,'450052'),(2604,10,98,1,2420,'402771-3');
insert into `catalog_product_entity_varchar` (`value_id`,`entity_type_id`,`attribute_id`,`store_id`,`entity_id`,`value`) values (2605,10,98,1,2421,'478791-3'),(2606,10,98,1,2422,'404791-3'),(2607,10,98,1,2423,'453111-3'),(2608,10,98,1,2424,'452061-3'),(2609,10,98,1,2425,'434111-3'),(2610,10,98,1,2426,'478781-3'),(2611,10,98,1,2427,'474951-3'),(2612,10,98,1,2428,'453161-3'),(2613,10,98,1,2429,'438791-3'),(2614,10,98,1,2430,'439971-3'),(2615,10,98,1,2431,'422792'),(2616,10,98,1,2432,'421782'),(2617,10,98,1,2433,'421792'),(2618,10,98,1,2434,'421991'),(2619,10,98,1,2435,'421981'),(2620,10,98,1,2436,'442031'),(2621,10,98,1,2437,'442051-2'),(2622,10,98,1,2438,'422991'),(2623,10,98,1,2439,'422981'),(2624,10,98,1,2440,'584031-3'),(2625,10,98,1,2441,'584041-3'),(2626,10,98,1,2442,'599041-3'),(2627,10,98,1,2443,'599031-3'),(2628,10,98,1,2445,'020690'),(2629,10,98,1,2446,'011002-3'),(2630,10,98,1,2447,'010002-3'),(2631,10,98,1,2448,'015611-2'),(2632,10,98,1,2449,'009207'),(2633,10,98,1,2450,'009210'),(2634,10,98,1,2451,'071502'),(2635,10,98,1,2452,'025500'),(2636,10,98,1,2453,'025507'),(2637,10,98,1,2454,'138011-3'),(2638,10,98,1,2455,'054321-3'),(2639,10,98,1,2456,'054191-3'),(2640,10,98,1,2457,'754771-3'),(2641,10,98,1,2458,'054131-3'),(2642,10,98,1,2459,'454961-3'),(2643,10,98,1,2460,'143761-3'),(2644,10,98,1,2461,'343071-3'),(2645,10,98,1,2462,'092321-3'),(2646,10,98,1,2463,'092131-3'),(2647,10,98,1,2464,'092191-3'),(2648,10,98,1,2465,'041191-3');
insert into `catalog_product_entity_varchar` (`value_id`,`entity_type_id`,`attribute_id`,`store_id`,`entity_id`,`value`) values (2649,10,98,1,2466,'041131-3'),(2650,10,98,1,2467,'041231-3'),(2651,10,98,1,2468,'034791-3'),(2652,10,98,1,2469,'034701-3'),(2653,10,98,1,2470,'034191-3'),(2654,10,98,1,2471,'031951-3'),(2655,10,98,1,2472,'031931-3'),(2656,10,98,1,2473,'050461-3'),(2657,10,98,1,2474,'138021-3'),(2658,10,98,1,2475,'138201-3'),(2659,10,98,1,2476,'060191-3'),(2660,10,98,1,2477,'060101-3'),(2661,10,98,1,2478,'560711-3'),(2662,10,98,1,2479,'260341-3'),(2663,10,98,1,2480,'060131-3'),(2664,10,98,1,2481,'060491-3'),(2665,10,98,1,2482,'060901-3'),(2666,10,98,1,2483,'060461-3'),(2667,10,98,1,2484,'560461-3'),(2668,10,98,1,2485,'135031-3'),(2669,10,98,1,2486,'135021-3'),(2670,10,98,1,2487,'061101-3'),(2671,10,98,1,2488,'066191-3'),(2672,10,98,1,2489,'061131-3'),(2673,10,98,1,2490,'002096'),(2674,10,98,1,2491,'2070/2071/20'),(2675,10,98,1,2492,'2051/2050/20'),(2676,10,98,1,2493,'1638'),(2677,10,98,1,2494,'1616'),(2678,10,98,1,2495,'1409'),(2679,10,98,1,2496,'1528'),(2680,10,98,1,2497,'1400'),(2681,10,98,1,2498,'2073'),(2682,10,98,1,2499,'1617'),(2683,10,98,1,2500,'1410'),(2783,10,98,1,2444,'020670'),(2851,10,109,0,2400,'0416102esm.jpg'),(2852,10,109,0,2401,'0448971esm.jpg'),(2853,10,109,0,2402,'0444961esm.jpg'),(2854,10,109,0,2403,'0444901esm.jpg'),(2855,10,109,0,2404,'0444981esm.jpg'),(2856,10,109,0,2405,'0434121-3esm.jpg');
insert into `catalog_product_entity_varchar` (`value_id`,`entity_type_id`,`attribute_id`,`store_id`,`entity_id`,`value`) values (2857,10,109,0,2406,'0479091-3esm.jpg'),(2858,10,109,0,2407,'0484041-3esm.jpg'),(2859,10,109,0,2408,'0404781-3esm.jpg'),(2860,10,109,0,2409,'tirano_474983esm.jpg'),(2861,10,109,0,2410,'0453131-3esm.jpg'),(2862,10,109,0,2411,'0453151-3esm.jpg'),(2863,10,109,0,2412,'0452031-3esm.jpg'),(2864,10,109,0,2413,'450032esm.jpg'),(2865,10,109,0,2414,'0431031-3esm.jpg'),(2866,10,109,0,2415,'0479071-3esm.jpg'),(2867,10,109,0,2416,'0404771-3esm.jpg'),(2868,10,109,0,2417,'0453141-3esm.jpg'),(2869,10,109,0,2418,'0452051-3esm.jpg'),(2870,10,109,0,2419,'450052esm.jpg'),(2871,10,109,0,2420,'0402771-3esm.jpg'),(2872,10,109,0,2421,'0478791-3esm.jpg'),(2873,10,109,0,2422,'0404791-3esm.jpg'),(2874,10,109,0,2423,'0453111-3sm.jpg'),(2875,10,109,0,2424,'0452061-3esm.jpg'),(2876,10,109,0,2425,'0434111-3esm.jpg'),(2877,10,109,0,2426,'0478781-3esm.jpg'),(2878,10,109,0,2427,'0474951-3esm.jpg'),(2879,10,109,0,2428,'0453161-3esm.jpg'),(2880,10,109,0,2429,'0438791-3esm.jpg'),(2881,10,109,0,2430,'0439971-3esm.jpg'),(2882,10,109,0,2431,'0422792esm.jpg'),(2883,10,109,0,2432,'0421782esm.jpg'),(2884,10,109,0,2433,'0421792esm.jpg'),(2885,10,109,0,2434,'0421991esm.jpg'),(2886,10,109,0,2435,'0421981esm.jpg'),(2887,10,109,0,2436,'0442031-2tesm.jpg');
insert into `catalog_product_entity_varchar` (`value_id`,`entity_type_id`,`attribute_id`,`store_id`,`entity_id`,`value`) values (2888,10,109,0,2437,'0442051-2esm.jpg'),(2889,10,109,0,2438,'422991esm.jpg'),(2890,10,109,0,2439,'0422981esm.jpg'),(2891,10,109,0,2440,'0584031-3esm.jpg'),(2892,10,109,0,2441,'0584041-3esm.jpg'),(2893,10,109,0,2442,'0599041-3esm.jpg'),(2894,10,109,0,2443,'0599031-3esm.jpg'),(2895,10,109,0,2445,'0020690sm.jpg'),(2896,10,109,0,2446,'0011002esm.jpg'),(2897,10,109,0,2447,'0010002esm.jpg'),(2898,10,109,0,2448,'0015611-2esm.jpg'),(2899,10,109,0,2449,'0009207esm.jpg'),(2900,10,109,0,2450,'0009210esm.jpg'),(2901,10,109,0,2451,'0071502esm.jpg'),(2902,10,109,0,2452,'0025500tesm.jpg'),(2903,10,109,0,2453,'0025507esm.jpg'),(2904,10,109,0,2454,'0138011-3esm.jpg'),(2905,10,109,0,2455,'0054321-3esm.jpg'),(2906,10,109,0,2456,'0054191-3esm.jpg'),(2907,10,109,0,2457,'0754771-3esm.jpg'),(2908,10,109,0,2458,'0054131-3esm.jpg'),(2909,10,109,0,2459,'0454961-3esm.jpg'),(2910,10,109,0,2460,'0143761esm.jpg'),(2911,10,109,0,2461,'0343071-3esm.jpg'),(2912,10,109,0,2462,'0092321-3esm.jpg'),(2913,10,109,0,2463,'0092131-3esm.jpg'),(2914,10,109,0,2464,'0092191-3esm.jpg'),(2915,10,109,0,2465,'0041191-3esm.jpg'),(2916,10,109,0,2466,'0041131-3esm.jpg'),(2917,10,109,0,2467,'0041231-3esm.jpg'),(2918,10,109,0,2468,'0034791-3esm.jpg'),(2919,10,109,0,2469,'0034701-3esm.jpg');
insert into `catalog_product_entity_varchar` (`value_id`,`entity_type_id`,`attribute_id`,`store_id`,`entity_id`,`value`) values (2920,10,109,0,2470,'0034191-3esm.jpg'),(2921,10,109,0,2471,'0031951-3esm.jpg'),(2922,10,109,0,2472,'0031931-3esm.jpg'),(2923,10,109,0,2473,'0050461-3esm.jpg'),(2924,10,109,0,2474,'0138021-3esm.jpg'),(2925,10,109,0,2475,'0138201-3esm.jpg'),(2926,10,109,0,2476,'0060191-3esm.jpg'),(2927,10,109,0,2477,'0060101-3esm.jpg'),(2928,10,109,0,2478,'0560711-3esm.jpg'),(2929,10,109,0,2479,'0260341-3esm.jpg'),(2930,10,109,0,2480,'0060131-3esm.jpg'),(2931,10,109,0,2481,'0060491-3esm.jpg'),(2932,10,109,0,2482,'0060901-3esm.jpg'),(2933,10,109,0,2483,'0060461-3esm.jpg'),(2934,10,109,0,2484,'0560461-3esm.jpg'),(2935,10,109,0,2485,'0135031-3esm.jpg'),(2936,10,109,0,2486,'0135021-3esm.jpg'),(2937,10,109,0,2487,'0066101-3esm.jpg'),(2938,10,109,0,2488,'0066191-3esm.jpg'),(2939,10,109,0,2489,'0061131-3esm.jpg'),(2940,10,109,0,2490,'spacer_list.gif'),(2941,10,109,0,2491,'2071_2~6esm.jpg'),(2942,10,109,0,2492,'spacer_list.gif'),(2943,10,109,0,2493,'0001638esm.jpg'),(2944,10,109,0,2494,'0001616esm.jpg'),(2945,10,109,0,2495,'0001409esm.jpg'),(2946,10,109,0,2496,'0001528esm.jpg'),(2947,10,109,0,2497,'spacer_list.gif'),(2948,10,109,0,2498,'2073esm.jpg'),(2949,10,109,0,2499,'0001617esm.jpg'),(2950,10,109,0,2500,'0001410esm.jpg'),(3443,10,109,0,2444,'0020670sm.jpg');
insert into `catalog_product_entity_varchar` (`value_id`,`entity_type_id`,`attribute_id`,`store_id`,`entity_id`,`value`) values (3511,10,109,1,2400,'0416102esm.jpg'),(3512,10,109,1,2401,'0448971esm.jpg'),(3513,10,109,1,2402,'0444961esm.jpg'),(3514,10,109,1,2403,'0444901esm.jpg'),(3515,10,109,1,2404,'0444981esm.jpg'),(3516,10,109,1,2405,'0434121-3esm.jpg'),(3517,10,109,1,2406,'0479091-3esm.jpg'),(3518,10,109,1,2407,'0484041-3esm.jpg'),(3519,10,109,1,2408,'0404781-3esm.jpg'),(3520,10,109,1,2409,'tirano_474983esm.jpg'),(3521,10,109,1,2410,'0453131-3esm.jpg'),(3522,10,109,1,2411,'0453151-3esm.jpg'),(3523,10,109,1,2412,'0452031-3esm.jpg'),(3524,10,109,1,2413,'450032esm.jpg'),(3525,10,109,1,2414,'0431031-3esm.jpg'),(3526,10,109,1,2415,'0479071-3esm.jpg'),(3527,10,109,1,2416,'0404771-3esm.jpg'),(3528,10,109,1,2417,'0453141-3esm.jpg'),(3529,10,109,1,2418,'0452051-3esm.jpg'),(3530,10,109,1,2419,'450052esm.jpg'),(3531,10,109,1,2420,'0402771-3esm.jpg'),(3532,10,109,1,2421,'0478791-3esm.jpg'),(3533,10,109,1,2422,'0404791-3esm.jpg'),(3534,10,109,1,2423,'0453111-3sm.jpg'),(3535,10,109,1,2424,'0452061-3esm.jpg'),(3536,10,109,1,2425,'0434111-3esm.jpg'),(3537,10,109,1,2426,'0478781-3esm.jpg'),(3538,10,109,1,2427,'0474951-3esm.jpg'),(3539,10,109,1,2428,'0453161-3esm.jpg'),(3540,10,109,1,2429,'0438791-3esm.jpg'),(3541,10,109,1,2430,'0439971-3esm.jpg');
insert into `catalog_product_entity_varchar` (`value_id`,`entity_type_id`,`attribute_id`,`store_id`,`entity_id`,`value`) values (3542,10,109,1,2431,'0422792esm.jpg'),(3543,10,109,1,2432,'0421782esm.jpg'),(3544,10,109,1,2433,'0421792esm.jpg'),(3545,10,109,1,2434,'0421991esm.jpg'),(3546,10,109,1,2435,'0421981esm.jpg'),(3547,10,109,1,2436,'0442031-2tesm.jpg'),(3548,10,109,1,2437,'0442051-2esm.jpg'),(3549,10,109,1,2438,'422991esm.jpg'),(3550,10,109,1,2439,'0422981esm.jpg'),(3551,10,109,1,2440,'0584031-3esm.jpg'),(3552,10,109,1,2441,'0584041-3esm.jpg'),(3553,10,109,1,2442,'0599041-3esm.jpg'),(3554,10,109,1,2443,'0599031-3esm.jpg'),(3555,10,109,1,2445,'0020690sm.jpg'),(3556,10,109,1,2446,'0011002esm.jpg'),(3557,10,109,1,2447,'0010002esm.jpg'),(3558,10,109,1,2448,'0015611-2esm.jpg'),(3559,10,109,1,2449,'0009207esm.jpg'),(3560,10,109,1,2450,'0009210esm.jpg'),(3561,10,109,1,2451,'0071502esm.jpg'),(3562,10,109,1,2452,'0025500tesm.jpg'),(3563,10,109,1,2453,'0025507esm.jpg'),(3564,10,109,1,2454,'0138011-3esm.jpg'),(3565,10,109,1,2455,'0054321-3esm.jpg'),(3566,10,109,1,2456,'0054191-3esm.jpg'),(3567,10,109,1,2457,'0754771-3esm.jpg'),(3568,10,109,1,2458,'0054131-3esm.jpg'),(3569,10,109,1,2459,'0454961-3esm.jpg'),(3570,10,109,1,2460,'0143761esm.jpg'),(3571,10,109,1,2461,'0343071-3esm.jpg'),(3572,10,109,1,2462,'0092321-3esm.jpg'),(3573,10,109,1,2463,'0092131-3esm.jpg');
insert into `catalog_product_entity_varchar` (`value_id`,`entity_type_id`,`attribute_id`,`store_id`,`entity_id`,`value`) values (3574,10,109,1,2464,'0092191-3esm.jpg'),(3575,10,109,1,2465,'0041191-3esm.jpg'),(3576,10,109,1,2466,'0041131-3esm.jpg'),(3577,10,109,1,2467,'0041231-3esm.jpg'),(3578,10,109,1,2468,'0034791-3esm.jpg'),(3579,10,109,1,2469,'0034701-3esm.jpg'),(3580,10,109,1,2470,'0034191-3esm.jpg'),(3581,10,109,1,2471,'0031951-3esm.jpg'),(3582,10,109,1,2472,'0031931-3esm.jpg'),(3583,10,109,1,2473,'0050461-3esm.jpg'),(3584,10,109,1,2474,'0138021-3esm.jpg'),(3585,10,109,1,2475,'0138201-3esm.jpg'),(3586,10,109,1,2476,'0060191-3esm.jpg'),(3587,10,109,1,2477,'0060101-3esm.jpg'),(3588,10,109,1,2478,'0560711-3esm.jpg'),(3589,10,109,1,2479,'0260341-3esm.jpg'),(3590,10,109,1,2480,'0060131-3esm.jpg'),(3591,10,109,1,2481,'0060491-3esm.jpg'),(3592,10,109,1,2482,'0060901-3esm.jpg'),(3593,10,109,1,2483,'0060461-3esm.jpg'),(3594,10,109,1,2484,'0560461-3esm.jpg'),(3595,10,109,1,2485,'0135031-3esm.jpg'),(3596,10,109,1,2486,'0135021-3esm.jpg'),(3597,10,109,1,2487,'0066101-3esm.jpg'),(3598,10,109,1,2488,'0066191-3esm.jpg'),(3599,10,109,1,2489,'0061131-3esm.jpg'),(3600,10,109,1,2490,'spacer_list.gif'),(3601,10,109,1,2491,'2071_2~6esm.jpg'),(3602,10,109,1,2492,'spacer_list.gif'),(3603,10,109,1,2493,'0001638esm.jpg'),(3604,10,109,1,2494,'0001616esm.jpg');
insert into `catalog_product_entity_varchar` (`value_id`,`entity_type_id`,`attribute_id`,`store_id`,`entity_id`,`value`) values (3605,10,109,1,2495,'0001409esm.jpg'),(3606,10,109,1,2496,'0001528esm.jpg'),(3607,10,109,1,2497,'spacer_list.gif'),(3608,10,109,1,2498,'2073esm.jpg'),(3609,10,109,1,2499,'0001617esm.jpg'),(3610,10,109,1,2500,'0001410esm.jpg'),(3710,10,109,1,2444,'0020670sm.jpg');

/*Table structure for table `catalog_product_link` */

DROP TABLE IF EXISTS `catalog_product_link`;

CREATE TABLE `catalog_product_link` (
  `link_id` int(11) unsigned NOT NULL auto_increment,
  `product_id` int(11) unsigned NOT NULL default '0',
  `linked_product_id` int(11) unsigned NOT NULL default '0',
  `link_type_id` tinyint(3) unsigned NOT NULL default '0',
  PRIMARY KEY  (`link_id`),
  KEY `FK_LINK_PRODUCT` (`product_id`),
  KEY `FK_LINKED_PRODUCT` (`linked_product_id`),
  KEY `FK_PRODUCT_LINK_TYPE` (`link_type_id`),
  CONSTRAINT `FK_PRODUCT_LINK_TYPE` FOREIGN KEY (`link_type_id`) REFERENCES `catalog_product_link_type` (`link_type_id`) ON DELETE CASCADE ON UPDATE CASCADE
) ENGINE=InnoDB DEFAULT CHARSET=utf8 COMMENT='Related products';

/*Data for the table `catalog_product_link` */

insert into `catalog_product_link` (`link_id`,`product_id`,`linked_product_id`,`link_type_id`) values (5,2742,2989,1),(6,2742,2988,1),(7,2742,2987,1),(8,2742,2986,1);

/*Table structure for table `catalog_product_link_attribute` */

DROP TABLE IF EXISTS `catalog_product_link_attribute`;

CREATE TABLE `catalog_product_link_attribute` (
  `product_link_attribute_id` smallint(6) unsigned NOT NULL auto_increment,
  `link_type_id` tinyint(3) unsigned NOT NULL default '0',
  `product_link_attribute_code` varchar(32) NOT NULL default '',
  `data_type` varchar(32) NOT NULL default '',
  PRIMARY KEY  (`product_link_attribute_id`),
  KEY `FK_ATTRIBUTE_PRODUCT_LINK_TYPE` (`link_type_id`),
  CONSTRAINT `FK_ATTRIBUTE_PRODUCT_LINK_TYPE` FOREIGN KEY (`link_type_id`) REFERENCES `catalog_product_link_type` (`link_type_id`) ON DELETE CASCADE ON UPDATE CASCADE
) ENGINE=InnoDB DEFAULT CHARSET=utf8 COMMENT='Attributes for product link';

/*Data for the table `catalog_product_link_attribute` */

insert into `catalog_product_link_attribute` (`product_link_attribute_id`,`link_type_id`,`product_link_attribute_code`,`data_type`) values (1,2,'qty','decimal');

/*Table structure for table `catalog_product_link_attribute_decimal` */

DROP TABLE IF EXISTS `catalog_product_link_attribute_decimal`;

CREATE TABLE `catalog_product_link_attribute_decimal` (
  `value_id` int(11) unsigned NOT NULL auto_increment,
  `product_link_attribute_id` smallint(6) unsigned default NULL,
  `link_id` int(11) unsigned default NULL,
  `value` decimal(12,4) NOT NULL default '0.0000',
  PRIMARY KEY  (`value_id`),
  KEY `FK_DECIMAL_PRODUCT_LINK_ATTRIBUTE` (`product_link_attribute_id`),
  KEY `FK_DECIMAL_LINK` (`link_id`),
  CONSTRAINT `FK_DECIMAL_LINK` FOREIGN KEY (`link_id`) REFERENCES `catalog_product_link` (`link_id`) ON DELETE CASCADE ON UPDATE CASCADE,
  CONSTRAINT `FK_DECIMAL_PRODUCT_LINK_ATTRIBUTE` FOREIGN KEY (`product_link_attribute_id`) REFERENCES `catalog_product_link_attribute` (`product_link_attribute_id`) ON DELETE CASCADE ON UPDATE CASCADE
) ENGINE=InnoDB DEFAULT CHARSET=utf8 COMMENT='Decimal attributes values';

/*Data for the table `catalog_product_link_attribute_decimal` */

/*Table structure for table `catalog_product_link_attribute_varchar` */

DROP TABLE IF EXISTS `catalog_product_link_attribute_varchar`;

CREATE TABLE `catalog_product_link_attribute_varchar` (
  `value_id` int(11) unsigned NOT NULL auto_increment,
  `product_link_attribute_id` smallint(6) unsigned NOT NULL default '0',
  `link_id` int(11) unsigned default NULL,
  `value` varchar(255) NOT NULL default '',
  PRIMARY KEY  (`value_id`),
  KEY `FK_VARCHAR_PRODUCT_LINK_ATTRIBUTE` (`product_link_attribute_id`),
  KEY `FK_VARCHAR_LINK` (`link_id`),
  CONSTRAINT `FK_VARCHAR_LINK` FOREIGN KEY (`link_id`) REFERENCES `catalog_product_link` (`link_id`) ON DELETE CASCADE ON UPDATE CASCADE,
  CONSTRAINT `FK_VARCHAR_PRODUCT_LINK_ATTRIBUTE` FOREIGN KEY (`product_link_attribute_id`) REFERENCES `catalog_product_link_attribute` (`product_link_attribute_id`) ON DELETE CASCADE ON UPDATE CASCADE
) ENGINE=InnoDB DEFAULT CHARSET=utf8 COMMENT='Varchar attributes values';

/*Data for the table `catalog_product_link_attribute_varchar` */

/*Table structure for table `catalog_product_link_type` */

DROP TABLE IF EXISTS `catalog_product_link_type`;

CREATE TABLE `catalog_product_link_type` (
  `link_type_id` tinyint(3) unsigned NOT NULL auto_increment,
  `code` varchar(32) NOT NULL default '',
  PRIMARY KEY  (`link_type_id`)
) ENGINE=InnoDB DEFAULT CHARSET=utf8 COMMENT='Types of product link(Related, superproduct, bundles)';

/*Data for the table `catalog_product_link_type` */

insert into `catalog_product_link_type` (`link_type_id`,`code`) values (1,'relation'),(2,'bundle'),(3,'super');

/*Table structure for table `catalog_product_store` */

DROP TABLE IF EXISTS `catalog_product_store`;

CREATE TABLE `catalog_product_store` (
  `store_id` smallint(5) unsigned NOT NULL default '0',
  `product_id` int(10) unsigned NOT NULL default '0',
  KEY `store_id` (`store_id`),
  KEY `FK_CATALOG_PRDUCT_STORE_PRODUCT` (`product_id`),
  CONSTRAINT `FK_CATALOG_PRDUCT_STORE_PRODUCT` FOREIGN KEY (`product_id`) REFERENCES `catalog_product_entity` (`entity_id`) ON DELETE CASCADE ON UPDATE CASCADE,
  CONSTRAINT `FK_CATALOG_PRDUCT_STORE_STORE` FOREIGN KEY (`store_id`) REFERENCES `core_store` (`store_id`) ON DELETE CASCADE ON UPDATE CASCADE
) ENGINE=InnoDB DEFAULT CHARSET=utf8;

/*Data for the table `catalog_product_store` */

insert into `catalog_product_store` (`store_id`,`product_id`) values (0,2400),(0,2401),(0,2402),(0,2403),(0,2404),(0,2405),(0,2406),(0,2407),(0,2408),(0,2409),(0,2410),(0,2411),(0,2412),(0,2413),(0,2414),(0,2415),(0,2416),(0,2417),(0,2418),(0,2419),(0,2420),(0,2421),(0,2422),(0,2423),(0,2424),(0,2425),(0,2426),(0,2427),(0,2428),(0,2429),(0,2430),(0,2431),(0,2432),(0,2433),(0,2434),(0,2435),(0,2436),(0,2437),(0,2438),(0,2439),(0,2440),(0,2441),(0,2442),(0,2443),(0,2444),(0,2445),(0,2446),(0,2447),(0,2448),(0,2449),(0,2450),(0,2451),(0,2452),(0,2453),(0,2454),(0,2455),(0,2456),(0,2457),(0,2458),(0,2459),(0,2460),(0,2461),(0,2462),(0,2463),(0,2464),(0,2465),(0,2466),(0,2467),(0,2468),(0,2469),(0,2470),(0,2471),(0,2472),(0,2473),(0,2474),(0,2475),(0,2476),(0,2477),(0,2478),(0,2479),(0,2480),(0,2481),(0,2482),(0,2483),(0,2484),(0,2485),(0,2486),(0,2487),(0,2488),(0,2489),(0,2490),(0,2491),(0,2492),(0,2493),(0,2494),(0,2495),(0,2496),(0,2497),(0,2498),(0,2499),(0,2500),(1,2400),(1,2401),(1,2402),(1,2403),(1,2404),(1,2405),(1,2406),(1,2407),(1,2408),(1,2409),(1,2410),(1,2411),(1,2412),(1,2413),(1,2414),(1,2415),(1,2416),(1,2417),(1,2418),(1,2419),(1,2420),(1,2421),(1,2422),(1,2423),(1,2424),(1,2425);
insert into `catalog_product_store` (`store_id`,`product_id`) values (1,2426),(1,2427),(1,2428),(1,2429),(1,2430),(1,2431),(1,2432),(1,2433),(1,2434),(1,2435),(1,2436),(1,2437),(1,2438),(1,2439),(1,2440),(1,2441),(1,2442),(1,2443),(1,2444),(1,2445),(1,2446),(1,2447),(1,2448),(1,2449),(1,2450),(1,2451),(1,2452),(1,2453),(1,2454),(1,2455),(1,2456),(1,2457),(1,2458),(1,2459),(1,2460),(1,2461),(1,2462),(1,2463),(1,2464),(1,2465),(1,2466),(1,2467),(1,2468),(1,2469),(1,2470),(1,2471),(1,2472),(1,2473),(1,2474),(1,2475),(1,2476),(1,2477),(1,2478),(1,2479),(1,2480),(1,2481),(1,2482),(1,2483),(1,2484),(1,2485),(1,2486),(1,2487),(1,2488),(1,2489),(1,2490),(1,2491),(1,2492),(1,2493),(1,2494),(1,2495),(1,2496),(1,2497),(1,2498),(1,2499),(1,2500);

/*Table structure for table `catalog_product_type` */

DROP TABLE IF EXISTS `catalog_product_type`;

CREATE TABLE `catalog_product_type` (
  `type_id` tinyint(3) unsigned NOT NULL auto_increment,
  `code` varchar(32) character set cp1251 NOT NULL default '',
  PRIMARY KEY  (`type_id`)
) ENGINE=InnoDB DEFAULT CHARSET=utf8;

/*Data for the table `catalog_product_type` */

insert into `catalog_product_type` (`type_id`,`code`) values (1,'simple'),(2,'bundle'),(3,'super');

/*Table structure for table `catalog_search` */

DROP TABLE IF EXISTS `catalog_search`;

CREATE TABLE `catalog_search` (
  `search_id` int(10) unsigned NOT NULL auto_increment,
  `search_query` varchar(255) NOT NULL default '',
  `num_results` int(10) unsigned NOT NULL default '0',
  `popularity` int(10) unsigned NOT NULL default '0',
  `redirect` varchar(255) NOT NULL default '',
  PRIMARY KEY  (`search_id`),
  KEY `search_query` (`search_query`,`popularity`)
) ENGINE=MyISAM DEFAULT CHARSET=utf8;

/*Data for the table `catalog_search` */

SET SQL_MODE=@OLD_SQL_MODE;
SET FOREIGN_KEY_CHECKS=@OLD_FOREIGN_KEY_CHECKS;
