/**
 * Magento
 *
 * NOTICE OF LICENSE
 *
 * This source file is subject to the Open Software License (OSL 3.0)
 * that is bundled with this package in the file LICENSE.txt.
 * It is also available through the world-wide-web at this URL:
 * http://opensource.org/licenses/osl-3.0.php
 * If you did not receive a copy of the license and are unable to
 * obtain it through the world-wide-web, please send an email
 * to license@magentocommerce.com so we can send you a copy immediately.
 *
 * @category   Mage
 * @package    Mage_Directory
 * @copyright  Copyright (c) 2004-2007 Irubin Consulting Inc. DBA Varien (http://www.varien.com)
 * @license    http://opensource.org/licenses/osl-3.0.php  Open Software License (OSL 3.0)
 */


/*!40101 SET NAMES utf8 */;

/*!40101 SET SQL_MODE=''*/;

/*!40014 SET @OLD_FOREIGN_KEY_CHECKS=@@FOREIGN_KEY_CHECKS, FOREIGN_KEY_CHECKS=0 */;
/*!40101 SET @OLD_SQL_MODE=@@SQL_MODE, SQL_MODE='NO_AUTO_VALUE_ON_ZERO' */;

/*Table structure for table `directory_country` */

DROP TABLE IF EXISTS `directory_country`;

CREATE TABLE `directory_country` (
  `country_id` smallint(6) NOT NULL auto_increment,
  `iso2_code` varchar(2) NOT NULL default '',
  `iso3_code` varchar(3) NOT NULL default '',
  `address_template_plain` text,
  `address_template_html` text,
  PRIMARY KEY  (`country_id`)
) ENGINE=InnoDB DEFAULT CHARSET=utf8 COMMENT='Countries';

/*Data for the table `directory_country` */

insert  into `directory_country`(`country_id`,`iso2_code`,`iso3_code`,`address_template_plain`,`address_template_html`) values (1,'AF','AFG','{{firstname}} {{lastname}}\n{{company}}\n{{street1}}\n{{street2}}\n{{city}}, {{region}} {{postcode}}','{{firstname}} {{lastname}}<br/>\n{{company}}<br/>\n{{street}}<br/>\n{{city}}, {{region}} {{postcode}}<br/>\nT: {{telephone}}'),(2,'AL','ALB','{{firstname}} {{lastname}}\n{{company}}\n{{street1}}\n{{street2}}\n{{city}}, {{region}} {{postcode}}','{{firstname}} {{lastname}}<br/>\n{{company}}<br/>\n{{street}}<br/>\n{{city}}, {{region}} {{postcode}}<br/>\nT: {{telephone}}'),(3,'DZ','DZA','{{firstname}} {{lastname}}\n{{company}}\n{{street1}}\n{{street2}}\n{{city}}, {{region}} {{postcode}}','{{firstname}} {{lastname}}<br/>\n{{company}}<br/>\n{{street}}<br/>\n{{city}}, {{region}} {{postcode}}<br/>\nT: {{telephone}}'),(4,'AS','ASM','{{firstname}} {{lastname}}\n{{company}}\n{{street1}}\n{{street2}}\n{{city}}, {{region}} {{postcode}}','{{firstname}} {{lastname}}<br/>\n{{company}}<br/>\n{{street}}<br/>\n{{city}}, {{region}} {{postcode}}<br/>\nT: {{telephone}}'),(5,'AD','AND','{{firstname}} {{lastname}}\n{{company}}\n{{street1}}\n{{street2}}\n{{city}}, {{region}} {{postcode}}','{{firstname}} {{lastname}}<br/>\n{{company}}<br/>\n{{street}}<br/>\n{{city}}, {{region}} {{postcode}}<br/>\nT: {{telephone}}'),(6,'AO','AGO','{{firstname}} {{lastname}}\n{{company}}\n{{street1}}\n{{street2}}\n{{city}}, {{region}} {{postcode}}','{{firstname}} {{lastname}}<br/>\n{{company}}<br/>\n{{street}}<br/>\n{{city}}, {{region}} {{postcode}}<br/>\nT: {{telephone}}'),(7,'AI','AIA','{{firstname}} {{lastname}}\n{{company}}\n{{street1}}\n{{street2}}\n{{city}}, {{region}} {{postcode}}','{{firstname}} {{lastname}}<br/>\n{{company}}<br/>\n{{street}}<br/>\n{{city}}, {{region}} {{postcode}}<br/>\nT: {{telephone}}'),(8,'AQ','ATA','{{firstname}} {{lastname}}\n{{company}}\n{{street1}}\n{{street2}}\n{{city}}, {{region}} {{postcode}}','{{firstname}} {{lastname}}<br/>\n{{company}}<br/>\n{{street}}<br/>\n{{city}}, {{region}} {{postcode}}<br/>\nT: {{telephone}}'),(9,'AG','ATG','{{firstname}} {{lastname}}\n{{company}}\n{{street1}}\n{{street2}}\n{{city}}, {{region}} {{postcode}}','{{firstname}} {{lastname}}<br/>\n{{company}}<br/>\n{{street}}<br/>\n{{city}}, {{region}} {{postcode}}<br/>\nT: {{telephone}}'),(10,'AR','ARG','{{firstname}} {{lastname}}\n{{company}}\n{{street1}}\n{{street2}}\n{{city}}, {{region}} {{postcode}}','{{firstname}} {{lastname}}<br/>\n{{company}}<br/>\n{{street}}<br/>\n{{city}}, {{region}} {{postcode}}<br/>\nT: {{telephone}}'),(11,'AM','ARM','{{firstname}} {{lastname}}\n{{company}}\n{{street1}}\n{{street2}}\n{{city}}, {{region}} {{postcode}}','{{firstname}} {{lastname}}<br/>\n{{company}}<br/>\n{{street}}<br/>\n{{city}}, {{region}} {{postcode}}<br/>\nT: {{telephone}}'),(12,'AW','ABW','{{firstname}} {{lastname}}\n{{company}}\n{{street1}}\n{{street2}}\n{{city}}, {{region}} {{postcode}}','{{firstname}} {{lastname}}<br/>\n{{company}}<br/>\n{{street}}<br/>\n{{city}}, {{region}} {{postcode}}<br/>\nT: {{telephone}}'),(13,'AU','AUS','{{firstname}} {{lastname}}\n{{company}}\n{{street1}}\n{{street2}}\n{{city}}, {{region}} {{postcode}}','{{firstname}} {{lastname}}<br/>\n{{company}}<br/>\n{{street}}<br/>\n{{city}}, {{region}} {{postcode}}<br/>\nT: {{telephone}}'),(14,'AT','AUT','{{firstname}} {{lastname}}\n{{company}}\n{{street1}}\n{{street2}}\n{{city}}, {{region}} {{postcode}}','{{firstname}} {{lastname}}<br/>\n{{company}}<br/>\n{{street}}<br/>\n{{city}}, {{region}} {{postcode}}<br/>\nT: {{telephone}}'),(15,'AZ','AZE','{{firstname}} {{lastname}}\n{{company}}\n{{street1}}\n{{street2}}\n{{city}}, {{region}} {{postcode}}','{{firstname}} {{lastname}}<br/>\n{{company}}<br/>\n{{street}}<br/>\n{{city}}, {{region}} {{postcode}}<br/>\nT: {{telephone}}'),(16,'BS','BHS','{{firstname}} {{lastname}}\n{{company}}\n{{street1}}\n{{street2}}\n{{city}}, {{region}} {{postcode}}','{{firstname}} {{lastname}}<br/>\n{{company}}<br/>\n{{street}}<br/>\n{{city}}, {{region}} {{postcode}}<br/>\nT: {{telephone}}'),(17,'BH','BHR','{{firstname}} {{lastname}}\n{{company}}\n{{street1}}\n{{street2}}\n{{city}}, {{region}} {{postcode}}','{{firstname}} {{lastname}}<br/>\n{{company}}<br/>\n{{street}}<br/>\n{{city}}, {{region}} {{postcode}}<br/>\nT: {{telephone}}'),(18,'BD','BGD','{{firstname}} {{lastname}}\n{{company}}\n{{street1}}\n{{street2}}\n{{city}}, {{region}} {{postcode}}','{{firstname}} {{lastname}}<br/>\n{{company}}<br/>\n{{street}}<br/>\n{{city}}, {{region}} {{postcode}}<br/>\nT: {{telephone}}'),(19,'BB','BRB','{{firstname}} {{lastname}}\n{{company}}\n{{street1}}\n{{street2}}\n{{city}}, {{region}} {{postcode}}','{{firstname}} {{lastname}}<br/>\n{{company}}<br/>\n{{street}}<br/>\n{{city}}, {{region}} {{postcode}}<br/>\nT: {{telephone}}'),(20,'BY','BLR','{{firstname}} {{lastname}}\n{{company}}\n{{street1}}\n{{street2}}\n{{city}}, {{region}} {{postcode}}','{{firstname}} {{lastname}}<br/>\n{{company}}<br/>\n{{street}}<br/>\n{{city}}, {{region}} {{postcode}}<br/>\nT: {{telephone}}'),(21,'BE','BEL','{{firstname}} {{lastname}}\n{{company}}\n{{street1}}\n{{street2}}\n{{city}}, {{region}} {{postcode}}','{{firstname}} {{lastname}}<br/>\n{{company}}<br/>\n{{street}}<br/>\n{{city}}, {{region}} {{postcode}}<br/>\nT: {{telephone}}'),(22,'BZ','BLZ','{{firstname}} {{lastname}}\n{{company}}\n{{street1}}\n{{street2}}\n{{city}}, {{region}} {{postcode}}','{{firstname}} {{lastname}}<br/>\n{{company}}<br/>\n{{street}}<br/>\n{{city}}, {{region}} {{postcode}}<br/>\nT: {{telephone}}'),(23,'BJ','BEN','{{firstname}} {{lastname}}\n{{company}}\n{{street1}}\n{{street2}}\n{{city}}, {{region}} {{postcode}}','{{firstname}} {{lastname}}<br/>\n{{company}}<br/>\n{{street}}<br/>\n{{city}}, {{region}} {{postcode}}<br/>\nT: {{telephone}}'),(24,'BM','BMU','{{firstname}} {{lastname}}\n{{company}}\n{{street1}}\n{{street2}}\n{{city}}, {{region}} {{postcode}}','{{firstname}} {{lastname}}<br/>\n{{company}}<br/>\n{{street}}<br/>\n{{city}}, {{region}} {{postcode}}<br/>\nT: {{telephone}}'),(25,'BT','BTN','{{firstname}} {{lastname}}\n{{company}}\n{{street1}}\n{{street2}}\n{{city}}, {{region}} {{postcode}}','{{firstname}} {{lastname}}<br/>\n{{company}}<br/>\n{{street}}<br/>\n{{city}}, {{region}} {{postcode}}<br/>\nT: {{telephone}}'),(26,'BO','BOL','{{firstname}} {{lastname}}\n{{company}}\n{{street1}}\n{{street2}}\n{{city}}, {{region}} {{postcode}}','{{firstname}} {{lastname}}<br/>\n{{company}}<br/>\n{{street}}<br/>\n{{city}}, {{region}} {{postcode}}<br/>\nT: {{telephone}}'),(27,'BA','BIH','{{firstname}} {{lastname}}\n{{company}}\n{{street1}}\n{{street2}}\n{{city}}, {{region}} {{postcode}}','{{firstname}} {{lastname}}<br/>\n{{company}}<br/>\n{{street}}<br/>\n{{city}}, {{region}} {{postcode}}<br/>\nT: {{telephone}}'),(28,'BW','BWA','{{firstname}} {{lastname}}\n{{company}}\n{{street1}}\n{{street2}}\n{{city}}, {{region}} {{postcode}}','{{firstname}} {{lastname}}<br/>\n{{company}}<br/>\n{{street}}<br/>\n{{city}}, {{region}} {{postcode}}<br/>\nT: {{telephone}}'),(29,'BV','BVT','{{firstname}} {{lastname}}\n{{company}}\n{{street1}}\n{{street2}}\n{{city}}, {{region}} {{postcode}}','{{firstname}} {{lastname}}<br/>\n{{company}}<br/>\n{{street}}<br/>\n{{city}}, {{region}} {{postcode}}<br/>\nT: {{telephone}}'),(30,'BR','BRA','{{firstname}} {{lastname}}\n{{company}}\n{{street1}}\n{{street2}}\n{{city}}, {{region}} {{postcode}}','{{firstname}} {{lastname}}<br/>\n{{company}}<br/>\n{{street}}<br/>\n{{city}}, {{region}} {{postcode}}<br/>\nT: {{telephone}}'),(31,'IO','IOT','{{firstname}} {{lastname}}\n{{company}}\n{{street1}}\n{{street2}}\n{{city}}, {{region}} {{postcode}}','{{firstname}} {{lastname}}<br/>\n{{company}}<br/>\n{{street}}<br/>\n{{city}}, {{region}} {{postcode}}<br/>\nT: {{telephone}}'),(32,'BN','BRN','{{firstname}} {{lastname}}\n{{company}}\n{{street1}}\n{{street2}}\n{{city}}, {{region}} {{postcode}}','{{firstname}} {{lastname}}<br/>\n{{company}}<br/>\n{{street}}<br/>\n{{city}}, {{region}} {{postcode}}<br/>\nT: {{telephone}}'),(33,'BG','BGR','{{firstname}} {{lastname}}\n{{company}}\n{{street1}}\n{{street2}}\n{{city}}, {{region}} {{postcode}}','{{firstname}} {{lastname}}<br/>\n{{company}}<br/>\n{{street}}<br/>\n{{city}}, {{region}} {{postcode}}<br/>\nT: {{telephone}}'),(34,'BF','BFA','{{firstname}} {{lastname}}\n{{company}}\n{{street1}}\n{{street2}}\n{{city}}, {{region}} {{postcode}}','{{firstname}} {{lastname}}<br/>\n{{company}}<br/>\n{{street}}<br/>\n{{city}}, {{region}} {{postcode}}<br/>\nT: {{telephone}}'),(35,'BI','BDI','{{firstname}} {{lastname}}\n{{company}}\n{{street1}}\n{{street2}}\n{{city}}, {{region}} {{postcode}}','{{firstname}} {{lastname}}<br/>\n{{company}}<br/>\n{{street}}<br/>\n{{city}}, {{region}} {{postcode}}<br/>\nT: {{telephone}}'),(36,'KH','KHM','{{firstname}} {{lastname}}\n{{company}}\n{{street1}}\n{{street2}}\n{{city}}, {{region}} {{postcode}}','{{firstname}} {{lastname}}<br/>\n{{company}}<br/>\n{{street}}<br/>\n{{city}}, {{region}} {{postcode}}<br/>\nT: {{telephone}}'),(37,'CM','CMR','{{firstname}} {{lastname}}\n{{company}}\n{{street1}}\n{{street2}}\n{{city}}, {{region}} {{postcode}}','{{firstname}} {{lastname}}<br/>\n{{company}}<br/>\n{{street}}<br/>\n{{city}}, {{region}} {{postcode}}<br/>\nT: {{telephone}}'),(38,'CA','CAN','{{firstname}} {{lastname}}\n{{company}}\n{{street1}}\n{{street2}}\n{{city}}, {{region}} {{postcode}}','{{firstname}} {{lastname}}<br/>\n{{company}}<br/>\n{{street}}<br/>\n{{city}}, {{region}} {{postcode}}<br/>\nT: {{telephone}}'),(39,'CV','CPV','{{firstname}} {{lastname}}\n{{company}}\n{{street1}}\n{{street2}}\n{{city}}, {{region}} {{postcode}}','{{firstname}} {{lastname}}<br/>\n{{company}}<br/>\n{{street}}<br/>\n{{city}}, {{region}} {{postcode}}<br/>\nT: {{telephone}}'),(40,'KY','CYM','{{firstname}} {{lastname}}\n{{company}}\n{{street1}}\n{{street2}}\n{{city}}, {{region}} {{postcode}}','{{firstname}} {{lastname}}<br/>\n{{company}}<br/>\n{{street}}<br/>\n{{city}}, {{region}} {{postcode}}<br/>\nT: {{telephone}}'),(41,'CF','CAF','{{firstname}} {{lastname}}\n{{company}}\n{{street1}}\n{{street2}}\n{{city}}, {{region}} {{postcode}}','{{firstname}} {{lastname}}<br/>\n{{company}}<br/>\n{{street}}<br/>\n{{city}}, {{region}} {{postcode}}<br/>\nT: {{telephone}}'),(42,'TD','TCD','{{firstname}} {{lastname}}\n{{company}}\n{{street1}}\n{{street2}}\n{{city}}, {{region}} {{postcode}}','{{firstname}} {{lastname}}<br/>\n{{company}}<br/>\n{{street}}<br/>\n{{city}}, {{region}} {{postcode}}<br/>\nT: {{telephone}}'),(43,'CL','CHL','{{firstname}} {{lastname}}\n{{company}}\n{{street1}}\n{{street2}}\n{{city}}, {{region}} {{postcode}}','{{firstname}} {{lastname}}<br/>\n{{company}}<br/>\n{{street}}<br/>\n{{city}}, {{region}} {{postcode}}<br/>\nT: {{telephone}}'),(44,'CN','CHN','{{firstname}} {{lastname}}\n{{company}}\n{{street1}}\n{{street2}}\n{{city}}, {{region}} {{postcode}}','{{firstname}} {{lastname}}<br/>\n{{company}}<br/>\n{{street}}<br/>\n{{city}}, {{region}} {{postcode}}<br/>\nT: {{telephone}}'),(45,'CX','CXR','{{firstname}} {{lastname}}\n{{company}}\n{{street1}}\n{{street2}}\n{{city}}, {{region}} {{postcode}}','{{firstname}} {{lastname}}<br/>\n{{company}}<br/>\n{{street}}<br/>\n{{city}}, {{region}} {{postcode}}<br/>\nT: {{telephone}}'),(46,'CC','CCK','{{firstname}} {{lastname}}\n{{company}}\n{{street1}}\n{{street2}}\n{{city}}, {{region}} {{postcode}}','{{firstname}} {{lastname}}<br/>\n{{company}}<br/>\n{{street}}<br/>\n{{city}}, {{region}} {{postcode}}<br/>\nT: {{telephone}}'),(47,'CO','COL','{{firstname}} {{lastname}}\n{{company}}\n{{street1}}\n{{street2}}\n{{city}}, {{region}} {{postcode}}','{{firstname}} {{lastname}}<br/>\n{{company}}<br/>\n{{street}}<br/>\n{{city}}, {{region}} {{postcode}}<br/>\nT: {{telephone}}'),(48,'KM','COM','{{firstname}} {{lastname}}\n{{company}}\n{{street1}}\n{{street2}}\n{{city}}, {{region}} {{postcode}}','{{firstname}} {{lastname}}<br/>\n{{company}}<br/>\n{{street}}<br/>\n{{city}}, {{region}} {{postcode}}<br/>\nT: {{telephone}}'),(49,'CG','COG','{{firstname}} {{lastname}}\n{{company}}\n{{street1}}\n{{street2}}\n{{city}}, {{region}} {{postcode}}','{{firstname}} {{lastname}}<br/>\n{{company}}<br/>\n{{street}}<br/>\n{{city}}, {{region}} {{postcode}}<br/>\nT: {{telephone}}'),(50,'CK','COK','{{firstname}} {{lastname}}\n{{company}}\n{{street1}}\n{{street2}}\n{{city}}, {{region}} {{postcode}}','{{firstname}} {{lastname}}<br/>\n{{company}}<br/>\n{{street}}<br/>\n{{city}}, {{region}} {{postcode}}<br/>\nT: {{telephone}}'),(51,'CR','CRI','{{firstname}} {{lastname}}\n{{company}}\n{{street1}}\n{{street2}}\n{{city}}, {{region}} {{postcode}}','{{firstname}} {{lastname}}<br/>\n{{company}}<br/>\n{{street}}<br/>\n{{city}}, {{region}} {{postcode}}<br/>\nT: {{telephone}}'),(52,'CI','CIV','{{firstname}} {{lastname}}\n{{company}}\n{{street1}}\n{{street2}}\n{{city}}, {{region}} {{postcode}}','{{firstname}} {{lastname}}<br/>\n{{company}}<br/>\n{{street}}<br/>\n{{city}}, {{region}} {{postcode}}<br/>\nT: {{telephone}}'),(53,'HR','HRV','{{firstname}} {{lastname}}\n{{company}}\n{{street1}}\n{{street2}}\n{{city}}, {{region}} {{postcode}}','{{firstname}} {{lastname}}<br/>\n{{company}}<br/>\n{{street}}<br/>\n{{city}}, {{region}} {{postcode}}<br/>\nT: {{telephone}}'),(54,'CU','CUB','{{firstname}} {{lastname}}\n{{company}}\n{{street1}}\n{{street2}}\n{{city}}, {{region}} {{postcode}}','{{firstname}} {{lastname}}<br/>\n{{company}}<br/>\n{{street}}<br/>\n{{city}}, {{region}} {{postcode}}<br/>\nT: {{telephone}}'),(55,'CY','CYP','{{firstname}} {{lastname}}\n{{company}}\n{{street1}}\n{{street2}}\n{{city}}, {{region}} {{postcode}}','{{firstname}} {{lastname}}<br/>\n{{company}}<br/>\n{{street}}<br/>\n{{city}}, {{region}} {{postcode}}<br/>\nT: {{telephone}}'),(56,'CZ','CZE','{{firstname}} {{lastname}}\n{{company}}\n{{street1}}\n{{street2}}\n{{city}}, {{region}} {{postcode}}','{{firstname}} {{lastname}}<br/>\n{{company}}<br/>\n{{street}}<br/>\n{{city}}, {{region}} {{postcode}}<br/>\nT: {{telephone}}'),(57,'DK','DNK','{{firstname}} {{lastname}}\n{{company}}\n{{street1}}\n{{street2}}\n{{city}}, {{region}} {{postcode}}','{{firstname}} {{lastname}}<br/>\n{{company}}<br/>\n{{street}}<br/>\n{{city}}, {{region}} {{postcode}}<br/>\nT: {{telephone}}'),(58,'DJ','DJI','{{firstname}} {{lastname}}\n{{company}}\n{{street1}}\n{{street2}}\n{{city}}, {{region}} {{postcode}}','{{firstname}} {{lastname}}<br/>\n{{company}}<br/>\n{{street}}<br/>\n{{city}}, {{region}} {{postcode}}<br/>\nT: {{telephone}}'),(59,'DM','DMA','{{firstname}} {{lastname}}\n{{company}}\n{{street1}}\n{{street2}}\n{{city}}, {{region}} {{postcode}}','{{firstname}} {{lastname}}<br/>\n{{company}}<br/>\n{{street}}<br/>\n{{city}}, {{region}} {{postcode}}<br/>\nT: {{telephone}}'),(60,'DO','DOM','{{firstname}} {{lastname}}\n{{company}}\n{{street1}}\n{{street2}}\n{{city}}, {{region}} {{postcode}}','{{firstname}} {{lastname}}<br/>\n{{company}}<br/>\n{{street}}<br/>\n{{city}}, {{region}} {{postcode}}<br/>\nT: {{telephone}}'),(61,'TP','TMP','{{firstname}} {{lastname}}\n{{company}}\n{{street1}}\n{{street2}}\n{{city}}, {{region}} {{postcode}}','{{firstname}} {{lastname}}<br/>\n{{company}}<br/>\n{{street}}<br/>\n{{city}}, {{region}} {{postcode}}<br/>\nT: {{telephone}}'),(62,'EC','ECU','{{firstname}} {{lastname}}\n{{company}}\n{{street1}}\n{{street2}}\n{{city}}, {{region}} {{postcode}}','{{firstname}} {{lastname}}<br/>\n{{company}}<br/>\n{{street}}<br/>\n{{city}}, {{region}} {{postcode}}<br/>\nT: {{telephone}}'),(63,'EG','EGY','{{firstname}} {{lastname}}\n{{company}}\n{{street1}}\n{{street2}}\n{{city}}, {{region}} {{postcode}}','{{firstname}} {{lastname}}<br/>\n{{company}}<br/>\n{{street}}<br/>\n{{city}}, {{region}} {{postcode}}<br/>\nT: {{telephone}}'),(64,'SV','SLV','{{firstname}} {{lastname}}\n{{company}}\n{{street1}}\n{{street2}}\n{{city}}, {{region}} {{postcode}}','{{firstname}} {{lastname}}<br/>\n{{company}}<br/>\n{{street}}<br/>\n{{city}}, {{region}} {{postcode}}<br/>\nT: {{telephone}}'),(65,'GQ','GNQ','{{firstname}} {{lastname}}\n{{company}}\n{{street1}}\n{{street2}}\n{{city}}, {{region}} {{postcode}}','{{firstname}} {{lastname}}<br/>\n{{company}}<br/>\n{{street}}<br/>\n{{city}}, {{region}} {{postcode}}<br/>\nT: {{telephone}}'),(66,'ER','ERI','{{firstname}} {{lastname}}\n{{company}}\n{{street1}}\n{{street2}}\n{{city}}, {{region}} {{postcode}}','{{firstname}} {{lastname}}<br/>\n{{company}}<br/>\n{{street}}<br/>\n{{city}}, {{region}} {{postcode}}<br/>\nT: {{telephone}}'),(67,'EE','EST','{{firstname}} {{lastname}}\n{{company}}\n{{street1}}\n{{street2}}\n{{city}}, {{region}} {{postcode}}','{{firstname}} {{lastname}}<br/>\n{{company}}<br/>\n{{street}}<br/>\n{{city}}, {{region}} {{postcode}}<br/>\nT: {{telephone}}'),(68,'ET','ETH','{{firstname}} {{lastname}}\n{{company}}\n{{street1}}\n{{street2}}\n{{city}}, {{region}} {{postcode}}','{{firstname}} {{lastname}}<br/>\n{{company}}<br/>\n{{street}}<br/>\n{{city}}, {{region}} {{postcode}}<br/>\nT: {{telephone}}'),(69,'FK','FLK','{{firstname}} {{lastname}}\n{{company}}\n{{street1}}\n{{street2}}\n{{city}}, {{region}} {{postcode}}','{{firstname}} {{lastname}}<br/>\n{{company}}<br/>\n{{street}}<br/>\n{{city}}, {{region}} {{postcode}}<br/>\nT: {{telephone}}'),(70,'FO','FRO','{{firstname}} {{lastname}}\n{{company}}\n{{street1}}\n{{street2}}\n{{city}}, {{region}} {{postcode}}','{{firstname}} {{lastname}}<br/>\n{{company}}<br/>\n{{street}}<br/>\n{{city}}, {{region}} {{postcode}}<br/>\nT: {{telephone}}'),(71,'FJ','FJI','{{firstname}} {{lastname}}\n{{company}}\n{{street1}}\n{{street2}}\n{{city}}, {{region}} {{postcode}}','{{firstname}} {{lastname}}<br/>\n{{company}}<br/>\n{{street}}<br/>\n{{city}}, {{region}} {{postcode}}<br/>\nT: {{telephone}}'),(72,'FI','FIN','{{firstname}} {{lastname}}\n{{company}}\n{{street1}}\n{{street2}}\n{{city}}, {{region}} {{postcode}}','{{firstname}} {{lastname}}<br/>\n{{company}}<br/>\n{{street}}<br/>\n{{city}}, {{region}} {{postcode}}<br/>\nT: {{telephone}}'),(73,'FR','FRA','{{firstname}} {{lastname}}\n{{company}}\n{{street1}}\n{{street2}}\n{{city}}, {{region}} {{postcode}}','{{firstname}} {{lastname}}<br/>\n{{company}}<br/>\n{{street}}<br/>\n{{city}}, {{region}} {{postcode}}<br/>\nT: {{telephone}}'),(74,'FX','FXX','{{firstname}} {{lastname}}\n{{company}}\n{{street1}}\n{{street2}}\n{{city}}, {{region}} {{postcode}}','{{firstname}} {{lastname}}<br/>\n{{company}}<br/>\n{{street}}<br/>\n{{city}}, {{region}} {{postcode}}<br/>\nT: {{telephone}}'),(75,'GF','GUF','{{firstname}} {{lastname}}\n{{company}}\n{{street1}}\n{{street2}}\n{{city}}, {{region}} {{postcode}}','{{firstname}} {{lastname}}<br/>\n{{company}}<br/>\n{{street}}<br/>\n{{city}}, {{region}} {{postcode}}<br/>\nT: {{telephone}}'),(76,'PF','PYF','{{firstname}} {{lastname}}\n{{company}}\n{{street1}}\n{{street2}}\n{{city}}, {{region}} {{postcode}}','{{firstname}} {{lastname}}<br/>\n{{company}}<br/>\n{{street}}<br/>\n{{city}}, {{region}} {{postcode}}<br/>\nT: {{telephone}}'),(77,'TF','ATF','{{firstname}} {{lastname}}\n{{company}}\n{{street1}}\n{{street2}}\n{{city}}, {{region}} {{postcode}}','{{firstname}} {{lastname}}<br/>\n{{company}}<br/>\n{{street}}<br/>\n{{city}}, {{region}} {{postcode}}<br/>\nT: {{telephone}}'),(78,'GA','GAB','{{firstname}} {{lastname}}\n{{company}}\n{{street1}}\n{{street2}}\n{{city}}, {{region}} {{postcode}}','{{firstname}} {{lastname}}<br/>\n{{company}}<br/>\n{{street}}<br/>\n{{city}}, {{region}} {{postcode}}<br/>\nT: {{telephone}}'),(79,'GM','GMB','{{firstname}} {{lastname}}\n{{company}}\n{{street1}}\n{{street2}}\n{{city}}, {{region}} {{postcode}}','{{firstname}} {{lastname}}<br/>\n{{company}}<br/>\n{{street}}<br/>\n{{city}}, {{region}} {{postcode}}<br/>\nT: {{telephone}}'),(80,'GE','GEO','{{firstname}} {{lastname}}\n{{company}}\n{{street1}}\n{{street2}}\n{{city}}, {{region}} {{postcode}}','{{firstname}} {{lastname}}<br/>\n{{company}}<br/>\n{{street}}<br/>\n{{city}}, {{region}} {{postcode}}<br/>\nT: {{telephone}}'),(81,'DE','DEU','{{firstname}} {{lastname}}\n{{company}}\n{{street1}}\n{{street2}}\n{{city}}, {{region}} {{postcode}}','{{firstname}} {{lastname}}<br/>\n{{company}}<br/>\n{{street}}<br/>\n{{city}}, {{region}} {{postcode}}<br/>\nT: {{telephone}}'),(82,'GH','GHA','{{firstname}} {{lastname}}\n{{company}}\n{{street1}}\n{{street2}}\n{{city}}, {{region}} {{postcode}}','{{firstname}} {{lastname}}<br/>\n{{company}}<br/>\n{{street}}<br/>\n{{city}}, {{region}} {{postcode}}<br/>\nT: {{telephone}}'),(83,'GI','GIB','{{firstname}} {{lastname}}\n{{company}}\n{{street1}}\n{{street2}}\n{{city}}, {{region}} {{postcode}}','{{firstname}} {{lastname}}<br/>\n{{company}}<br/>\n{{street}}<br/>\n{{city}}, {{region}} {{postcode}}<br/>\nT: {{telephone}}'),(84,'GR','GRC','{{firstname}} {{lastname}}\n{{company}}\n{{street1}}\n{{street2}}\n{{city}}, {{region}} {{postcode}}','{{firstname}} {{lastname}}<br/>\n{{company}}<br/>\n{{street}}<br/>\n{{city}}, {{region}} {{postcode}}<br/>\nT: {{telephone}}'),(85,'GL','GRL','{{firstname}} {{lastname}}\n{{company}}\n{{street1}}\n{{street2}}\n{{city}}, {{region}} {{postcode}}','{{firstname}} {{lastname}}<br/>\n{{company}}<br/>\n{{street}}<br/>\n{{city}}, {{region}} {{postcode}}<br/>\nT: {{telephone}}'),(86,'GD','GRD','{{firstname}} {{lastname}}\n{{company}}\n{{street1}}\n{{street2}}\n{{city}}, {{region}} {{postcode}}','{{firstname}} {{lastname}}<br/>\n{{company}}<br/>\n{{street}}<br/>\n{{city}}, {{region}} {{postcode}}<br/>\nT: {{telephone}}'),(87,'GP','GLP','{{firstname}} {{lastname}}\n{{company}}\n{{street1}}\n{{street2}}\n{{city}}, {{region}} {{postcode}}','{{firstname}} {{lastname}}<br/>\n{{company}}<br/>\n{{street}}<br/>\n{{city}}, {{region}} {{postcode}}<br/>\nT: {{telephone}}'),(88,'GU','GUM','{{firstname}} {{lastname}}\n{{company}}\n{{street1}}\n{{street2}}\n{{city}}, {{region}} {{postcode}}','{{firstname}} {{lastname}}<br/>\n{{company}}<br/>\n{{street}}<br/>\n{{city}}, {{region}} {{postcode}}<br/>\nT: {{telephone}}'),(89,'GT','GTM','{{firstname}} {{lastname}}\n{{company}}\n{{street1}}\n{{street2}}\n{{city}}, {{region}} {{postcode}}','{{firstname}} {{lastname}}<br/>\n{{company}}<br/>\n{{street}}<br/>\n{{city}}, {{region}} {{postcode}}<br/>\nT: {{telephone}}'),(90,'GN','GIN','{{firstname}} {{lastname}}\n{{company}}\n{{street1}}\n{{street2}}\n{{city}}, {{region}} {{postcode}}','{{firstname}} {{lastname}}<br/>\n{{company}}<br/>\n{{street}}<br/>\n{{city}}, {{region}} {{postcode}}<br/>\nT: {{telephone}}'),(91,'GW','GNB','{{firstname}} {{lastname}}\n{{company}}\n{{street1}}\n{{street2}}\n{{city}}, {{region}} {{postcode}}','{{firstname}} {{lastname}}<br/>\n{{company}}<br/>\n{{street}}<br/>\n{{city}}, {{region}} {{postcode}}<br/>\nT: {{telephone}}'),(92,'GY','GUY','{{firstname}} {{lastname}}\n{{company}}\n{{street1}}\n{{street2}}\n{{city}}, {{region}} {{postcode}}','{{firstname}} {{lastname}}<br/>\n{{company}}<br/>\n{{street}}<br/>\n{{city}}, {{region}} {{postcode}}<br/>\nT: {{telephone}}'),(93,'HT','HTI','{{firstname}} {{lastname}}\n{{company}}\n{{street1}}\n{{street2}}\n{{city}}, {{region}} {{postcode}}','{{firstname}} {{lastname}}<br/>\n{{company}}<br/>\n{{street}}<br/>\n{{city}}, {{region}} {{postcode}}<br/>\nT: {{telephone}}'),(94,'HM','HMD','{{firstname}} {{lastname}}\n{{company}}\n{{street1}}\n{{street2}}\n{{city}}, {{region}} {{postcode}}','{{firstname}} {{lastname}}<br/>\n{{company}}<br/>\n{{street}}<br/>\n{{city}}, {{region}} {{postcode}}<br/>\nT: {{telephone}}'),(95,'HN','HND','{{firstname}} {{lastname}}\n{{company}}\n{{street1}}\n{{street2}}\n{{city}}, {{region}} {{postcode}}','{{firstname}} {{lastname}}<br/>\n{{company}}<br/>\n{{street}}<br/>\n{{city}}, {{region}} {{postcode}}<br/>\nT: {{telephone}}'),(96,'HK','HKG','{{firstname}} {{lastname}}\n{{company}}\n{{street1}}\n{{street2}}\n{{city}}, {{region}} {{postcode}}','{{firstname}} {{lastname}}<br/>\n{{company}}<br/>\n{{street}}<br/>\n{{city}}, {{region}} {{postcode}}<br/>\nT: {{telephone}}'),(97,'HU','HUN','{{firstname}} {{lastname}}\n{{company}}\n{{street1}}\n{{street2}}\n{{city}}, {{region}} {{postcode}}','{{firstname}} {{lastname}}<br/>\n{{company}}<br/>\n{{street}}<br/>\n{{city}}, {{region}} {{postcode}}<br/>\nT: {{telephone}}'),(98,'IS','ISL','{{firstname}} {{lastname}}\n{{company}}\n{{street1}}\n{{street2}}\n{{city}}, {{region}} {{postcode}}','{{firstname}} {{lastname}}<br/>\n{{company}}<br/>\n{{street}}<br/>\n{{city}}, {{region}} {{postcode}}<br/>\nT: {{telephone}}'),(99,'IN','IND','{{firstname}} {{lastname}}\n{{company}}\n{{street1}}\n{{street2}}\n{{city}}, {{region}} {{postcode}}','{{firstname}} {{lastname}}<br/>\n{{company}}<br/>\n{{street}}<br/>\n{{city}}, {{region}} {{postcode}}<br/>\nT: {{telephone}}'),(100,'ID','IDN','{{firstname}} {{lastname}}\n{{company}}\n{{street1}}\n{{street2}}\n{{city}}, {{region}} {{postcode}}','{{firstname}} {{lastname}}<br/>\n{{company}}<br/>\n{{street}}<br/>\n{{city}}, {{region}} {{postcode}}<br/>\nT: {{telephone}}'),(101,'IR','IRN','{{firstname}} {{lastname}}\n{{company}}\n{{street1}}\n{{street2}}\n{{city}}, {{region}} {{postcode}}','{{firstname}} {{lastname}}<br/>\n{{company}}<br/>\n{{street}}<br/>\n{{city}}, {{region}} {{postcode}}<br/>\nT: {{telephone}}'),(102,'IQ','IRQ','{{firstname}} {{lastname}}\n{{company}}\n{{street1}}\n{{street2}}\n{{city}}, {{region}} {{postcode}}','{{firstname}} {{lastname}}<br/>\n{{company}}<br/>\n{{street}}<br/>\n{{city}}, {{region}} {{postcode}}<br/>\nT: {{telephone}}'),(103,'IE','IRL','{{firstname}} {{lastname}}\n{{company}}\n{{street1}}\n{{street2}}\n{{city}}, {{region}} {{postcode}}','{{firstname}} {{lastname}}<br/>\n{{company}}<br/>\n{{street}}<br/>\n{{city}}, {{region}} {{postcode}}<br/>\nT: {{telephone}}'),(104,'IL','ISR','{{firstname}} {{lastname}}\n{{company}}\n{{street1}}\n{{street2}}\n{{city}}, {{region}} {{postcode}}','{{firstname}} {{lastname}}<br/>\n{{company}}<br/>\n{{street}}<br/>\n{{city}}, {{region}} {{postcode}}<br/>\nT: {{telephone}}'),(105,'IT','ITA','{{firstname}} {{lastname}}\n{{company}}\n{{street1}}\n{{street2}}\n{{city}}, {{region}} {{postcode}}','{{firstname}} {{lastname}}<br/>\n{{company}}<br/>\n{{street}}<br/>\n{{city}}, {{region}} {{postcode}}<br/>\nT: {{telephone}}'),(106,'JM','JAM','{{firstname}} {{lastname}}\n{{company}}\n{{street1}}\n{{street2}}\n{{city}}, {{region}} {{postcode}}','{{firstname}} {{lastname}}<br/>\n{{company}}<br/>\n{{street}}<br/>\n{{city}}, {{region}} {{postcode}}<br/>\nT: {{telephone}}'),(107,'JP','JPN','{{firstname}} {{lastname}}\n{{company}}\n{{street1}}\n{{street2}}\n{{city}}, {{region}} {{postcode}}','{{firstname}} {{lastname}}<br/>\n{{company}}<br/>\n{{street}}<br/>\n{{city}}, {{region}} {{postcode}}<br/>\nT: {{telephone}}'),(108,'JO','JOR','{{firstname}} {{lastname}}\n{{company}}\n{{street1}}\n{{street2}}\n{{city}}, {{region}} {{postcode}}','{{firstname}} {{lastname}}<br/>\n{{company}}<br/>\n{{street}}<br/>\n{{city}}, {{region}} {{postcode}}<br/>\nT: {{telephone}}'),(109,'KZ','KAZ','{{firstname}} {{lastname}}\n{{company}}\n{{street1}}\n{{street2}}\n{{city}}, {{region}} {{postcode}}','{{firstname}} {{lastname}}<br/>\n{{company}}<br/>\n{{street}}<br/>\n{{city}}, {{region}} {{postcode}}<br/>\nT: {{telephone}}'),(110,'KE','KEN','{{firstname}} {{lastname}}\n{{company}}\n{{street1}}\n{{street2}}\n{{city}}, {{region}} {{postcode}}','{{firstname}} {{lastname}}<br/>\n{{company}}<br/>\n{{street}}<br/>\n{{city}}, {{region}} {{postcode}}<br/>\nT: {{telephone}}'),(111,'KI','KIR','{{firstname}} {{lastname}}\n{{company}}\n{{street1}}\n{{street2}}\n{{city}}, {{region}} {{postcode}}','{{firstname}} {{lastname}}<br/>\n{{company}}<br/>\n{{street}}<br/>\n{{city}}, {{region}} {{postcode}}<br/>\nT: {{telephone}}'),(112,'KP','PRK','{{firstname}} {{lastname}}\n{{company}}\n{{street1}}\n{{street2}}\n{{city}}, {{region}} {{postcode}}','{{firstname}} {{lastname}}<br/>\n{{company}}<br/>\n{{street}}<br/>\n{{city}}, {{region}} {{postcode}}<br/>\nT: {{telephone}}'),(113,'KR','KOR','{{firstname}} {{lastname}}\n{{company}}\n{{street1}}\n{{street2}}\n{{city}}, {{region}} {{postcode}}','{{firstname}} {{lastname}}<br/>\n{{company}}<br/>\n{{street}}<br/>\n{{city}}, {{region}} {{postcode}}<br/>\nT: {{telephone}}'),(114,'KW','KWT','{{firstname}} {{lastname}}\n{{company}}\n{{street1}}\n{{street2}}\n{{city}}, {{region}} {{postcode}}','{{firstname}} {{lastname}}<br/>\n{{company}}<br/>\n{{street}}<br/>\n{{city}}, {{region}} {{postcode}}<br/>\nT: {{telephone}}'),(115,'KG','KGZ','{{firstname}} {{lastname}}\n{{company}}\n{{street1}}\n{{street2}}\n{{city}}, {{region}} {{postcode}}','{{firstname}} {{lastname}}<br/>\n{{company}}<br/>\n{{street}}<br/>\n{{city}}, {{region}} {{postcode}}<br/>\nT: {{telephone}}'),(116,'LA','LAO','{{firstname}} {{lastname}}\n{{company}}\n{{street1}}\n{{street2}}\n{{city}}, {{region}} {{postcode}}','{{firstname}} {{lastname}}<br/>\n{{company}}<br/>\n{{street}}<br/>\n{{city}}, {{region}} {{postcode}}<br/>\nT: {{telephone}}'),(117,'LV','LVA','{{firstname}} {{lastname}}\n{{company}}\n{{street1}}\n{{street2}}\n{{city}}, {{region}} {{postcode}}','{{firstname}} {{lastname}}<br/>\n{{company}}<br/>\n{{street}}<br/>\n{{city}}, {{region}} {{postcode}}<br/>\nT: {{telephone}}'),(118,'LB','LBN','{{firstname}} {{lastname}}\n{{company}}\n{{street1}}\n{{street2}}\n{{city}}, {{region}} {{postcode}}','{{firstname}} {{lastname}}<br/>\n{{company}}<br/>\n{{street}}<br/>\n{{city}}, {{region}} {{postcode}}<br/>\nT: {{telephone}}'),(119,'LS','LSO','{{firstname}} {{lastname}}\n{{company}}\n{{street1}}\n{{street2}}\n{{city}}, {{region}} {{postcode}}','{{firstname}} {{lastname}}<br/>\n{{company}}<br/>\n{{street}}<br/>\n{{city}}, {{region}} {{postcode}}<br/>\nT: {{telephone}}'),(120,'LR','LBR','{{firstname}} {{lastname}}\n{{company}}\n{{street1}}\n{{street2}}\n{{city}}, {{region}} {{postcode}}','{{firstname}} {{lastname}}<br/>\n{{company}}<br/>\n{{street}}<br/>\n{{city}}, {{region}} {{postcode}}<br/>\nT: {{telephone}}'),(121,'LY','LBY','{{firstname}} {{lastname}}\n{{company}}\n{{street1}}\n{{street2}}\n{{city}}, {{region}} {{postcode}}','{{firstname}} {{lastname}}<br/>\n{{company}}<br/>\n{{street}}<br/>\n{{city}}, {{region}} {{postcode}}<br/>\nT: {{telephone}}'),(122,'LI','LIE','{{firstname}} {{lastname}}\n{{company}}\n{{street1}}\n{{street2}}\n{{city}}, {{region}} {{postcode}}','{{firstname}} {{lastname}}<br/>\n{{company}}<br/>\n{{street}}<br/>\n{{city}}, {{region}} {{postcode}}<br/>\nT: {{telephone}}'),(123,'LT','LTU','{{firstname}} {{lastname}}\n{{company}}\n{{street1}}\n{{street2}}\n{{city}}, {{region}} {{postcode}}','{{firstname}} {{lastname}}<br/>\n{{company}}<br/>\n{{street}}<br/>\n{{city}}, {{region}} {{postcode}}<br/>\nT: {{telephone}}'),(124,'LU','LUX','{{firstname}} {{lastname}}\n{{company}}\n{{street1}}\n{{street2}}\n{{city}}, {{region}} {{postcode}}','{{firstname}} {{lastname}}<br/>\n{{company}}<br/>\n{{street}}<br/>\n{{city}}, {{region}} {{postcode}}<br/>\nT: {{telephone}}'),(125,'MO','MAC','{{firstname}} {{lastname}}\n{{company}}\n{{street1}}\n{{street2}}\n{{city}}, {{region}} {{postcode}}','{{firstname}} {{lastname}}<br/>\n{{company}}<br/>\n{{street}}<br/>\n{{city}}, {{region}} {{postcode}}<br/>\nT: {{telephone}}'),(126,'MK','MKD','{{firstname}} {{lastname}}\n{{company}}\n{{street1}}\n{{street2}}\n{{city}}, {{region}} {{postcode}}','{{firstname}} {{lastname}}<br/>\n{{company}}<br/>\n{{street}}<br/>\n{{city}}, {{region}} {{postcode}}<br/>\nT: {{telephone}}'),(127,'MG','MDG','{{firstname}} {{lastname}}\n{{company}}\n{{street1}}\n{{street2}}\n{{city}}, {{region}} {{postcode}}','{{firstname}} {{lastname}}<br/>\n{{company}}<br/>\n{{street}}<br/>\n{{city}}, {{region}} {{postcode}}<br/>\nT: {{telephone}}'),(128,'MW','MWI','{{firstname}} {{lastname}}\n{{company}}\n{{street1}}\n{{street2}}\n{{city}}, {{region}} {{postcode}}','{{firstname}} {{lastname}}<br/>\n{{company}}<br/>\n{{street}}<br/>\n{{city}}, {{region}} {{postcode}}<br/>\nT: {{telephone}}'),(129,'MY','MYS','{{firstname}} {{lastname}}\n{{company}}\n{{street1}}\n{{street2}}\n{{city}}, {{region}} {{postcode}}','{{firstname}} {{lastname}}<br/>\n{{company}}<br/>\n{{street}}<br/>\n{{city}}, {{region}} {{postcode}}<br/>\nT: {{telephone}}'),(130,'MV','MDV','{{firstname}} {{lastname}}\n{{company}}\n{{street1}}\n{{street2}}\n{{city}}, {{region}} {{postcode}}','{{firstname}} {{lastname}}<br/>\n{{company}}<br/>\n{{street}}<br/>\n{{city}}, {{region}} {{postcode}}<br/>\nT: {{telephone}}'),(131,'ML','MLI','{{firstname}} {{lastname}}\n{{company}}\n{{street1}}\n{{street2}}\n{{city}}, {{region}} {{postcode}}','{{firstname}} {{lastname}}<br/>\n{{company}}<br/>\n{{street}}<br/>\n{{city}}, {{region}} {{postcode}}<br/>\nT: {{telephone}}'),(132,'MT','MLT','{{firstname}} {{lastname}}\n{{company}}\n{{street1}}\n{{street2}}\n{{city}}, {{region}} {{postcode}}','{{firstname}} {{lastname}}<br/>\n{{company}}<br/>\n{{street}}<br/>\n{{city}}, {{region}} {{postcode}}<br/>\nT: {{telephone}}'),(133,'MH','MHL','{{firstname}} {{lastname}}\n{{company}}\n{{street1}}\n{{street2}}\n{{city}}, {{region}} {{postcode}}','{{firstname}} {{lastname}}<br/>\n{{company}}<br/>\n{{street}}<br/>\n{{city}}, {{region}} {{postcode}}<br/>\nT: {{telephone}}'),(134,'MQ','MTQ','{{firstname}} {{lastname}}\n{{company}}\n{{street1}}\n{{street2}}\n{{city}}, {{region}} {{postcode}}','{{firstname}} {{lastname}}<br/>\n{{company}}<br/>\n{{street}}<br/>\n{{city}}, {{region}} {{postcode}}<br/>\nT: {{telephone}}'),(135,'MR','MRT','{{firstname}} {{lastname}}\n{{company}}\n{{street1}}\n{{street2}}\n{{city}}, {{region}} {{postcode}}','{{firstname}} {{lastname}}<br/>\n{{company}}<br/>\n{{street}}<br/>\n{{city}}, {{region}} {{postcode}}<br/>\nT: {{telephone}}'),(136,'MU','MUS','{{firstname}} {{lastname}}\n{{company}}\n{{street1}}\n{{street2}}\n{{city}}, {{region}} {{postcode}}','{{firstname}} {{lastname}}<br/>\n{{company}}<br/>\n{{street}}<br/>\n{{city}}, {{region}} {{postcode}}<br/>\nT: {{telephone}}'),(137,'YT','MYT','{{firstname}} {{lastname}}\n{{company}}\n{{street1}}\n{{street2}}\n{{city}}, {{region}} {{postcode}}','{{firstname}} {{lastname}}<br/>\n{{company}}<br/>\n{{street}}<br/>\n{{city}}, {{region}} {{postcode}}<br/>\nT: {{telephone}}'),(138,'MX','MEX','{{firstname}} {{lastname}}\n{{company}}\n{{street1}}\n{{street2}}\n{{city}}, {{region}} {{postcode}}','{{firstname}} {{lastname}}<br/>\n{{company}}<br/>\n{{street}}<br/>\n{{city}}, {{region}} {{postcode}}<br/>\nT: {{telephone}}'),(139,'FM','FSM','{{firstname}} {{lastname}}\n{{company}}\n{{street1}}\n{{street2}}\n{{city}}, {{region}} {{postcode}}','{{firstname}} {{lastname}}<br/>\n{{company}}<br/>\n{{street}}<br/>\n{{city}}, {{region}} {{postcode}}<br/>\nT: {{telephone}}'),(140,'MD','MDA','{{firstname}} {{lastname}}\n{{company}}\n{{street1}}\n{{street2}}\n{{city}}, {{region}} {{postcode}}','{{firstname}} {{lastname}}<br/>\n{{company}}<br/>\n{{street}}<br/>\n{{city}}, {{region}} {{postcode}}<br/>\nT: {{telephone}}'),(141,'MC','MCO','{{firstname}} {{lastname}}\n{{company}}\n{{street1}}\n{{street2}}\n{{city}}, {{region}} {{postcode}}','{{firstname}} {{lastname}}<br/>\n{{company}}<br/>\n{{street}}<br/>\n{{city}}, {{region}} {{postcode}}<br/>\nT: {{telephone}}'),(142,'MN','MNG','{{firstname}} {{lastname}}\n{{company}}\n{{street1}}\n{{street2}}\n{{city}}, {{region}} {{postcode}}','{{firstname}} {{lastname}}<br/>\n{{company}}<br/>\n{{street}}<br/>\n{{city}}, {{region}} {{postcode}}<br/>\nT: {{telephone}}'),(143,'MS','MSR','{{firstname}} {{lastname}}\n{{company}}\n{{street1}}\n{{street2}}\n{{city}}, {{region}} {{postcode}}','{{firstname}} {{lastname}}<br/>\n{{company}}<br/>\n{{street}}<br/>\n{{city}}, {{region}} {{postcode}}<br/>\nT: {{telephone}}'),(144,'MA','MAR','{{firstname}} {{lastname}}\n{{company}}\n{{street1}}\n{{street2}}\n{{city}}, {{region}} {{postcode}}','{{firstname}} {{lastname}}<br/>\n{{company}}<br/>\n{{street}}<br/>\n{{city}}, {{region}} {{postcode}}<br/>\nT: {{telephone}}'),(145,'MZ','MOZ','{{firstname}} {{lastname}}\n{{company}}\n{{street1}}\n{{street2}}\n{{city}}, {{region}} {{postcode}}','{{firstname}} {{lastname}}<br/>\n{{company}}<br/>\n{{street}}<br/>\n{{city}}, {{region}} {{postcode}}<br/>\nT: {{telephone}}'),(146,'MM','MMR','{{firstname}} {{lastname}}\n{{company}}\n{{street1}}\n{{street2}}\n{{city}}, {{region}} {{postcode}}','{{firstname}} {{lastname}}<br/>\n{{company}}<br/>\n{{street}}<br/>\n{{city}}, {{region}} {{postcode}}<br/>\nT: {{telephone}}'),(147,'NA','NAM','{{firstname}} {{lastname}}\n{{company}}\n{{street1}}\n{{street2}}\n{{city}}, {{region}} {{postcode}}','{{firstname}} {{lastname}}<br/>\n{{company}}<br/>\n{{street}}<br/>\n{{city}}, {{region}} {{postcode}}<br/>\nT: {{telephone}}'),(148,'NR','NRU','{{firstname}} {{lastname}}\n{{company}}\n{{street1}}\n{{street2}}\n{{city}}, {{region}} {{postcode}}','{{firstname}} {{lastname}}<br/>\n{{company}}<br/>\n{{street}}<br/>\n{{city}}, {{region}} {{postcode}}<br/>\nT: {{telephone}}'),(149,'NP','NPL','{{firstname}} {{lastname}}\n{{company}}\n{{street1}}\n{{street2}}\n{{city}}, {{region}} {{postcode}}','{{firstname}} {{lastname}}<br/>\n{{company}}<br/>\n{{street}}<br/>\n{{city}}, {{region}} {{postcode}}<br/>\nT: {{telephone}}'),(150,'NL','NLD','{{firstname}} {{lastname}}\n{{company}}\n{{street1}}\n{{street2}}\n{{city}}, {{region}} {{postcode}}','{{firstname}} {{lastname}}<br/>\n{{company}}<br/>\n{{street}}<br/>\n{{city}}, {{region}} {{postcode}}<br/>\nT: {{telephone}}'),(151,'AN','ANT','{{firstname}} {{lastname}}\n{{company}}\n{{street1}}\n{{street2}}\n{{city}}, {{region}} {{postcode}}','{{firstname}} {{lastname}}<br/>\n{{company}}<br/>\n{{street}}<br/>\n{{city}}, {{region}} {{postcode}}<br/>\nT: {{telephone}}'),(152,'NC','NCL','{{firstname}} {{lastname}}\n{{company}}\n{{street1}}\n{{street2}}\n{{city}}, {{region}} {{postcode}}','{{firstname}} {{lastname}}<br/>\n{{company}}<br/>\n{{street}}<br/>\n{{city}}, {{region}} {{postcode}}<br/>\nT: {{telephone}}'),(153,'NZ','NZL','{{firstname}} {{lastname}}\n{{company}}\n{{street1}}\n{{street2}}\n{{city}}, {{region}} {{postcode}}','{{firstname}} {{lastname}}<br/>\n{{company}}<br/>\n{{street}}<br/>\n{{city}}, {{region}} {{postcode}}<br/>\nT: {{telephone}}'),(154,'NI','NIC','{{firstname}} {{lastname}}\n{{company}}\n{{street1}}\n{{street2}}\n{{city}}, {{region}} {{postcode}}','{{firstname}} {{lastname}}<br/>\n{{company}}<br/>\n{{street}}<br/>\n{{city}}, {{region}} {{postcode}}<br/>\nT: {{telephone}}'),(155,'NE','NER','{{firstname}} {{lastname}}\n{{company}}\n{{street1}}\n{{street2}}\n{{city}}, {{region}} {{postcode}}','{{firstname}} {{lastname}}<br/>\n{{company}}<br/>\n{{street}}<br/>\n{{city}}, {{region}} {{postcode}}<br/>\nT: {{telephone}}'),(156,'NG','NGA','{{firstname}} {{lastname}}\n{{company}}\n{{street1}}\n{{street2}}\n{{city}}, {{region}} {{postcode}}','{{firstname}} {{lastname}}<br/>\n{{company}}<br/>\n{{street}}<br/>\n{{city}}, {{region}} {{postcode}}<br/>\nT: {{telephone}}'),(157,'NU','NIU','{{firstname}} {{lastname}}\n{{company}}\n{{street1}}\n{{street2}}\n{{city}}, {{region}} {{postcode}}','{{firstname}} {{lastname}}<br/>\n{{company}}<br/>\n{{street}}<br/>\n{{city}}, {{region}} {{postcode}}<br/>\nT: {{telephone}}'),(158,'NF','NFK','{{firstname}} {{lastname}}\n{{company}}\n{{street1}}\n{{street2}}\n{{city}}, {{region}} {{postcode}}','{{firstname}} {{lastname}}<br/>\n{{company}}<br/>\n{{street}}<br/>\n{{city}}, {{region}} {{postcode}}<br/>\nT: {{telephone}}'),(159,'MP','MNP','{{firstname}} {{lastname}}\n{{company}}\n{{street1}}\n{{street2}}\n{{city}}, {{region}} {{postcode}}','{{firstname}} {{lastname}}<br/>\n{{company}}<br/>\n{{street}}<br/>\n{{city}}, {{region}} {{postcode}}<br/>\nT: {{telephone}}'),(160,'NO','NOR','{{firstname}} {{lastname}}\n{{company}}\n{{street1}}\n{{street2}}\n{{city}}, {{region}} {{postcode}}','{{firstname}} {{lastname}}<br/>\n{{company}}<br/>\n{{street}}<br/>\n{{city}}, {{region}} {{postcode}}<br/>\nT: {{telephone}}'),(161,'OM','OMN','{{firstname}} {{lastname}}\n{{company}}\n{{street1}}\n{{street2}}\n{{city}}, {{region}} {{postcode}}','{{firstname}} {{lastname}}<br/>\n{{company}}<br/>\n{{street}}<br/>\n{{city}}, {{region}} {{postcode}}<br/>\nT: {{telephone}}'),(162,'PK','PAK','{{firstname}} {{lastname}}\n{{company}}\n{{street1}}\n{{street2}}\n{{city}}, {{region}} {{postcode}}','{{firstname}} {{lastname}}<br/>\n{{company}}<br/>\n{{street}}<br/>\n{{city}}, {{region}} {{postcode}}<br/>\nT: {{telephone}}'),(163,'PW','PLW','{{firstname}} {{lastname}}\n{{company}}\n{{street1}}\n{{street2}}\n{{city}}, {{region}} {{postcode}}','{{firstname}} {{lastname}}<br/>\n{{company}}<br/>\n{{street}}<br/>\n{{city}}, {{region}} {{postcode}}<br/>\nT: {{telephone}}'),(164,'PA','PAN','{{firstname}} {{lastname}}\n{{company}}\n{{street1}}\n{{street2}}\n{{city}}, {{region}} {{postcode}}','{{firstname}} {{lastname}}<br/>\n{{company}}<br/>\n{{street}}<br/>\n{{city}}, {{region}} {{postcode}}<br/>\nT: {{telephone}}'),(165,'PG','PNG','{{firstname}} {{lastname}}\n{{company}}\n{{street1}}\n{{street2}}\n{{city}}, {{region}} {{postcode}}','{{firstname}} {{lastname}}<br/>\n{{company}}<br/>\n{{street}}<br/>\n{{city}}, {{region}} {{postcode}}<br/>\nT: {{telephone}}'),(166,'PY','PRY','{{firstname}} {{lastname}}\n{{company}}\n{{street1}}\n{{street2}}\n{{city}}, {{region}} {{postcode}}','{{firstname}} {{lastname}}<br/>\n{{company}}<br/>\n{{street}}<br/>\n{{city}}, {{region}} {{postcode}}<br/>\nT: {{telephone}}'),(167,'PE','PER','{{firstname}} {{lastname}}\n{{company}}\n{{street1}}\n{{street2}}\n{{city}}, {{region}} {{postcode}}','{{firstname}} {{lastname}}<br/>\n{{company}}<br/>\n{{street}}<br/>\n{{city}}, {{region}} {{postcode}}<br/>\nT: {{telephone}}'),(168,'PH','PHL','{{firstname}} {{lastname}}\n{{company}}\n{{street1}}\n{{street2}}\n{{city}}, {{region}} {{postcode}}','{{firstname}} {{lastname}}<br/>\n{{company}}<br/>\n{{street}}<br/>\n{{city}}, {{region}} {{postcode}}<br/>\nT: {{telephone}}'),(169,'PN','PCN','{{firstname}} {{lastname}}\n{{company}}\n{{street1}}\n{{street2}}\n{{city}}, {{region}} {{postcode}}','{{firstname}} {{lastname}}<br/>\n{{company}}<br/>\n{{street}}<br/>\n{{city}}, {{region}} {{postcode}}<br/>\nT: {{telephone}}'),(170,'PL','POL','{{firstname}} {{lastname}}\n{{company}}\n{{street1}}\n{{street2}}\n{{city}}, {{region}} {{postcode}}','{{firstname}} {{lastname}}<br/>\n{{company}}<br/>\n{{street}}<br/>\n{{city}}, {{region}} {{postcode}}<br/>\nT: {{telephone}}'),(171,'PT','PRT','{{firstname}} {{lastname}}\n{{company}}\n{{street1}}\n{{street2}}\n{{city}}, {{region}} {{postcode}}','{{firstname}} {{lastname}}<br/>\n{{company}}<br/>\n{{street}}<br/>\n{{city}}, {{region}} {{postcode}}<br/>\nT: {{telephone}}'),(172,'PR','PRI','{{firstname}} {{lastname}}\n{{company}}\n{{street1}}\n{{street2}}\n{{city}}, {{region}} {{postcode}}','{{firstname}} {{lastname}}<br/>\n{{company}}<br/>\n{{street}}<br/>\n{{city}}, {{region}} {{postcode}}<br/>\nT: {{telephone}}'),(173,'QA','QAT','{{firstname}} {{lastname}}\n{{company}}\n{{street1}}\n{{street2}}\n{{city}}, {{region}} {{postcode}}','{{firstname}} {{lastname}}<br/>\n{{company}}<br/>\n{{street}}<br/>\n{{city}}, {{region}} {{postcode}}<br/>\nT: {{telephone}}'),(174,'RE','REU','{{firstname}} {{lastname}}\n{{company}}\n{{street1}}\n{{street2}}\n{{city}}, {{region}} {{postcode}}','{{firstname}} {{lastname}}<br/>\n{{company}}<br/>\n{{street}}<br/>\n{{city}}, {{region}} {{postcode}}<br/>\nT: {{telephone}}'),(175,'RO','ROM','{{firstname}} {{lastname}}\n{{company}}\n{{street1}}\n{{street2}}\n{{city}}, {{region}} {{postcode}}','{{firstname}} {{lastname}}<br/>\n{{company}}<br/>\n{{street}}<br/>\n{{city}}, {{region}} {{postcode}}<br/>\nT: {{telephone}}'),(176,'RU','RUS','{{firstname}} {{lastname}}\n{{company}}\n{{street1}}\n{{street2}}\n{{city}}, {{region}} {{postcode}}','{{firstname}} {{lastname}}<br/>\n{{company}}<br/>\n{{street}}<br/>\n{{city}}, {{region}} {{postcode}}<br/>\nT: {{telephone}}'),(177,'RW','RWA','{{firstname}} {{lastname}}\n{{company}}\n{{street1}}\n{{street2}}\n{{city}}, {{region}} {{postcode}}','{{firstname}} {{lastname}}<br/>\n{{company}}<br/>\n{{street}}<br/>\n{{city}}, {{region}} {{postcode}}<br/>\nT: {{telephone}}'),(178,'KN','KNA','{{firstname}} {{lastname}}\n{{company}}\n{{street1}}\n{{street2}}\n{{city}}, {{region}} {{postcode}}','{{firstname}} {{lastname}}<br/>\n{{company}}<br/>\n{{street}}<br/>\n{{city}}, {{region}} {{postcode}}<br/>\nT: {{telephone}}'),(179,'LC','LCA','{{firstname}} {{lastname}}\n{{company}}\n{{street1}}\n{{street2}}\n{{city}}, {{region}} {{postcode}}','{{firstname}} {{lastname}}<br/>\n{{company}}<br/>\n{{street}}<br/>\n{{city}}, {{region}} {{postcode}}<br/>\nT: {{telephone}}'),(180,'VC','VCT','{{firstname}} {{lastname}}\n{{company}}\n{{street1}}\n{{street2}}\n{{city}}, {{region}} {{postcode}}','{{firstname}} {{lastname}}<br/>\n{{company}}<br/>\n{{street}}<br/>\n{{city}}, {{region}} {{postcode}}<br/>\nT: {{telephone}}'),(181,'WS','WSM','{{firstname}} {{lastname}}\n{{company}}\n{{street1}}\n{{street2}}\n{{city}}, {{region}} {{postcode}}','{{firstname}} {{lastname}}<br/>\n{{company}}<br/>\n{{street}}<br/>\n{{city}}, {{region}} {{postcode}}<br/>\nT: {{telephone}}'),(182,'SM','SMR','{{firstname}} {{lastname}}\n{{company}}\n{{street1}}\n{{street2}}\n{{city}}, {{region}} {{postcode}}','{{firstname}} {{lastname}}<br/>\n{{company}}<br/>\n{{street}}<br/>\n{{city}}, {{region}} {{postcode}}<br/>\nT: {{telephone}}'),(183,'ST','STP','{{firstname}} {{lastname}}\n{{company}}\n{{street1}}\n{{street2}}\n{{city}}, {{region}} {{postcode}}','{{firstname}} {{lastname}}<br/>\n{{company}}<br/>\n{{street}}<br/>\n{{city}}, {{region}} {{postcode}}<br/>\nT: {{telephone}}'),(184,'SA','SAU','{{firstname}} {{lastname}}\n{{company}}\n{{street1}}\n{{street2}}\n{{city}}, {{region}} {{postcode}}','{{firstname}} {{lastname}}<br/>\n{{company}}<br/>\n{{street}}<br/>\n{{city}}, {{region}} {{postcode}}<br/>\nT: {{telephone}}'),(185,'SN','SEN','{{firstname}} {{lastname}}\n{{company}}\n{{street1}}\n{{street2}}\n{{city}}, {{region}} {{postcode}}','{{firstname}} {{lastname}}<br/>\n{{company}}<br/>\n{{street}}<br/>\n{{city}}, {{region}} {{postcode}}<br/>\nT: {{telephone}}'),(186,'SC','SYC','{{firstname}} {{lastname}}\n{{company}}\n{{street1}}\n{{street2}}\n{{city}}, {{region}} {{postcode}}','{{firstname}} {{lastname}}<br/>\n{{company}}<br/>\n{{street}}<br/>\n{{city}}, {{region}} {{postcode}}<br/>\nT: {{telephone}}'),(187,'SL','SLE','{{firstname}} {{lastname}}\n{{company}}\n{{street1}}\n{{street2}}\n{{city}}, {{region}} {{postcode}}','{{firstname}} {{lastname}}<br/>\n{{company}}<br/>\n{{street}}<br/>\n{{city}}, {{region}} {{postcode}}<br/>\nT: {{telephone}}'),(188,'SG','SGP','{{firstname}} {{lastname}}\n{{company}}\n{{street1}}\n{{street2}}\n{{city}}, {{region}} {{postcode}}','{{firstname}} {{lastname}}<br/>\n{{company}}<br/>\n{{street}}<br/>\n{{city}}, {{region}} {{postcode}}<br/>\nT: {{telephone}}'),(189,'SK','SVK','{{firstname}} {{lastname}}\n{{company}}\n{{street1}}\n{{street2}}\n{{city}}, {{region}} {{postcode}}','{{firstname}} {{lastname}}<br/>\n{{company}}<br/>\n{{street}}<br/>\n{{city}}, {{region}} {{postcode}}<br/>\nT: {{telephone}}'),(190,'SI','SVN','{{firstname}} {{lastname}}\n{{company}}\n{{street1}}\n{{street2}}\n{{city}}, {{region}} {{postcode}}','{{firstname}} {{lastname}}<br/>\n{{company}}<br/>\n{{street}}<br/>\n{{city}}, {{region}} {{postcode}}<br/>\nT: {{telephone}}'),(191,'SB','SLB','{{firstname}} {{lastname}}\n{{company}}\n{{street1}}\n{{street2}}\n{{city}}, {{region}} {{postcode}}','{{firstname}} {{lastname}}<br/>\n{{company}}<br/>\n{{street}}<br/>\n{{city}}, {{region}} {{postcode}}<br/>\nT: {{telephone}}'),(192,'SO','SOM','{{firstname}} {{lastname}}\n{{company}}\n{{street1}}\n{{street2}}\n{{city}}, {{region}} {{postcode}}','{{firstname}} {{lastname}}<br/>\n{{company}}<br/>\n{{street}}<br/>\n{{city}}, {{region}} {{postcode}}<br/>\nT: {{telephone}}'),(193,'ZA','ZAF','{{firstname}} {{lastname}}\n{{company}}\n{{street1}}\n{{street2}}\n{{city}}, {{region}} {{postcode}}','{{firstname}} {{lastname}}<br/>\n{{company}}<br/>\n{{street}}<br/>\n{{city}}, {{region}} {{postcode}}<br/>\nT: {{telephone}}'),(194,'GS','SGS','{{firstname}} {{lastname}}\n{{company}}\n{{street1}}\n{{street2}}\n{{city}}, {{region}} {{postcode}}','{{firstname}} {{lastname}}<br/>\n{{company}}<br/>\n{{street}}<br/>\n{{city}}, {{region}} {{postcode}}<br/>\nT: {{telephone}}'),(195,'ES','ESP','{{firstname}} {{lastname}}\n{{company}}\n{{street1}}\n{{street2}}\n{{city}}, {{region}} {{postcode}}','{{firstname}} {{lastname}}<br/>\n{{company}}<br/>\n{{street}}<br/>\n{{city}}, {{region}} {{postcode}}<br/>\nT: {{telephone}}'),(196,'LK','LKA','{{firstname}} {{lastname}}\n{{company}}\n{{street1}}\n{{street2}}\n{{city}}, {{region}} {{postcode}}','{{firstname}} {{lastname}}<br/>\n{{company}}<br/>\n{{street}}<br/>\n{{city}}, {{region}} {{postcode}}<br/>\nT: {{telephone}}'),(197,'SH','SHN','{{firstname}} {{lastname}}\n{{company}}\n{{street1}}\n{{street2}}\n{{city}}, {{region}} {{postcode}}','{{firstname}} {{lastname}}<br/>\n{{company}}<br/>\n{{street}}<br/>\n{{city}}, {{region}} {{postcode}}<br/>\nT: {{telephone}}'),(198,'PM','SPM','{{firstname}} {{lastname}}\n{{company}}\n{{street1}}\n{{street2}}\n{{city}}, {{region}} {{postcode}}','{{firstname}} {{lastname}}<br/>\n{{company}}<br/>\n{{street}}<br/>\n{{city}}, {{region}} {{postcode}}<br/>\nT: {{telephone}}'),(199,'SD','SDN','{{firstname}} {{lastname}}\n{{company}}\n{{street1}}\n{{street2}}\n{{city}}, {{region}} {{postcode}}','{{firstname}} {{lastname}}<br/>\n{{company}}<br/>\n{{street}}<br/>\n{{city}}, {{region}} {{postcode}}<br/>\nT: {{telephone}}'),(200,'SR','SUR','{{firstname}} {{lastname}}\n{{company}}\n{{street1}}\n{{street2}}\n{{city}}, {{region}} {{postcode}}','{{firstname}} {{lastname}}<br/>\n{{company}}<br/>\n{{street}}<br/>\n{{city}}, {{region}} {{postcode}}<br/>\nT: {{telephone}}'),(201,'SJ','SJM','{{firstname}} {{lastname}}\n{{company}}\n{{street1}}\n{{street2}}\n{{city}}, {{region}} {{postcode}}','{{firstname}} {{lastname}}<br/>\n{{company}}<br/>\n{{street}}<br/>\n{{city}}, {{region}} {{postcode}}<br/>\nT: {{telephone}}'),(202,'SZ','SWZ','{{firstname}} {{lastname}}\n{{company}}\n{{street1}}\n{{street2}}\n{{city}}, {{region}} {{postcode}}','{{firstname}} {{lastname}}<br/>\n{{company}}<br/>\n{{street}}<br/>\n{{city}}, {{region}} {{postcode}}<br/>\nT: {{telephone}}'),(203,'SE','SWE','{{firstname}} {{lastname}}\n{{company}}\n{{street1}}\n{{street2}}\n{{city}}, {{region}} {{postcode}}','{{firstname}} {{lastname}}<br/>\n{{company}}<br/>\n{{street}}<br/>\n{{city}}, {{region}} {{postcode}}<br/>\nT: {{telephone}}'),(204,'CH','CHE','{{firstname}} {{lastname}}\n{{company}}\n{{street1}}\n{{street2}}\n{{city}}, {{region}} {{postcode}}','{{firstname}} {{lastname}}<br/>\n{{company}}<br/>\n{{street}}<br/>\n{{city}}, {{region}} {{postcode}}<br/>\nT: {{telephone}}'),(205,'SY','SYR','{{firstname}} {{lastname}}\n{{company}}\n{{street1}}\n{{street2}}\n{{city}}, {{region}} {{postcode}}','{{firstname}} {{lastname}}<br/>\n{{company}}<br/>\n{{street}}<br/>\n{{city}}, {{region}} {{postcode}}<br/>\nT: {{telephone}}'),(206,'TW','TWN','{{firstname}} {{lastname}}\n{{company}}\n{{street1}}\n{{street2}}\n{{city}}, {{region}} {{postcode}}','{{firstname}} {{lastname}}<br/>\n{{company}}<br/>\n{{street}}<br/>\n{{city}}, {{region}} {{postcode}}<br/>\nT: {{telephone}}'),(207,'TJ','TJK','{{firstname}} {{lastname}}\n{{company}}\n{{street1}}\n{{street2}}\n{{city}}, {{region}} {{postcode}}','{{firstname}} {{lastname}}<br/>\n{{company}}<br/>\n{{street}}<br/>\n{{city}}, {{region}} {{postcode}}<br/>\nT: {{telephone}}'),(208,'TZ','TZA','{{firstname}} {{lastname}}\n{{company}}\n{{street1}}\n{{street2}}\n{{city}}, {{region}} {{postcode}}','{{firstname}} {{lastname}}<br/>\n{{company}}<br/>\n{{street}}<br/>\n{{city}}, {{region}} {{postcode}}<br/>\nT: {{telephone}}'),(209,'TH','THA','{{firstname}} {{lastname}}\n{{company}}\n{{street1}}\n{{street2}}\n{{city}}, {{region}} {{postcode}}','{{firstname}} {{lastname}}<br/>\n{{company}}<br/>\n{{street}}<br/>\n{{city}}, {{region}} {{postcode}}<br/>\nT: {{telephone}}'),(210,'TG','TGO','{{firstname}} {{lastname}}\n{{company}}\n{{street1}}\n{{street2}}\n{{city}}, {{region}} {{postcode}}','{{firstname}} {{lastname}}<br/>\n{{company}}<br/>\n{{street}}<br/>\n{{city}}, {{region}} {{postcode}}<br/>\nT: {{telephone}}'),(211,'TK','TKL','{{firstname}} {{lastname}}\n{{company}}\n{{street1}}\n{{street2}}\n{{city}}, {{region}} {{postcode}}','{{firstname}} {{lastname}}<br/>\n{{company}}<br/>\n{{street}}<br/>\n{{city}}, {{region}} {{postcode}}<br/>\nT: {{telephone}}'),(212,'TO','TON','{{firstname}} {{lastname}}\n{{company}}\n{{street1}}\n{{street2}}\n{{city}}, {{region}} {{postcode}}','{{firstname}} {{lastname}}<br/>\n{{company}}<br/>\n{{street}}<br/>\n{{city}}, {{region}} {{postcode}}<br/>\nT: {{telephone}}'),(213,'TT','TTO','{{firstname}} {{lastname}}\n{{company}}\n{{street1}}\n{{street2}}\n{{city}}, {{region}} {{postcode}}','{{firstname}} {{lastname}}<br/>\n{{company}}<br/>\n{{street}}<br/>\n{{city}}, {{region}} {{postcode}}<br/>\nT: {{telephone}}'),(214,'TN','TUN','{{firstname}} {{lastname}}\n{{company}}\n{{street1}}\n{{street2}}\n{{city}}, {{region}} {{postcode}}','{{firstname}} {{lastname}}<br/>\n{{company}}<br/>\n{{street}}<br/>\n{{city}}, {{region}} {{postcode}}<br/>\nT: {{telephone}}'),(215,'TR','TUR','{{firstname}} {{lastname}}\n{{company}}\n{{street1}}\n{{street2}}\n{{city}}, {{region}} {{postcode}}','{{firstname}} {{lastname}}<br/>\n{{company}}<br/>\n{{street}}<br/>\n{{city}}, {{region}} {{postcode}}<br/>\nT: {{telephone}}'),(216,'TM','TKM','{{firstname}} {{lastname}}\n{{company}}\n{{street1}}\n{{street2}}\n{{city}}, {{region}} {{postcode}}','{{firstname}} {{lastname}}<br/>\n{{company}}<br/>\n{{street}}<br/>\n{{city}}, {{region}} {{postcode}}<br/>\nT: {{telephone}}'),(217,'TC','TCA','{{firstname}} {{lastname}}\n{{company}}\n{{street1}}\n{{street2}}\n{{city}}, {{region}} {{postcode}}','{{firstname}} {{lastname}}<br/>\n{{company}}<br/>\n{{street}}<br/>\n{{city}}, {{region}} {{postcode}}<br/>\nT: {{telephone}}'),(218,'TV','TUV','{{firstname}} {{lastname}}\n{{company}}\n{{street1}}\n{{street2}}\n{{city}}, {{region}} {{postcode}}','{{firstname}} {{lastname}}<br/>\n{{company}}<br/>\n{{street}}<br/>\n{{city}}, {{region}} {{postcode}}<br/>\nT: {{telephone}}'),(219,'UG','UGA','{{firstname}} {{lastname}}\n{{company}}\n{{street1}}\n{{street2}}\n{{city}}, {{region}} {{postcode}}','{{firstname}} {{lastname}}<br/>\n{{company}}<br/>\n{{street}}<br/>\n{{city}}, {{region}} {{postcode}}<br/>\nT: {{telephone}}'),(220,'UA','UKR','{{firstname}} {{lastname}}\n{{company}}\n{{street1}}\n{{street2}}\n{{city}}, {{region}} {{postcode}}','{{firstname}} {{lastname}}<br/>\n{{company}}<br/>\n{{street}}<br/>\n{{city}}, {{region}} {{postcode}}<br/>\nT: {{telephone}}'),(221,'AE','ARE','{{firstname}} {{lastname}}\n{{company}}\n{{street1}}\n{{street2}}\n{{city}}, {{region}} {{postcode}}','{{firstname}} {{lastname}}<br/>\n{{company}}<br/>\n{{street}}<br/>\n{{city}}, {{region}} {{postcode}}<br/>\nT: {{telephone}}'),(222,'GB','GBR','{{firstname}} {{lastname}}\n{{company}}\n{{street1}}\n{{street2}}\n{{city}}, {{region}} {{postcode}}','{{firstname}} {{lastname}}<br/>\n{{company}}<br/>\n{{street}}<br/>\n{{city}}, {{region}} {{postcode}}<br/>\nT: {{telephone}}'),(223,'US','USA','{{firstname}} {{lastname}}\n{{company}}\n{{street1}}\n{{street2}}\n{{city}}, {{region}} {{postcode}}','{{firstname}} {{lastname}}<br/>\n{{company}}<br/>\n{{street}}<br/>\n{{city}}, {{region}} {{postcode}}<br/>\nT: {{telephone}}'),(224,'UM','UMI','{{firstname}} {{lastname}}\n{{company}}\n{{street1}}\n{{street2}}\n{{city}}, {{region}} {{postcode}}','{{firstname}} {{lastname}}<br/>\n{{company}}<br/>\n{{street}}<br/>\n{{city}}, {{region}} {{postcode}}<br/>\nT: {{telephone}}'),(225,'UY','URY','{{firstname}} {{lastname}}\n{{company}}\n{{street1}}\n{{street2}}\n{{city}}, {{region}} {{postcode}}','{{firstname}} {{lastname}}<br/>\n{{company}}<br/>\n{{street}}<br/>\n{{city}}, {{region}} {{postcode}}<br/>\nT: {{telephone}}'),(226,'UZ','UZB','{{firstname}} {{lastname}}\n{{company}}\n{{street1}}\n{{street2}}\n{{city}}, {{region}} {{postcode}}','{{firstname}} {{lastname}}<br/>\n{{company}}<br/>\n{{street}}<br/>\n{{city}}, {{region}} {{postcode}}<br/>\nT: {{telephone}}'),(227,'VU','VUT','{{firstname}} {{lastname}}\n{{company}}\n{{street1}}\n{{street2}}\n{{city}}, {{region}} {{postcode}}','{{firstname}} {{lastname}}<br/>\n{{company}}<br/>\n{{street}}<br/>\n{{city}}, {{region}} {{postcode}}<br/>\nT: {{telephone}}'),(228,'VA','VAT','{{firstname}} {{lastname}}\n{{company}}\n{{street1}}\n{{street2}}\n{{city}}, {{region}} {{postcode}}','{{firstname}} {{lastname}}<br/>\n{{company}}<br/>\n{{street}}<br/>\n{{city}}, {{region}} {{postcode}}<br/>\nT: {{telephone}}'),(229,'VE','VEN','{{firstname}} {{lastname}}\n{{company}}\n{{street1}}\n{{street2}}\n{{city}}, {{region}} {{postcode}}','{{firstname}} {{lastname}}<br/>\n{{company}}<br/>\n{{street}}<br/>\n{{city}}, {{region}} {{postcode}}<br/>\nT: {{telephone}}'),(230,'VN','VNM','{{firstname}} {{lastname}}\n{{company}}\n{{street1}}\n{{street2}}\n{{city}}, {{region}} {{postcode}}','{{firstname}} {{lastname}}<br/>\n{{company}}<br/>\n{{street}}<br/>\n{{city}}, {{region}} {{postcode}}<br/>\nT: {{telephone}}'),(231,'VG','VGB','{{firstname}} {{lastname}}\n{{company}}\n{{street1}}\n{{street2}}\n{{city}}, {{region}} {{postcode}}','{{firstname}} {{lastname}}<br/>\n{{company}}<br/>\n{{street}}<br/>\n{{city}}, {{region}} {{postcode}}<br/>\nT: {{telephone}}'),(232,'VI','VIR','{{firstname}} {{lastname}}\n{{company}}\n{{street1}}\n{{street2}}\n{{city}}, {{region}} {{postcode}}','{{firstname}} {{lastname}}<br/>\n{{company}}<br/>\n{{street}}<br/>\n{{city}}, {{region}} {{postcode}}<br/>\nT: {{telephone}}'),(233,'WF','WLF','{{firstname}} {{lastname}}\n{{company}}\n{{street1}}\n{{street2}}\n{{city}}, {{region}} {{postcode}}','{{firstname}} {{lastname}}<br/>\n{{company}}<br/>\n{{street}}<br/>\n{{city}}, {{region}} {{postcode}}<br/>\nT: {{telephone}}'),(234,'EH','ESH','{{firstname}} {{lastname}}\n{{company}}\n{{street1}}\n{{street2}}\n{{city}}, {{region}} {{postcode}}','{{firstname}} {{lastname}}<br/>\n{{company}}<br/>\n{{street}}<br/>\n{{city}}, {{region}} {{postcode}}<br/>\nT: {{telephone}}'),(235,'YE','YEM','{{firstname}} {{lastname}}\n{{company}}\n{{street1}}\n{{street2}}\n{{city}}, {{region}} {{postcode}}','{{firstname}} {{lastname}}<br/>\n{{company}}<br/>\n{{street}}<br/>\n{{city}}, {{region}} {{postcode}}<br/>\nT: {{telephone}}'),(236,'YU','YUG','{{firstname}} {{lastname}}\n{{company}}\n{{street1}}\n{{street2}}\n{{city}}, {{region}} {{postcode}}','{{firstname}} {{lastname}}<br/>\n{{company}}<br/>\n{{street}}<br/>\n{{city}}, {{region}} {{postcode}}<br/>\nT: {{telephone}}'),(237,'ZR','ZAR','{{firstname}} {{lastname}}\n{{company}}\n{{street1}}\n{{street2}}\n{{city}}, {{region}} {{postcode}}','{{firstname}} {{lastname}}<br/>\n{{company}}<br/>\n{{street}}<br/>\n{{city}}, {{region}} {{postcode}}<br/>\nT: {{telephone}}'),(238,'ZM','ZMB','{{firstname}} {{lastname}}\n{{company}}\n{{street1}}\n{{street2}}\n{{city}}, {{region}} {{postcode}}','{{firstname}} {{lastname}}<br/>\n{{company}}<br/>\n{{street}}<br/>\n{{city}}, {{region}} {{postcode}}<br/>\nT: {{telephone}}'),(239,'ZW','ZWE','{{firstname}} {{lastname}}\n{{company}}\n{{street1}}\n{{street2}}\n{{city}}, {{region}} {{postcode}}','{{firstname}} {{lastname}}<br/>\n{{company}}<br/>\n{{street}}<br/>\n{{city}}, {{region}} {{postcode}}<br/>\nT: {{telephone}}');

/*Table structure for table `directory_country_currency` */

DROP TABLE IF EXISTS `directory_country_currency`;

CREATE TABLE `directory_country_currency` (
  `country_id` smallint(6) NOT NULL default '0',
  `currency_code` char(3) NOT NULL default '0',
  PRIMARY KEY  USING BTREE (`country_id`,`currency_code`),
  KEY `FK_COUNTRY_CURRENCY` USING BTREE (`currency_code`),
  CONSTRAINT `FK_CURRENCY_COUNTRY` FOREIGN KEY (`country_id`) REFERENCES `directory_country` (`country_id`)
) ENGINE=InnoDB DEFAULT CHARSET=utf8 COMMENT='Currency per country';

/*Data for the table `directory_country_currency` */

insert  into `directory_country_currency`(`country_id`,`currency_code`) values (223,'USD');

/*Table structure for table `directory_country_name` */

DROP TABLE IF EXISTS `directory_country_name`;

CREATE TABLE `directory_country_name` (
  `language_code` varchar(2) NOT NULL default '',
  `country_id` smallint(6) NOT NULL default '0',
  `name` varchar(64) NOT NULL default '',
  PRIMARY KEY  (`language_code`,`country_id`),
  KEY `FK_COUNTRY_NAME_COUNTRY` (`country_id`),
  CONSTRAINT `FK_COUNTRY_NAME_COUNTRY` FOREIGN KEY (`country_id`) REFERENCES `directory_country` (`country_id`),
  CONSTRAINT `FK_COUNTRY_NAME_LANG` FOREIGN KEY (`language_code`) REFERENCES `core_language` (`language_code`)
) ENGINE=InnoDB DEFAULT CHARSET=utf8 COMMENT='Country names';

/*Data for the table `directory_country_name` */

insert  into `directory_country_name`(`language_code`,`country_id`,`name`) values ('en',1,'Afghanistan'),('en',2,'Albania'),('en',3,'Algeria'),('en',4,'American Samoa'),('en',5,'Andorra'),('en',6,'Angola'),('en',7,'Anguilla'),('en',8,'Antarctica'),('en',9,'Antigua and Barbuda'),('en',10,'Argentina'),('en',11,'Armenia'),('en',12,'Aruba'),('en',13,'Australia'),('en',14,'Austria'),('en',15,'Azerbaijan'),('en',16,'Bahamas'),('en',17,'Bahrain'),('en',18,'Bangladesh'),('en',19,'Barbados'),('en',20,'Belarus'),('en',21,'Belgium'),('en',22,'Belize'),('en',23,'Benin'),('en',24,'Bermuda'),('en',25,'Bhutan'),('en',26,'Bolivia'),('en',27,'Bosnia and Herzegowina'),('en',28,'Botswana'),('en',29,'Bouvet Island'),('en',30,'Brazil'),('en',31,'British Indian Ocean Territory'),('en',32,'Brunei Darussalam'),('en',33,'Bulgaria'),('en',34,'Burkina Faso'),('en',35,'Burundi'),('en',36,'Cambodia'),('en',37,'Cameroon'),('en',38,'Canada'),('en',39,'Cape Verde'),('en',40,'Cayman Islands'),('en',41,'Central African Republic'),('en',42,'Chad'),('en',43,'Chile'),('en',44,'China'),('en',45,'Christmas Island'),('en',46,'Cocos (Keeling) Islands'),('en',47,'Colombia'),('en',48,'Comoros'),('en',49,'Congo'),('en',50,'Cook Islands'),('en',51,'Costa Rica'),('en',52,'Cote D\'Ivoire'),('en',53,'Croatia'),('en',54,'Cuba'),('en',55,'Cyprus'),('en',56,'Czech Republic'),('en',57,'Denmark'),('en',58,'Djibouti'),('en',59,'Dominica'),('en',60,'Dominican Republic'),('en',61,'East Timor'),('en',62,'Ecuador'),('en',63,'Egypt'),('en',64,'El Salvador'),('en',65,'Equatorial Guinea'),('en',66,'Eritrea'),('en',67,'Estonia'),('en',68,'Ethiopia'),('en',69,'Falkland Islands (Malvinas)'),('en',70,'Faroe Islands'),('en',71,'Fiji'),('en',72,'Finland'),('en',73,'France'),('en',74,'France, Metropolitan'),('en',75,'French Guiana'),('en',76,'French Polynesia'),('en',77,'French Southern Territories'),('en',78,'Gabon'),('en',79,'Gambia'),('en',80,'Georgia'),('en',81,'Germany'),('en',82,'Ghana'),('en',83,'Gibraltar'),('en',84,'Greece'),('en',85,'Greenland'),('en',86,'Grenada'),('en',87,'Guadeloupe'),('en',88,'Guam'),('en',89,'Guatemala'),('en',90,'Guinea'),('en',91,'Guinea-bissau'),('en',92,'Guyana'),('en',93,'Haiti'),('en',94,'Heard and Mc Donald Islands'),('en',95,'Honduras'),('en',96,'Hong Kong'),('en',97,'Hungary'),('en',98,'Iceland'),('en',99,'India'),('en',100,'Indonesia'),('en',101,'Iran (Islamic Republic of)'),('en',102,'Iraq'),('en',103,'Ireland'),('en',104,'Israel'),('en',105,'Italy'),('en',106,'Jamaica'),('en',107,'Japan'),('en',108,'Jordan'),('en',109,'Kazakhstan'),('en',110,'Kenya'),('en',111,'Kiribati'),('en',112,'Korea, Democratic People\'s Republic of'),('en',113,'Korea, Republic of'),('en',114,'Kuwait'),('en',115,'Kyrgyzstan'),('en',116,'Lao People\'s Democratic Republic'),('en',117,'Latvia'),('en',118,'Lebanon'),('en',119,'Lesotho'),('en',120,'Liberia'),('en',121,'Libyan Arab Jamahiriya'),('en',122,'Liechtenstein'),('en',123,'Lithuania'),('en',124,'Luxembourg'),('en',125,'Macau'),('en',126,'Macedonia, The Former Yugoslav Republic of'),('en',127,'Madagascar'),('en',128,'Malawi'),('en',129,'Malaysia'),('en',130,'Maldives'),('en',131,'Mali'),('en',132,'Malta'),('en',133,'Marshall Islands'),('en',134,'Martinique'),('en',135,'Mauritania'),('en',136,'Mauritius'),('en',137,'Mayotte'),('en',138,'Mexico'),('en',139,'Micronesia, Federated States of'),('en',140,'Moldova, Republic of'),('en',141,'Monaco'),('en',142,'Mongolia'),('en',143,'Montserrat'),('en',144,'Morocco'),('en',145,'Mozambique'),('en',146,'Myanmar'),('en',147,'Namibia'),('en',148,'Nauru'),('en',149,'Nepal'),('en',150,'Netherlands'),('en',151,'Netherlands Antilles'),('en',152,'New Caledonia'),('en',153,'New Zealand'),('en',154,'Nicaragua'),('en',155,'Niger'),('en',156,'Nigeria'),('en',157,'Niue'),('en',158,'Norfolk Island'),('en',159,'Northern Mariana Islands'),('en',160,'Norway'),('en',161,'Oman'),('en',162,'Pakistan'),('en',163,'Palau'),('en',164,'Panama'),('en',165,'Papua New Guinea'),('en',166,'Paraguay'),('en',167,'Peru'),('en',168,'Philippines'),('en',169,'Pitcairn'),('en',170,'Poland'),('en',171,'Portugal'),('en',172,'Puerto Rico'),('en',173,'Qatar'),('en',174,'Reunion'),('en',175,'Romania'),('en',176,'Russian Federation'),('en',177,'Rwanda'),('en',178,'Saint Kitts and Nevis'),('en',179,'Saint Lucia'),('en',180,'Saint Vincent and the Grenadines'),('en',181,'Samoa'),('en',182,'San Marino'),('en',183,'Sao Tome and Principe'),('en',184,'Saudi Arabia'),('en',185,'Senegal'),('en',186,'Seychelles'),('en',187,'Sierra Leone'),('en',188,'Singapore'),('en',189,'Slovakia (Slovak Republic)'),('en',190,'Slovenia'),('en',191,'Solomon Islands'),('en',192,'Somalia'),('en',193,'South Africa'),('en',194,'South Georgia and the South Sandwich Islands'),('en',195,'Spain'),('en',196,'Sri Lanka'),('en',197,'St. Helena'),('en',198,'St. Pierre and Miquelon'),('en',199,'Sudan'),('en',200,'Suriname'),('en',201,'Svalbard and Jan Mayen Islands'),('en',202,'Swaziland'),('en',203,'Sweden'),('en',204,'Switzerland'),('en',205,'Syrian Arab Republic'),('en',206,'Taiwan'),('en',207,'Tajikistan'),('en',208,'Tanzania, United Republic of'),('en',209,'Thailand'),('en',210,'Togo'),('en',211,'Tokelau'),('en',212,'Tonga'),('en',213,'Trinidad and Tobago'),('en',214,'Tunisia'),('en',215,'Turkey'),('en',216,'Turkmenistan'),('en',217,'Turks and Caicos Islands'),('en',218,'Tuvalu'),('en',219,'Uganda'),('en',220,'Ukraine'),('en',221,'United Arab Emirates'),('en',222,'United Kingdom'),('en',223,'United States'),('en',224,'United States Minor Outlying Islands'),('en',225,'Uruguay'),('en',226,'Uzbekistan'),('en',227,'Vanuatu'),('en',228,'Vatican City State (Holy See)'),('en',229,'Venezuela'),('en',230,'Viet Nam'),('en',231,'Virgin Islands (British)'),('en',232,'Virgin Islands (U.S.)'),('en',233,'Wallis and Futuna Islands'),('en',234,'Western Sahara'),('en',235,'Yemen'),('en',236,'Yugoslavia'),('en',237,'Zaire'),('en',238,'Zambia'),('en',239,'Zimbabwe');

/*Table structure for table `directory_country_region` */

DROP TABLE IF EXISTS `directory_country_region`;

CREATE TABLE `directory_country_region` (
  `region_id` mediumint(8) unsigned NOT NULL auto_increment,
  `country_id` smallint(6) NOT NULL default '0',
  `code` varchar(32) NOT NULL default '',
  PRIMARY KEY  (`region_id`),
  KEY `FK_REGION_COUNTRY` (`country_id`),
  CONSTRAINT `FK_REGION_COUNTRY` FOREIGN KEY (`country_id`) REFERENCES `directory_country` (`country_id`)
) ENGINE=InnoDB DEFAULT CHARSET=utf8 COMMENT='Country regions';

/*Data for the table `directory_country_region` */

insert  into `directory_country_region`(`region_id`,`country_id`,`code`) values (1,223,'AL'),(2,223,'AK'),(3,223,'AS'),(4,223,'AZ'),(5,223,'AR'),(6,223,'AF'),(7,223,'AA'),(8,223,'AC'),(9,223,'AE'),(10,223,'AM'),(11,223,'AP'),(12,223,'CA'),(13,223,'CO'),(14,223,'CT'),(15,223,'DE'),(16,223,'DC'),(17,223,'FM'),(18,223,'FL'),(19,223,'GA'),(20,223,'GU'),(21,223,'HI'),(22,223,'ID'),(23,223,'IL'),(24,223,'IN'),(25,223,'IA'),(26,223,'KS'),(27,223,'KY'),(28,223,'LA'),(29,223,'ME'),(30,223,'MH'),(31,223,'MD'),(32,223,'MA'),(33,223,'MI'),(34,223,'MN'),(35,223,'MS'),(36,223,'MO'),(37,223,'MT'),(38,223,'NE'),(39,223,'NV'),(40,223,'NH'),(41,223,'NJ'),(42,223,'NM'),(43,223,'NY'),(44,223,'NC'),(45,223,'ND'),(46,223,'MP'),(47,223,'OH'),(48,223,'OK'),(49,223,'OR'),(50,223,'PW'),(51,223,'PA'),(52,223,'PR'),(53,223,'RI'),(54,223,'SC'),(55,223,'SD'),(56,223,'TN'),(57,223,'TX'),(58,223,'UT'),(59,223,'VT'),(60,223,'VI'),(61,223,'VA'),(62,223,'WA'),(63,223,'WV'),(64,223,'WI'),(65,223,'WY'),(66,38,'AB'),(67,38,'BC'),(68,38,'MB'),(69,38,'NF'),(70,38,'NB'),(71,38,'NS'),(72,38,'NT'),(73,38,'NU'),(74,38,'ON'),(75,38,'PE'),(76,38,'QC'),(77,38,'SK'),(78,38,'YT'),(79,81,'NDS'),(80,81,'BAW'),(81,81,'BAY'),(82,81,'BER'),(83,81,'BRG'),(84,81,'BRE'),(85,81,'HAM'),(86,81,'HES'),(87,81,'MEC'),(88,81,'NRW'),(89,81,'RHE'),(90,81,'SAR'),(91,81,'SAS'),(92,81,'SAC'),(93,81,'SCN'),(94,81,'THE'),(95,14,'WI'),(96,14,'NO'),(97,14,'OO'),(98,14,'SB'),(99,14,'KN'),(100,14,'ST'),(101,14,'TI'),(102,14,'BL'),(103,14,'VB'),(104,204,'AG'),(105,204,'AI'),(106,204,'AR'),(107,204,'BE'),(108,204,'BL'),(109,204,'BS'),(110,204,'FR'),(111,204,'GE'),(112,204,'GL'),(113,204,'JU'),(114,204,'JU'),(115,204,'LU'),(116,204,'NE'),(117,204,'NW'),(118,204,'OW'),(119,204,'SG'),(120,204,'SH'),(121,204,'SO'),(122,204,'SZ'),(123,204,'TG'),(124,204,'TI'),(125,204,'UR'),(126,204,'VD'),(127,204,'VS'),(128,204,'ZG'),(129,204,'ZH'),(130,195,'A Corua'),(131,195,'Alava'),(132,195,'Albacete'),(133,195,'Alicante'),(134,195,'Almeria'),(135,195,'Asturias'),(136,195,'Avila'),(137,195,'Badajoz'),(138,195,'Baleares'),(139,195,'Barcelona'),(140,195,'Burgos'),(141,195,'Caceres'),(142,195,'Cadiz'),(143,195,'Cantabria'),(144,195,'Castellon'),(145,195,'Ceuta'),(146,195,'Ciudad Real'),(147,195,'Cordoba'),(148,195,'Cuenca'),(149,195,'Girona'),(150,195,'Granada'),(151,195,'Guadalajara'),(152,195,'Guipuzcoa'),(153,195,'Huelva'),(154,195,'Huesca'),(155,195,'Jaen'),(156,195,'La Rioja'),(157,195,'Las Palmas'),(158,195,'Leon'),(159,195,'Lleida'),(160,195,'Lugo'),(161,195,'Madrid'),(162,195,'Malaga'),(163,195,'Melilla'),(164,195,'Murcia'),(165,195,'Navarra'),(166,195,'Ourense'),(167,195,'Palencia'),(168,195,'Pontevedra'),(169,195,'Salamanca'),(170,195,'Santa Cruz de Tenerife'),(171,195,'Segovia'),(172,195,'Sevilla'),(173,195,'Soria'),(174,195,'Tarragona'),(175,195,'Teruel'),(176,195,'Toledo'),(177,195,'Valencia'),(178,195,'Valladolid'),(179,195,'Vizcaya'),(180,195,'Zamora'),(181,195,'Zaragoza');

/*Table structure for table `directory_country_region_name` */

DROP TABLE IF EXISTS `directory_country_region_name`;

CREATE TABLE `directory_country_region_name` (
  `language_code` varchar(2) NOT NULL default '',
  `region_id` mediumint(8) unsigned NOT NULL default '0',
  `name` varchar(64) NOT NULL default '',
  PRIMARY KEY  (`language_code`,`region_id`),
  KEY `FK_REGION_NAME_REGION` (`region_id`),
  CONSTRAINT `FK_REGION_NAME_LANG` FOREIGN KEY (`language_code`) REFERENCES `core_language` (`language_code`),
  CONSTRAINT `FK_REGION_NAME_REGION` FOREIGN KEY (`region_id`) REFERENCES `directory_country_region` (`region_id`)
) ENGINE=InnoDB DEFAULT CHARSET=utf8 COMMENT='Regions names';

/*Data for the table `directory_country_region_name` */

insert  into `directory_country_region_name`(`language_code`,`region_id`,`name`) values ('en',1,'Alabama'),('en',2,'Alaska'),('en',3,'American Samoa'),('en',4,'Arizona'),('en',5,'Arkansas'),('en',6,'Armed Forces Africa'),('en',7,'Armed Forces Americas'),('en',8,'Armed Forces Canada'),('en',9,'Armed Forces Europe'),('en',10,'Armed Forces Middle East'),('en',11,'Armed Forces Pacific'),('en',12,'California'),('en',13,'Colorado'),('en',14,'Connecticut'),('en',15,'Delaware'),('en',16,'District of Columbia'),('en',17,'Federated States Of Micronesia'),('en',18,'Florida'),('en',19,'Georgia'),('en',20,'Guam'),('en',21,'Hawaii'),('en',22,'Idaho'),('en',23,'Illinois'),('en',24,'Indiana'),('en',25,'Iowa'),('en',26,'Kansas'),('en',27,'Kentucky'),('en',28,'Louisiana'),('en',29,'Maine'),('en',30,'Marshall Islands'),('en',31,'Maryland'),('en',32,'Massachusetts'),('en',33,'Michigan'),('en',34,'Minnesota'),('en',35,'Mississippi'),('en',36,'Missouri'),('en',37,'Montana'),('en',38,'Nebraska'),('en',39,'Nevada'),('en',40,'New Hampshire'),('en',41,'New Jersey'),('en',42,'New Mexico'),('en',43,'New York'),('en',44,'North Carolina'),('en',45,'North Dakota'),('en',46,'Northern Mariana Islands'),('en',47,'Ohio'),('en',48,'Oklahoma'),('en',49,'Oregon'),('en',50,'Palau'),('en',51,'Pennsylvania'),('en',52,'Puerto Rico'),('en',53,'Rhode Island'),('en',54,'South Carolina'),('en',55,'South Dakota'),('en',56,'Tennessee'),('en',57,'Texas'),('en',58,'Utah'),('en',59,'Vermont'),('en',60,'Virgin Islands'),('en',61,'Virginia'),('en',62,'Washington'),('en',63,'West Virginia'),('en',64,'Wisconsin'),('en',65,'Wyoming'),('en',66,'Alberta'),('en',67,'British Columbia'),('en',68,'Manitoba'),('en',69,'Newfoundland'),('en',70,'New Brunswick'),('en',71,'Nova Scotia'),('en',72,'Northwest Territories'),('en',73,'Nunavut'),('en',74,'Ontario'),('en',75,'Prince Edward Island'),('en',76,'Quebec'),('en',77,'Saskatchewan'),('en',78,'Yukon Territory'),('en',79,'Niedersachsen'),('en',80,'Baden-Wrttemberg'),('en',81,'Bayern'),('en',82,'Berlin'),('en',83,'Brandenburg'),('en',84,'Bremen'),('en',85,'Hamburg'),('en',86,'Hessen'),('en',87,'Mecklenburg-Vorpommern'),('en',88,'Nordrhein-Westfalen'),('en',89,'Rheinland-Pfalz'),('en',90,'Saarland'),('en',91,'Sachsen'),('en',92,'Sachsen-Anhalt'),('en',93,'Schleswig-Holstein'),('en',94,'Thringen'),('en',95,'Wien'),('en',96,'Niedersterreich'),('en',97,'Obersterreich'),('en',98,'Salzburg'),('en',99,'Krnten'),('en',100,'Steiermark'),('en',101,'Tirol'),('en',102,'Burgenland'),('en',103,'Voralberg'),('en',104,'Aargau'),('en',105,'Appenzell Innerrhoden'),('en',106,'Appenzell Ausserrhoden'),('en',107,'Bern'),('en',108,'Basel-Landschaft'),('en',109,'Basel-Stadt'),('en',110,'Freiburg'),('en',111,'Genf'),('en',112,'Glarus'),('en',113,'Graubnden'),('en',114,'Jura'),('en',115,'Luzern'),('en',116,'Neuenburg'),('en',117,'Nidwalden'),('en',118,'Obwalden'),('en',119,'St. Gallen'),('en',120,'Schaffhausen'),('en',121,'Solothurn'),('en',122,'Schwyz'),('en',123,'Thurgau'),('en',124,'Tessin'),('en',125,'Uri'),('en',126,'Waadt'),('en',127,'Wallis'),('en',128,'Zug'),('en',129,'Zrich'),('en',130,'A Coru?a'),('en',131,'Alava'),('en',132,'Albacete'),('en',133,'Alicante'),('en',134,'Almeria'),('en',135,'Asturias'),('en',136,'Avila'),('en',137,'Badajoz'),('en',138,'Baleares'),('en',139,'Barcelona'),('en',140,'Burgos'),('en',141,'Caceres'),('en',142,'Cadiz'),('en',143,'Cantabria'),('en',144,'Castellon'),('en',145,'Ceuta'),('en',146,'Ciudad Real'),('en',147,'Cordoba'),('en',148,'Cuenca'),('en',149,'Girona'),('en',150,'Granada'),('en',151,'Guadalajara'),('en',152,'Guipuzcoa'),('en',153,'Huelva'),('en',154,'Huesca'),('en',155,'Jaen'),('en',156,'La Rioja'),('en',157,'Las Palmas'),('en',158,'Leon'),('en',159,'Lleida'),('en',160,'Lugo'),('en',161,'Madrid'),('en',162,'Malaga'),('en',163,'Melilla'),('en',164,'Murcia'),('en',165,'Navarra'),('en',166,'Ourense'),('en',167,'Palencia'),('en',168,'Pontevedra'),('en',169,'Salamanca'),('en',170,'Santa Cruz de Tenerife'),('en',171,'Segovia'),('en',172,'Sevilla'),('en',173,'Soria'),('en',174,'Tarragona'),('en',175,'Teruel'),('en',176,'Toledo'),('en',177,'Valencia'),('en',178,'Valladolid'),('en',179,'Vizcaya'),('en',180,'Zamora'),('en',181,'Zaragoza');

/*Table structure for table `directory_currency` */

DROP TABLE IF EXISTS `directory_currency`;

CREATE TABLE `directory_currency` (
  `currency_code` varchar(3) NOT NULL default '',
  PRIMARY KEY  (`currency_code`)
) ENGINE=InnoDB DEFAULT CHARSET=utf8 COMMENT='Currency';

/*Data for the table `directory_currency` */

insert  into `directory_currency`(`currency_code`) values ('CAD'),('EUR'),('USD');

/*Table structure for table `directory_currency_name` */

DROP TABLE IF EXISTS `directory_currency_name`;

CREATE TABLE `directory_currency_name` (
  `language_code` varchar(2) NOT NULL default '',
  `currency_code` varchar(3) NOT NULL default '',
  `currency_name` varchar(64) NOT NULL default '',
  `output_format` varchar(32) NOT NULL default '%s',
  `format_decimals` tinyint(2) NOT NULL default '2',
  `format_dec_point` varchar(8) NOT NULL default '.',
  `format_thousands_sep` varchar(8) NOT NULL default '',
  PRIMARY KEY  USING BTREE (`language_code`,`currency_code`),
  KEY `FK_CURRENCY_NAME_CURRENCY` USING BTREE (`currency_code`),
  CONSTRAINT `FK_CURRENCY_NAME_CURRENCY` FOREIGN KEY (`currency_code`) REFERENCES `directory_currency` (`currency_code`) ON DELETE CASCADE ON UPDATE CASCADE,
  CONSTRAINT `FK_CURRENCY_NAME_LANG` FOREIGN KEY (`language_code`) REFERENCES `core_language` (`language_code`) ON DELETE CASCADE ON UPDATE CASCADE
) ENGINE=InnoDB DEFAULT CHARSET=utf8 COMMENT='Currency names';

/*Data for the table `directory_currency_name` */

insert  into `directory_currency_name`(`language_code`,`currency_code`,`currency_name`,`output_format`,`format_decimals`,`format_dec_point`,`format_thousands_sep`) values ('en','CAD','Canadian Dollar','%s CAD',2,'.',''),('en','EUR','Euro','%s EUR',2,'.',''),('en','USD','U.S. Dollar','$%s',2,'.',',');

/*Table structure for table `directory_currency_rate` */

DROP TABLE IF EXISTS `directory_currency_rate`;

CREATE TABLE `directory_currency_rate` (
  `currency_from` char(3) NOT NULL default '',
  `currency_to` char(3) NOT NULL default '',
  `rate` decimal(12,4) NOT NULL default '0.0000',
  PRIMARY KEY  (`currency_from`,`currency_to`),
  KEY `FK_CURRENCY_RATE_TO` (`currency_to`),
  CONSTRAINT `FK_CURRENCY_RATE_FROM` FOREIGN KEY (`currency_from`) REFERENCES `directory_currency` (`currency_code`) ON DELETE CASCADE ON UPDATE CASCADE,
  CONSTRAINT `FK_CURRENCY_RATE_TO` FOREIGN KEY (`currency_to`) REFERENCES `directory_currency` (`currency_code`) ON DELETE CASCADE ON UPDATE CASCADE
) ENGINE=InnoDB DEFAULT CHARSET=utf8;

/*Data for the table `directory_currency_rate` */

insert  into `directory_currency_rate`(`currency_from`,`currency_to`,`rate`) values ('CAD','CAD',1.0000),('CAD','EUR',0.6888),('CAD','USD',0.9410),('EUR','CAD',1.4518),('EUR','EUR',1.0000),('EUR','USD',1.3662),('USD','CAD',1.0627),('USD','EUR',0.7320),('USD','USD',1.0000);

/*!40101 SET SQL_MODE=@OLD_SQL_MODE */;
/*!40014 SET FOREIGN_KEY_CHECKS=@OLD_FOREIGN_KEY_CHECKS */;
