/**
 * Magento
 *
 * NOTICE OF LICENSE
 *
 * This source file is subject to the Open Software License (OSL 3.0)
 * that is bundled with this package in the file LICENSE.txt.
 * It is also available through the world-wide-web at this URL:
 * http://opensource.org/licenses/osl-3.0.php
 * If you did not receive a copy of the license and are unable to
 * obtain it through the world-wide-web, please send an email
 * to license@magentocommerce.com so we can send you a copy immediately.
 *
 * @category   Mage
 * @package    Mage_Sales
 * @copyright  Copyright (c) 2004-2007 Irubin Consulting Inc. DBA Varien (http://www.varien.com)
 * @license    http://opensource.org/licenses/osl-3.0.php  Open Software License (OSL 3.0)
 */
/*
SQLyog Enterprise - MySQL GUI v5.13
Host - 4.1.22 : Database - magento_dmitriy
*********************************************************************
Server version : 4.1.22
*/

SET NAMES utf8;

SET SQL_MODE='';

SET @OLD_FOREIGN_KEY_CHECKS=@@FOREIGN_KEY_CHECKS, FOREIGN_KEY_CHECKS=0;
SET @OLD_SQL_MODE=@@SQL_MODE, SQL_MODE='NO_AUTO_VALUE_ON_ZERO';

/*Table structure for table `sales_counter` */

DROP TABLE IF EXISTS `sales_counter`;

CREATE TABLE `sales_counter` (
  `counter_id` int(10) unsigned NOT NULL auto_increment,
  `store_id` int(10) unsigned NOT NULL default '0',
  `counter_type` varchar(50) NOT NULL default '',
  `counter_value` varchar(50) NOT NULL default '',
  PRIMARY KEY  (`counter_id`),
  UNIQUE KEY `store_id` (`store_id`,`counter_type`)
) ENGINE=InnoDB DEFAULT CHARSET=utf8;

/*Data for the table `sales_counter` */

insert into `sales_counter` (`counter_id`,`store_id`,`counter_type`,`counter_value`) values (1,1,'order','67');

/*Table structure for table `sales_discount_coupon` */

DROP TABLE IF EXISTS `sales_discount_coupon`;

CREATE TABLE `sales_discount_coupon` (
  `coupon_id` int(10) unsigned NOT NULL auto_increment,
  `coupon_code` varchar(50) NOT NULL default '',
  `discount_percent` decimal(10,4) NOT NULL default '0.0000',
  `discount_fixed` decimal(10,4) NOT NULL default '0.0000',
  `is_active` tinyint(1) NOT NULL default '1',
  `from_date` datetime NOT NULL default '0000-00-00 00:00:00',
  `to_date` datetime NOT NULL default '0000-00-00 00:00:00',
  `min_subtotal` decimal(12,4) NOT NULL default '0.0000',
  `limit_products` text NOT NULL,
  `limit_categories` text NOT NULL,
  `limit_attributes` text NOT NULL,
  PRIMARY KEY  (`coupon_id`)
) ENGINE=InnoDB DEFAULT CHARSET=utf8;

/*Data for the table `sales_discount_coupon` */

insert into `sales_discount_coupon` (`coupon_id`,`coupon_code`,`discount_percent`,`discount_fixed`,`is_active`,`from_date`,`to_date`,`min_subtotal`,`limit_products`,`limit_categories`,`limit_attributes`) values (1,'test',10.0000,0.0000,1,'0000-00-00 00:00:00','0000-00-00 00:00:00',0.0000,'','','');

/*Table structure for table `sales_giftcert` */

DROP TABLE IF EXISTS `sales_giftcert`;

CREATE TABLE `sales_giftcert` (
  `giftcert_id` int(10) unsigned NOT NULL auto_increment,
  `giftcert_code` varchar(50) NOT NULL default '',
  `balance_amount` decimal(12,4) NOT NULL default '0.0000',
  PRIMARY KEY  (`giftcert_id`),
  UNIQUE KEY `gift_code` (`giftcert_code`)
) ENGINE=InnoDB DEFAULT CHARSET=utf8;

/*Data for the table `sales_giftcert` */

insert into `sales_giftcert` (`giftcert_id`,`giftcert_code`,`balance_amount`) values (1,'test',20.0000);

/*Table structure for table `sales_invoice` */

DROP TABLE IF EXISTS `sales_invoice`;

CREATE TABLE `sales_invoice` (
  `invoice_id` int(11) unsigned NOT NULL auto_increment,
  PRIMARY KEY  (`invoice_id`)
) ENGINE=InnoDB DEFAULT CHARSET=utf8 COMMENT='Invoice header';

/*Data for the table `sales_invoice` */

/*Table structure for table `sales_invoice_attribute_datetime` */

DROP TABLE IF EXISTS `sales_invoice_attribute_datetime`;

CREATE TABLE `sales_invoice_attribute_datetime` (
  `invoice_id` int(11) unsigned NOT NULL default '0',
  `entity_type` enum('self','item','address','transaction','shipment') NOT NULL default 'self',
  `entity_id` int(11) NOT NULL default '0',
  `attribute_code` varchar(32) NOT NULL default '',
  `attribute_value` datetime NOT NULL default '0000-00-00 00:00:00',
  KEY `document_id` (`invoice_id`,`entity_id`),
  KEY `entity_id` (`entity_id`,`attribute_code`),
  KEY `key` (`attribute_code`,`attribute_value`),
  KEY `invoice_id` (`invoice_id`,`entity_type`,`attribute_code`),
  KEY `invoice_id_2` (`invoice_id`,`entity_type`,`attribute_code`),
  KEY `invoice_id_3` (`invoice_id`,`entity_type`,`attribute_code`),
  CONSTRAINT `FK_sales_invoice_attribute_datetime` FOREIGN KEY (`invoice_id`) REFERENCES `sales_invoice` (`invoice_id`) ON DELETE CASCADE ON UPDATE CASCADE
) ENGINE=InnoDB DEFAULT CHARSET=utf8 COMMENT='Invoice attributes DATETIME';

/*Data for the table `sales_invoice_attribute_datetime` */

/*Table structure for table `sales_invoice_attribute_decimal` */

DROP TABLE IF EXISTS `sales_invoice_attribute_decimal`;

CREATE TABLE `sales_invoice_attribute_decimal` (
  `invoice_id` int(11) unsigned NOT NULL default '0',
  `entity_type` enum('self','item','address','transaction','shipment') NOT NULL default 'self',
  `entity_id` int(11) NOT NULL default '0',
  `attribute_code` varchar(32) NOT NULL default '',
  `attribute_value` decimal(12,4) NOT NULL default '0.0000',
  KEY `document_id` (`invoice_id`,`entity_id`),
  KEY `entity_id` (`entity_id`,`attribute_code`),
  KEY `key` (`attribute_code`,`attribute_value`),
  KEY `invoice_id` (`invoice_id`,`entity_type`,`attribute_code`),
  KEY `invoice_id_2` (`invoice_id`,`entity_type`,`attribute_code`),
  KEY `invoice_id_3` (`invoice_id`,`entity_type`,`attribute_code`),
  CONSTRAINT `FK_sales_invoice_attribute_decimal` FOREIGN KEY (`invoice_id`) REFERENCES `sales_invoice` (`invoice_id`) ON DELETE CASCADE ON UPDATE CASCADE
) ENGINE=InnoDB DEFAULT CHARSET=utf8 COMMENT='Invoice attributes DECIMAL';

/*Data for the table `sales_invoice_attribute_decimal` */

/*Table structure for table `sales_invoice_attribute_int` */

DROP TABLE IF EXISTS `sales_invoice_attribute_int`;

CREATE TABLE `sales_invoice_attribute_int` (
  `invoice_id` int(11) unsigned NOT NULL default '0',
  `entity_type` enum('self','item','address','transaction','shipment') NOT NULL default 'self',
  `entity_id` int(11) NOT NULL default '0',
  `attribute_code` varchar(32) NOT NULL default '',
  `attribute_value` int(11) NOT NULL default '0',
  KEY `document_id` (`invoice_id`,`entity_id`),
  KEY `entity_id` (`entity_id`,`attribute_code`),
  KEY `key` (`attribute_code`,`attribute_value`),
  KEY `invoice_id` (`invoice_id`,`entity_type`,`attribute_code`),
  KEY `invoice_id_2` (`invoice_id`,`entity_type`,`attribute_code`),
  KEY `invoice_id_3` (`invoice_id`,`entity_type`,`attribute_code`),
  CONSTRAINT `FK_sales_invoice_attribute_int` FOREIGN KEY (`invoice_id`) REFERENCES `sales_invoice` (`invoice_id`) ON DELETE CASCADE ON UPDATE CASCADE
) ENGINE=InnoDB DEFAULT CHARSET=utf8 COMMENT='Invoice attributes INT';

/*Data for the table `sales_invoice_attribute_int` */

/*Table structure for table `sales_invoice_attribute_text` */

DROP TABLE IF EXISTS `sales_invoice_attribute_text`;

CREATE TABLE `sales_invoice_attribute_text` (
  `invoice_id` int(11) unsigned NOT NULL default '0',
  `entity_type` enum('self','item','address','transaction','shipment') NOT NULL default 'self',
  `entity_id` int(11) NOT NULL default '0',
  `attribute_code` varchar(32) NOT NULL default '',
  `attribute_value` text NOT NULL,
  KEY `document_id` (`invoice_id`,`entity_id`),
  KEY `entity_id` (`entity_id`,`attribute_code`),
  CONSTRAINT `FK_sales_invoice_attribute_text` FOREIGN KEY (`invoice_id`) REFERENCES `sales_invoice` (`invoice_id`) ON DELETE CASCADE ON UPDATE CASCADE
) ENGINE=InnoDB DEFAULT CHARSET=utf8 COMMENT='Invoice attributes TEXT';

/*Data for the table `sales_invoice_attribute_text` */

/*Table structure for table `sales_invoice_attribute_varchar` */

DROP TABLE IF EXISTS `sales_invoice_attribute_varchar`;

CREATE TABLE `sales_invoice_attribute_varchar` (
  `invoice_id` int(11) unsigned NOT NULL default '0',
  `entity_type` enum('self','item','address','transaction','shipment') NOT NULL default 'self',
  `entity_id` int(11) NOT NULL default '0',
  `attribute_code` varchar(32) NOT NULL default '',
  `attribute_value` varchar(255) NOT NULL default '',
  KEY `document_id` (`invoice_id`,`entity_id`),
  KEY `entity_id` (`entity_id`,`attribute_code`),
  KEY `key` (`attribute_code`,`attribute_value`),
  KEY `invoice_id` (`invoice_id`,`entity_type`,`attribute_code`),
  KEY `invoice_id_2` (`invoice_id`,`entity_type`,`attribute_code`),
  KEY `invoice_id_3` (`invoice_id`,`entity_type`,`attribute_code`),
  CONSTRAINT `FK_sales_invoice_attribute_varchar` FOREIGN KEY (`invoice_id`) REFERENCES `sales_invoice` (`invoice_id`) ON DELETE CASCADE ON UPDATE CASCADE
) ENGINE=InnoDB DEFAULT CHARSET=utf8 COMMENT='Invoice attributes VARCHAR';

/*Data for the table `sales_invoice_attribute_varchar` */

/*Table structure for table `sales_order` */

DROP TABLE IF EXISTS `sales_order`;

CREATE TABLE `sales_order` (
  `order_id` int(11) unsigned NOT NULL auto_increment,
  PRIMARY KEY  (`order_id`)
) ENGINE=InnoDB DEFAULT CHARSET=utf8 COMMENT='Order header';

/*Data for the table `sales_order` */

insert into `sales_order` (`order_id`) values (1),(2),(3),(4),(5),(6),(7),(8),(9),(10),(11),(12),(13),(14),(15),(16),(17),(18),(19),(20),(21),(22),(23),(24),(25),(26),(27),(28),(29),(30),(31),(32),(33),(34),(35),(36),(37),(38),(39),(40),(41),(42);

/*Table structure for table `sales_order_attribute_datetime` */

DROP TABLE IF EXISTS `sales_order_attribute_datetime`;

CREATE TABLE `sales_order_attribute_datetime` (
  `order_id` int(11) unsigned NOT NULL default '0',
  `entity_type` enum('self','item','address','payment','status') NOT NULL default 'self',
  `entity_id` int(11) NOT NULL default '0',
  `attribute_code` varchar(32) NOT NULL default '',
  `attribute_value` datetime NOT NULL default '0000-00-00 00:00:00',
  KEY `document_id` (`order_id`,`entity_id`),
  KEY `entity_id` (`entity_id`,`attribute_code`),
  KEY `key` (`attribute_code`,`attribute_value`),
  KEY `order_id` (`order_id`,`entity_type`,`attribute_code`),
  CONSTRAINT `FK_sales_order_attribute_datetime` FOREIGN KEY (`order_id`) REFERENCES `sales_order` (`order_id`) ON DELETE CASCADE ON UPDATE CASCADE
) ENGINE=InnoDB DEFAULT CHARSET=utf8 COMMENT='Order attributes DATETIME';

/*Data for the table `sales_order_attribute_datetime` */

insert into `sales_order_attribute_datetime` (`order_id`,`entity_type`,`entity_id`,`attribute_code`,`attribute_value`) values (1,'self',0,'created_at','2007-04-25 13:23:20'),(2,'self',0,'created_at','2007-04-25 14:22:16'),(3,'self',0,'created_at','2007-04-25 23:30:42'),(4,'self',0,'created_at','2007-04-28 15:29:26'),(5,'self',0,'created_at','2007-04-28 15:48:57'),(6,'self',0,'created_at','2007-05-02 13:01:04'),(7,'self',0,'created_at','2007-05-02 13:13:41'),(8,'self',0,'created_at','2007-05-02 15:35:27'),(9,'self',0,'created_at','2007-05-02 15:39:25'),(10,'self',0,'created_at','2007-05-02 15:40:52'),(11,'self',0,'created_at','2007-05-02 15:46:18'),(12,'self',0,'created_at','2007-05-02 15:49:27'),(13,'self',0,'created_at','2007-05-02 15:50:54'),(14,'self',0,'created_at','2007-05-02 15:53:43'),(15,'self',0,'created_at','2007-05-02 16:02:02'),(16,'self',0,'created_at','2007-05-02 16:04:41'),(17,'self',0,'created_at','2007-05-02 16:06:56'),(18,'self',0,'created_at','2007-05-02 16:10:11'),(19,'self',0,'created_at','2007-05-02 16:25:32'),(20,'self',0,'created_at','2007-05-02 16:41:31'),(21,'self',0,'created_at','2007-05-03 11:55:06'),(22,'self',0,'created_at','2007-05-04 00:38:10'),(23,'self',0,'created_at','2007-05-04 00:47:17'),(24,'self',0,'created_at','2007-05-04 00:52:13'),(25,'self',0,'created_at','2007-05-04 14:56:26'),(26,'self',0,'created_at','2007-05-04 20:19:53');
insert into `sales_order_attribute_datetime` (`order_id`,`entity_type`,`entity_id`,`attribute_code`,`attribute_value`) values (27,'self',0,'created_at','2007-05-05 15:19:03'),(28,'self',0,'created_at','2007-05-06 23:51:38'),(29,'self',0,'created_at','2007-05-07 00:15:24'),(30,'self',0,'created_at','2007-05-07 01:07:15'),(31,'self',0,'created_at','2007-05-07 01:37:16'),(32,'self',0,'created_at','2007-05-07 01:41:31'),(33,'self',0,'created_at','2007-05-07 01:50:26'),(34,'self',0,'created_at','2007-05-07 02:08:48'),(35,'self',0,'created_at','2007-05-07 05:23:05'),(36,'self',0,'created_at','2007-05-07 05:44:23'),(37,'self',0,'created_at','2007-05-07 06:06:21'),(38,'self',0,'created_at','2007-05-07 08:37:03'),(39,'self',0,'created_at','2007-05-07 09:38:56'),(40,'self',0,'created_at','2007-05-07 10:32:04'),(41,'self',0,'created_at','2007-05-07 13:50:45'),(42,'self',0,'created_at','2007-05-15 00:55:57');

/*Table structure for table `sales_order_attribute_decimal` */

DROP TABLE IF EXISTS `sales_order_attribute_decimal`;

CREATE TABLE `sales_order_attribute_decimal` (
  `order_id` int(11) unsigned NOT NULL default '0',
  `entity_type` enum('self','item','address','payment','status') NOT NULL default 'self',
  `entity_id` int(11) NOT NULL default '0',
  `attribute_code` varchar(32) NOT NULL default '',
  `attribute_value` decimal(12,4) NOT NULL default '0.0000',
  KEY `document_id` (`order_id`,`entity_id`),
  KEY `entity_id` (`entity_id`,`attribute_code`),
  KEY `key` (`attribute_code`,`attribute_value`),
  KEY `order_id` (`order_id`,`entity_type`,`attribute_code`),
  CONSTRAINT `FK_sales_order_attribute_decimal` FOREIGN KEY (`order_id`) REFERENCES `sales_order` (`order_id`) ON DELETE CASCADE ON UPDATE CASCADE
) ENGINE=InnoDB DEFAULT CHARSET=utf8 COMMENT='Order attributes DECIMAL';

/*Data for the table `sales_order_attribute_decimal` */

insert into `sales_order_attribute_decimal` (`order_id`,`entity_type`,`entity_id`,`attribute_code`,`attribute_value`) values (1,'self',0,'subtotal',86.0000),(1,'self',0,'weight',59.0000),(1,'self',0,'tax_percent',8.2500),(1,'self',0,'tax_amount',7.0950),(1,'self',0,'grand_total',64.4950),(1,'self',0,'custbalance_amount',10.0000),(1,'self',0,'shipping_amount',20.0900),(1,'self',0,'discount_amount',8.6000),(1,'self',0,'giftcert_amount',20.0000),(1,'item',1,'price',86.0000),(1,'item',1,'weight',59.0000),(1,'item',1,'row_total',86.0000),(1,'item',1,'row_weight',59.0000),(1,'item',1,'tax_percent',8.2500),(1,'item',1,'tax_amount',7.0950),(1,'item',1,'discount_percent',10.0000),(1,'item',1,'discount_amount',8.6000),(2,'self',0,'custbalance_amount',10.0000),(2,'self',0,'discount_amount',9.7000),(2,'self',0,'grand_total',76.0725),(2,'self',0,'shipping_amount',10.7700),(2,'self',0,'subtotal',97.0000),(2,'self',0,'tax_amount',8.0025),(2,'self',0,'tax_percent',8.2500),(2,'self',0,'weight',13.0000),(2,'self',0,'giftcert_amount',20.0000),(2,'item',1,'discount_amount',9.7000),(2,'item',1,'discount_percent',10.0000),(2,'item',1,'price',97.0000),(2,'item',1,'row_total',97.0000),(2,'item',1,'row_weight',13.0000),(2,'item',1,'tax_amount',8.0025),(2,'item',1,'tax_percent',8.2500),(2,'item',1,'weight',13.0000),(3,'self',0,'subtotal',93.0000),(3,'self',0,'weight',42.0000),(3,'self',0,'tax_percent',8.2500);
insert into `sales_order_attribute_decimal` (`order_id`,`entity_type`,`entity_id`,`attribute_code`,`attribute_value`) values (3,'self',0,'tax_amount',7.6725),(3,'self',0,'grand_total',78.6925),(3,'self',0,'custbalance_amount',10.0000),(3,'self',0,'discount_amount',9.3000),(3,'self',0,'giftcert_amount',20.0000),(3,'self',0,'shipping_amount',17.3200),(3,'item',1,'price',93.0000),(3,'item',1,'weight',42.0000),(3,'item',1,'row_total',93.0000),(3,'item',1,'row_weight',42.0000),(3,'item',1,'tax_percent',8.2500),(3,'item',1,'tax_amount',7.6725),(3,'item',1,'discount_percent',10.0000),(3,'item',1,'discount_amount',9.3000),(4,'self',0,'custbalance_amount',10.0000),(4,'self',0,'discount_amount',15.9000),(4,'self',0,'giftcert_amount',20.0000),(4,'self',0,'grand_total',126.2175),(4,'self',0,'subtotal',159.0000),(4,'self',0,'tax_amount',13.1175),(4,'self',0,'tax_percent',8.2500),(4,'self',0,'weight',92.0000),(4,'self',0,'shipping_amount',46.5500),(4,'item',10,'discount_amount',7.3000),(4,'item',10,'discount_percent',10.0000),(4,'item',10,'price',73.0000),(4,'item',10,'qty',1.0000),(4,'item',10,'row_total',73.0000),(4,'item',10,'row_weight',33.0000),(4,'item',10,'tax_amount',6.0225),(4,'item',10,'tax_percent',8.2500),(4,'item',10,'weight',33.0000),(4,'item',14,'discount_amount',8.6000),(4,'item',14,'discount_percent',10.0000),(4,'item',14,'price',86.0000),(4,'item',14,'qty',1.0000),(4,'item',14,'row_total',86.0000),(4,'item',14,'row_weight',59.0000);
insert into `sales_order_attribute_decimal` (`order_id`,`entity_type`,`entity_id`,`attribute_code`,`attribute_value`) values (4,'item',14,'tax_amount',7.0950),(4,'item',14,'tax_percent',8.2500),(4,'item',14,'weight',59.0000),(5,'self',0,'custbalance_amount',10.0000),(5,'self',0,'discount_amount',18.0000),(5,'self',0,'giftcert_amount',20.0000),(5,'self',0,'grand_total',146.8500),(5,'self',0,'shipping_amount',20.0000),(5,'self',0,'subtotal',180.0000),(5,'self',0,'tax_amount',14.8500),(5,'self',0,'tax_percent',8.2500),(5,'self',0,'weight',235.0000),(5,'item',3,'discount_amount',11.6000),(5,'item',3,'discount_percent',10.0000),(5,'item',3,'price',58.0000),(5,'item',3,'qty',2.0000),(5,'item',3,'row_total',116.0000),(5,'item',3,'row_weight',154.0000),(5,'item',3,'tax_amount',9.5700),(5,'item',3,'tax_percent',8.2500),(5,'item',3,'weight',77.0000),(5,'item',4,'discount_amount',6.4000),(5,'item',4,'discount_percent',10.0000),(5,'item',4,'price',64.0000),(5,'item',4,'qty',1.0000),(5,'item',4,'row_total',64.0000),(5,'item',4,'row_weight',81.0000),(5,'item',4,'tax_amount',5.2800),(5,'item',4,'tax_percent',8.2500),(5,'item',4,'weight',81.0000),(6,'self',0,'custbalance_amount',10.0000),(6,'self',0,'discount_amount',24.1000),(6,'self',0,'giftcert_amount',20.0000),(6,'self',0,'grand_total',226.7825),(6,'self',0,'shipping_amount',20.0000),(6,'self',0,'subtotal',241.0000),(6,'self',0,'tax_amount',19.8825),(6,'self',0,'tax_percent',8.2500);
insert into `sales_order_attribute_decimal` (`order_id`,`entity_type`,`entity_id`,`attribute_code`,`attribute_value`) values (6,'self',0,'weight',240.0000),(6,'item',1,'discount_amount',6.6000),(6,'item',1,'discount_percent',10.0000),(6,'item',1,'price',66.0000),(6,'item',1,'qty',1.0000),(6,'item',1,'row_total',66.0000),(6,'item',1,'row_weight',10.0000),(6,'item',1,'tax_amount',5.4450),(6,'item',1,'tax_percent',8.2500),(6,'item',1,'weight',10.0000),(6,'item',2,'discount_amount',1.8000),(6,'item',2,'discount_percent',10.0000),(6,'item',2,'price',18.0000),(6,'item',2,'qty',1.0000),(6,'item',2,'row_total',18.0000),(6,'item',2,'row_weight',66.0000),(6,'item',2,'tax_amount',1.4850),(6,'item',2,'tax_percent',8.2500),(6,'item',2,'weight',66.0000),(6,'item',4,'discount_amount',7.7000),(6,'item',4,'discount_percent',10.0000),(6,'item',4,'price',77.0000),(6,'item',4,'qty',1.0000),(6,'item',4,'row_total',77.0000),(6,'item',4,'row_weight',5.0000),(6,'item',4,'tax_amount',6.3525),(6,'item',4,'tax_percent',8.2500),(6,'item',4,'weight',5.0000),(6,'item',6,'discount_amount',4.1000),(6,'item',6,'discount_percent',10.0000),(6,'item',6,'price',41.0000),(6,'item',6,'qty',1.0000),(6,'item',6,'row_total',41.0000),(6,'item',6,'row_weight',76.0000),(6,'item',6,'tax_amount',3.3825),(6,'item',6,'tax_percent',8.2500),(6,'item',6,'weight',76.0000),(6,'item',11,'discount_amount',3.2000),(6,'item',11,'discount_percent',10.0000),(6,'item',11,'price',32.0000),(6,'item',11,'qty',1.0000);
insert into `sales_order_attribute_decimal` (`order_id`,`entity_type`,`entity_id`,`attribute_code`,`attribute_value`) values (6,'item',11,'row_total',32.0000),(6,'item',11,'row_weight',53.0000),(6,'item',11,'tax_amount',2.6400),(6,'item',11,'tax_percent',8.2500),(6,'item',11,'weight',53.0000),(6,'item',12,'discount_amount',0.7000),(6,'item',12,'discount_percent',10.0000),(6,'item',12,'price',7.0000),(6,'item',12,'qty',1.0000),(6,'item',12,'row_total',7.0000),(6,'item',12,'row_weight',30.0000),(6,'item',12,'tax_amount',0.5775),(6,'item',12,'tax_percent',8.2500),(6,'item',12,'weight',30.0000),(7,'self',0,'custbalance_amount',10.0000),(7,'self',0,'discount_amount',24.1000),(7,'self',0,'giftcert_amount',20.0000),(7,'self',0,'grand_total',226.7825),(7,'self',0,'shipping_amount',20.0000),(7,'self',0,'subtotal',241.0000),(7,'self',0,'tax_amount',19.8825),(7,'self',0,'tax_percent',8.2500),(7,'self',0,'weight',240.0000),(7,'item',1,'discount_amount',6.6000),(7,'item',1,'discount_percent',10.0000),(7,'item',1,'price',66.0000),(7,'item',1,'qty',1.0000),(7,'item',1,'row_total',66.0000),(7,'item',1,'row_weight',10.0000),(7,'item',1,'tax_amount',5.4450),(7,'item',1,'tax_percent',8.2500),(7,'item',1,'weight',10.0000),(7,'item',2,'discount_amount',1.8000),(7,'item',2,'discount_percent',10.0000),(7,'item',2,'price',18.0000),(7,'item',2,'qty',1.0000),(7,'item',2,'row_total',18.0000),(7,'item',2,'row_weight',66.0000),(7,'item',2,'tax_amount',1.4850);
insert into `sales_order_attribute_decimal` (`order_id`,`entity_type`,`entity_id`,`attribute_code`,`attribute_value`) values (7,'item',2,'tax_percent',8.2500),(7,'item',2,'weight',66.0000),(7,'item',4,'discount_amount',7.7000),(7,'item',4,'discount_percent',10.0000),(7,'item',4,'price',77.0000),(7,'item',4,'qty',1.0000),(7,'item',4,'row_total',77.0000),(7,'item',4,'row_weight',5.0000),(7,'item',4,'tax_amount',6.3525),(7,'item',4,'tax_percent',8.2500),(7,'item',4,'weight',5.0000),(7,'item',6,'discount_amount',4.1000),(7,'item',6,'discount_percent',10.0000),(7,'item',6,'price',41.0000),(7,'item',6,'qty',1.0000),(7,'item',6,'row_total',41.0000),(7,'item',6,'row_weight',76.0000),(7,'item',6,'tax_amount',3.3825),(7,'item',6,'tax_percent',8.2500),(7,'item',6,'weight',76.0000),(7,'item',11,'discount_amount',3.2000),(7,'item',11,'discount_percent',10.0000),(7,'item',11,'price',32.0000),(7,'item',11,'qty',1.0000),(7,'item',11,'row_total',32.0000),(7,'item',11,'row_weight',53.0000),(7,'item',11,'tax_amount',2.6400),(7,'item',11,'tax_percent',8.2500),(7,'item',11,'weight',53.0000),(7,'item',12,'discount_amount',0.7000),(7,'item',12,'discount_percent',10.0000),(7,'item',12,'price',7.0000),(7,'item',12,'qty',1.0000),(7,'item',12,'row_total',7.0000),(7,'item',12,'row_weight',30.0000),(7,'item',12,'tax_amount',0.5775),(7,'item',12,'tax_percent',8.2500),(7,'item',12,'weight',30.0000),(8,'self',0,'custbalance_amount',10.0000),(8,'self',0,'grand_total',47.3725);
insert into `sales_order_attribute_decimal` (`order_id`,`entity_type`,`entity_id`,`attribute_code`,`attribute_value`) values (8,'self',0,'subtotal',53.0000),(8,'self',0,'tax_amount',4.3725),(8,'self',0,'tax_percent',8.2500),(8,'self',0,'weight',73.0000),(8,'self',0,'shipping_amount',25.0800),(8,'item',1,'price',53.0000),(8,'item',1,'qty',1.0000),(8,'item',1,'row_total',53.0000),(8,'item',1,'row_weight',73.0000),(8,'item',1,'tax_amount',4.3725),(8,'item',1,'tax_percent',8.2500),(8,'item',1,'weight',73.0000),(9,'self',0,'custbalance_amount',10.0000),(9,'self',0,'grand_total',47.3725),(9,'self',0,'shipping_amount',25.0800),(9,'self',0,'subtotal',53.0000),(9,'self',0,'tax_amount',4.3725),(9,'self',0,'tax_percent',8.2500),(9,'self',0,'weight',73.0000),(9,'item',1,'price',53.0000),(9,'item',1,'qty',1.0000),(9,'item',1,'row_total',53.0000),(9,'item',1,'row_weight',73.0000),(9,'item',1,'tax_amount',4.3725),(9,'item',1,'tax_percent',8.2500),(9,'item',1,'weight',73.0000),(10,'self',0,'custbalance_amount',10.0000),(10,'self',0,'grand_total',47.3725),(10,'self',0,'subtotal',53.0000),(10,'self',0,'tax_amount',4.3725),(10,'self',0,'tax_percent',8.2500),(10,'self',0,'weight',73.0000),(10,'self',0,'shipping_amount',25.0800),(10,'item',1,'price',53.0000),(10,'item',1,'qty',1.0000),(10,'item',1,'row_total',53.0000),(10,'item',1,'row_weight',73.0000),(10,'item',1,'tax_amount',4.3725),(10,'item',1,'tax_percent',8.2500),(10,'item',1,'weight',73.0000);
insert into `sales_order_attribute_decimal` (`order_id`,`entity_type`,`entity_id`,`attribute_code`,`attribute_value`) values (11,'self',0,'custbalance_amount',10.0000),(11,'self',0,'grand_total',47.3725),(11,'self',0,'shipping_amount',25.0800),(11,'self',0,'subtotal',53.0000),(11,'self',0,'tax_amount',4.3725),(11,'self',0,'tax_percent',8.2500),(11,'self',0,'weight',73.0000),(11,'item',1,'price',53.0000),(11,'item',1,'qty',1.0000),(11,'item',1,'row_total',53.0000),(11,'item',1,'row_weight',73.0000),(11,'item',1,'tax_amount',4.3725),(11,'item',1,'tax_percent',8.2500),(11,'item',1,'weight',73.0000),(12,'self',0,'subtotal',53.0000),(12,'self',0,'grand_total',47.3725),(12,'self',0,'tax_percent',8.2500),(12,'self',0,'tax_amount',4.3725),(12,'self',0,'weight',73.0000),(12,'self',0,'custbalance_amount',10.0000),(12,'self',0,'shipping_amount',25.0800),(12,'item',1,'price',53.0000),(12,'item',1,'weight',73.0000),(12,'item',1,'qty',1.0000),(12,'item',1,'row_total',53.0000),(12,'item',1,'tax_percent',8.2500),(12,'item',1,'tax_amount',4.3725),(12,'item',1,'row_weight',73.0000),(13,'self',0,'subtotal',92.0000),(13,'self',0,'grand_total',89.5900),(13,'self',0,'tax_percent',8.2500),(13,'self',0,'tax_amount',7.5900),(13,'self',0,'weight',79.0000),(13,'self',0,'custbalance_amount',10.0000),(13,'self',0,'shipping_amount',31.6100),(13,'item',1,'price',92.0000),(13,'item',1,'weight',79.0000),(13,'item',1,'qty',1.0000),(13,'item',1,'row_total',92.0000);
insert into `sales_order_attribute_decimal` (`order_id`,`entity_type`,`entity_id`,`attribute_code`,`attribute_value`) values (13,'item',1,'tax_percent',8.2500),(13,'item',1,'tax_amount',7.5900),(13,'item',1,'row_weight',79.0000),(14,'self',0,'custbalance_amount',10.0000),(14,'self',0,'grand_total',47.3725),(14,'self',0,'shipping_amount',25.0800),(14,'self',0,'subtotal',53.0000),(14,'self',0,'tax_amount',4.3725),(14,'self',0,'tax_percent',8.2500),(14,'self',0,'weight',73.0000),(14,'item',1,'price',53.0000),(14,'item',1,'qty',1.0000),(14,'item',1,'row_total',53.0000),(14,'item',1,'row_weight',73.0000),(14,'item',1,'tax_amount',4.3725),(14,'item',1,'tax_percent',8.2500),(14,'item',1,'weight',73.0000),(15,'self',0,'subtotal',53.0000),(15,'self',0,'grand_total',47.3725),(15,'self',0,'tax_percent',8.2500),(15,'self',0,'tax_amount',4.3725),(15,'self',0,'weight',73.0000),(15,'self',0,'custbalance_amount',10.0000),(15,'self',0,'shipping_amount',25.0800),(15,'item',1,'price',53.0000),(15,'item',1,'weight',73.0000),(15,'item',1,'qty',1.0000),(15,'item',1,'row_total',53.0000),(15,'item',1,'tax_percent',8.2500),(15,'item',1,'tax_amount',4.3725),(15,'item',1,'row_weight',73.0000),(16,'self',0,'subtotal',27.0000),(16,'self',0,'grand_total',19.2275),(16,'self',0,'tax_percent',8.2500),(16,'self',0,'tax_amount',2.2275),(16,'self',0,'weight',83.0000),(16,'self',0,'custbalance_amount',10.0000),(16,'self',0,'shipping_amount',36.0300),(16,'item',1,'price',27.0000);
insert into `sales_order_attribute_decimal` (`order_id`,`entity_type`,`entity_id`,`attribute_code`,`attribute_value`) values (16,'item',1,'weight',83.0000),(16,'item',1,'qty',1.0000),(16,'item',1,'row_total',27.0000),(16,'item',1,'tax_percent',8.2500),(16,'item',1,'tax_amount',2.2275),(16,'item',1,'row_weight',83.0000),(17,'self',0,'subtotal',92.0000),(17,'self',0,'grand_total',89.5900),(17,'self',0,'tax_percent',8.2500),(17,'self',0,'tax_amount',7.5900),(17,'self',0,'weight',79.0000),(17,'self',0,'custbalance_amount',10.0000),(17,'self',0,'shipping_amount',31.6100),(17,'item',1,'price',92.0000),(17,'item',1,'weight',79.0000),(17,'item',1,'qty',1.0000),(17,'item',1,'row_total',92.0000),(17,'item',1,'tax_percent',8.2500),(17,'item',1,'tax_amount',7.5900),(17,'item',1,'row_weight',79.0000),(18,'self',0,'custbalance_amount',10.0000),(18,'self',0,'grand_total',89.5900),(18,'self',0,'subtotal',92.0000),(18,'self',0,'tax_amount',7.5900),(18,'self',0,'tax_percent',8.2500),(18,'self',0,'weight',84.0000),(18,'self',0,'shipping_amount',37.1800),(18,'item',1,'price',92.0000),(18,'item',1,'qty',1.0000),(18,'item',1,'row_total',92.0000),(18,'item',1,'row_weight',84.0000),(18,'item',1,'tax_amount',7.5900),(18,'item',1,'tax_percent',8.2500),(18,'item',1,'weight',84.0000),(19,'self',0,'custbalance_amount',10.0000),(19,'self',0,'grand_total',47.3725),(19,'self',0,'subtotal',53.0000),(19,'self',0,'tax_amount',4.3725),(19,'self',0,'tax_percent',8.2500);
insert into `sales_order_attribute_decimal` (`order_id`,`entity_type`,`entity_id`,`attribute_code`,`attribute_value`) values (19,'self',0,'weight',73.0000),(19,'self',0,'shipping_amount',25.0800),(19,'item',1,'price',53.0000),(19,'item',1,'qty',1.0000),(19,'item',1,'row_total',53.0000),(19,'item',1,'row_weight',73.0000),(19,'item',1,'tax_amount',4.3725),(19,'item',1,'tax_percent',8.2500),(19,'item',1,'weight',73.0000),(20,'self',0,'custbalance_amount',10.0000),(20,'self',0,'grand_total',89.5900),(20,'self',0,'subtotal',92.0000),(20,'self',0,'tax_amount',7.5900),(20,'self',0,'tax_percent',8.2500),(20,'self',0,'weight',79.0000),(20,'self',0,'shipping_amount',31.6100),(20,'item',1,'price',92.0000),(20,'item',1,'qty',1.0000),(20,'item',1,'row_total',92.0000),(20,'item',1,'row_weight',79.0000),(20,'item',1,'tax_amount',7.5900),(20,'item',1,'tax_percent',8.2500),(20,'item',1,'weight',79.0000),(21,'self',0,'custbalance_amount',10.0000),(21,'self',0,'grand_total',245.5200),(21,'self',0,'shipping_amount',79.8600),(21,'self',0,'subtotal',164.0000),(21,'self',0,'tax_amount',13.5300),(21,'self',0,'tax_percent',8.2500),(21,'self',0,'weight',81.0000),(21,'item',1,'price',92.0000),(21,'item',1,'qty',1.0000),(21,'item',1,'row_total',92.0000),(21,'item',1,'row_weight',79.0000),(21,'item',1,'tax_amount',7.5900),(21,'item',1,'tax_percent',8.2500),(21,'item',1,'weight',79.0000),(21,'item',11,'price',72.0000),(21,'item',11,'qty',1.0000),(21,'item',11,'row_total',72.0000);
insert into `sales_order_attribute_decimal` (`order_id`,`entity_type`,`entity_id`,`attribute_code`,`attribute_value`) values (21,'item',11,'row_weight',2.0000),(21,'item',11,'tax_amount',5.9400),(21,'item',11,'tax_percent',8.2500),(21,'item',11,'weight',2.0000),(22,'self',0,'custbalance_amount',10.0000),(22,'self',0,'grand_total',60.3625),(22,'self',0,'shipping_amount',8.7900),(22,'self',0,'subtotal',65.0000),(22,'self',0,'tax_amount',5.3625),(22,'self',0,'tax_percent',8.2500),(22,'self',0,'weight',6.0000),(22,'item',1,'price',65.0000),(22,'item',1,'qty',1.0000),(22,'item',1,'row_total',65.0000),(22,'item',1,'row_weight',6.0000),(22,'item',1,'tax_amount',5.3625),(22,'item',1,'tax_percent',8.2500),(22,'item',1,'weight',6.0000),(23,'self',0,'custbalance_amount',10.0000),(23,'self',0,'grand_total',134.1025),(23,'self',0,'shipping_amount',8.7900),(23,'self',0,'subtotal',125.0000),(23,'self',0,'tax_amount',10.3125),(23,'self',0,'tax_percent',8.2500),(23,'self',0,'weight',90.0000),(23,'item',1,'price',65.0000),(23,'item',1,'qty',1.0000),(23,'item',1,'row_total',65.0000),(23,'item',1,'row_weight',6.0000),(23,'item',1,'tax_amount',5.3625),(23,'item',1,'tax_percent',8.2500),(23,'item',1,'weight',6.0000),(23,'item',11,'price',60.0000),(23,'item',11,'qty',1.0000),(23,'item',11,'row_total',60.0000),(23,'item',11,'row_weight',84.0000),(23,'item',11,'tax_amount',4.9500),(23,'item',11,'tax_percent',8.2500),(23,'item',11,'weight',84.0000);
insert into `sales_order_attribute_decimal` (`order_id`,`entity_type`,`entity_id`,`attribute_code`,`attribute_value`) values (24,'self',0,'custbalance_amount',10.0000),(24,'self',0,'grand_total',11.6500),(24,'self',0,'subtotal',20.0000),(24,'self',0,'tax_amount',1.6500),(24,'self',0,'tax_percent',8.2500),(24,'self',0,'weight',10.0000),(24,'self',0,'shipping_amount',9.9800),(24,'item',1,'price',20.0000),(24,'item',1,'qty',1.0000),(24,'item',1,'row_total',20.0000),(24,'item',1,'row_weight',10.0000),(24,'item',1,'tax_amount',1.6500),(24,'item',1,'tax_percent',8.2500),(24,'item',1,'weight',10.0000),(25,'self',0,'custbalance_amount',10.0000),(25,'self',0,'grand_total',511.5200),(25,'self',0,'shipping_amount',33.7800),(25,'self',0,'subtotal',408.0000),(25,'self',0,'tax_amount',33.6600),(25,'self',0,'tax_percent',8.2500),(25,'self',0,'weight',323.0000),(25,'item',1,'price',92.0000),(25,'item',1,'qty',3.0000),(25,'item',1,'row_total',276.0000),(25,'item',1,'row_weight',237.0000),(25,'item',1,'tax_amount',22.7700),(25,'item',1,'tax_percent',8.2500),(25,'item',1,'weight',79.0000),(25,'item',11,'price',72.0000),(25,'item',11,'qty',1.0000),(25,'item',11,'row_total',72.0000),(25,'item',11,'row_weight',2.0000),(25,'item',11,'tax_amount',5.9400),(25,'item',11,'tax_percent',8.2500),(25,'item',11,'weight',2.0000),(25,'item',12,'price',60.0000),(25,'item',12,'qty',1.0000),(25,'item',12,'row_total',60.0000),(25,'item',12,'row_weight',84.0000),(25,'item',12,'tax_amount',4.9500);
insert into `sales_order_attribute_decimal` (`order_id`,`entity_type`,`entity_id`,`attribute_code`,`attribute_value`) values (25,'item',12,'tax_percent',8.2500),(25,'item',12,'weight',84.0000),(26,'self',0,'subtotal',44.0000),(26,'self',0,'grand_total',37.6300),(26,'self',0,'tax_percent',8.2500),(26,'self',0,'tax_amount',3.6300),(26,'self',0,'weight',85.0000),(26,'self',0,'custbalance_amount',10.0000),(26,'self',0,'shipping_amount',139.1500),(26,'item',1,'price',44.0000),(26,'item',1,'weight',85.0000),(26,'item',1,'qty',1.0000),(26,'item',1,'row_total',44.0000),(26,'item',1,'tax_percent',8.2500),(26,'item',1,'tax_amount',3.6300),(26,'item',1,'row_weight',85.0000),(27,'self',0,'grand_total',102.1300),(27,'self',0,'shipping_amount',37.1800),(27,'self',0,'subtotal',60.0000),(27,'self',0,'tax_amount',4.9500),(27,'self',0,'tax_percent',8.2500),(27,'self',0,'weight',84.0000),(27,'item',11,'price',60.0000),(27,'item',11,'qty',1.0000),(27,'item',11,'row_total',60.0000),(27,'item',11,'row_weight',84.0000),(27,'item',11,'tax_amount',4.9500),(27,'item',11,'tax_percent',8.2500),(27,'item',11,'weight',84.0000),(28,'self',0,'grand_total',424.5975),(28,'self',0,'shipping_amount',20.0000),(28,'self',0,'subtotal',383.0000),(28,'self',0,'tax_amount',31.5975),(28,'self',0,'tax_percent',8.2500),(28,'self',0,'weight',414.0000),(28,'self',0,'custbalance_amount',10.0000),(28,'item',1,'price',20.0000),(28,'item',1,'qty',1.0000),(28,'item',1,'row_total',20.0000);
insert into `sales_order_attribute_decimal` (`order_id`,`entity_type`,`entity_id`,`attribute_code`,`attribute_value`) values (28,'item',1,'row_weight',10.0000),(28,'item',1,'tax_amount',1.6500),(28,'item',1,'tax_percent',8.2500),(28,'item',1,'weight',10.0000),(28,'item',3,'price',27.0000),(28,'item',3,'qty',1.0000),(28,'item',3,'row_total',27.0000),(28,'item',3,'row_weight',83.0000),(28,'item',3,'tax_amount',2.2275),(28,'item',3,'tax_percent',8.2500),(28,'item',3,'weight',83.0000),(28,'item',9,'price',60.0000),(28,'item',9,'qty',1.0000),(28,'item',9,'row_total',60.0000),(28,'item',9,'row_weight',84.0000),(28,'item',9,'tax_amount',4.9500),(28,'item',9,'tax_percent',8.2500),(28,'item',9,'weight',84.0000),(28,'item',10,'price',92.0000),(28,'item',10,'qty',3.0000),(28,'item',10,'row_total',276.0000),(28,'item',10,'row_weight',237.0000),(28,'item',10,'tax_amount',22.7700),(28,'item',10,'tax_percent',8.2500),(28,'item',10,'weight',79.0000),(29,'self',0,'custbalance_amount',10.0000),(29,'self',0,'grand_total',54.9500),(29,'self',0,'shipping_amount',11.3700),(29,'self',0,'subtotal',60.0000),(29,'self',0,'tax_amount',4.9500),(29,'self',0,'tax_percent',8.2500),(29,'self',0,'weight',17.0000),(29,'item',1,'price',60.0000),(29,'item',1,'qty',1.0000),(29,'item',1,'row_total',60.0000),(29,'item',1,'row_weight',17.0000),(29,'item',1,'tax_amount',4.9500),(29,'item',1,'tax_percent',8.2500),(29,'item',1,'weight',17.0000),(30,'self',0,'subtotal',80.0000);
insert into `sales_order_attribute_decimal` (`order_id`,`entity_type`,`entity_id`,`attribute_code`,`attribute_value`) values (30,'self',0,'grand_total',76.6000),(30,'self',0,'tax_percent',8.2500),(30,'self',0,'tax_amount',6.6000),(30,'self',0,'weight',156.0000),(30,'self',0,'custbalance_amount',10.0000),(30,'item',1,'price',27.0000),(30,'item',1,'weight',83.0000),(30,'item',1,'qty',1.0000),(30,'item',1,'row_total',27.0000),(30,'item',1,'tax_percent',8.2500),(30,'item',1,'tax_amount',2.2275),(30,'item',1,'row_weight',83.0000),(30,'item',2,'price',53.0000),(30,'item',2,'weight',73.0000),(30,'item',2,'qty',1.0000),(30,'item',2,'row_total',53.0000),(30,'item',2,'tax_percent',8.2500),(30,'item',2,'tax_amount',4.3725),(30,'item',2,'row_weight',73.0000),(31,'self',0,'custbalance_amount',10.0000),(31,'self',0,'grand_total',309.3375),(31,'self',0,'subtotal',295.0000),(31,'self',0,'tax_amount',24.3375),(31,'self',0,'tax_percent',8.2500),(31,'self',0,'weight',243.0000),(31,'item',1,'price',41.0000),(31,'item',1,'qty',2.0000),(31,'item',1,'row_total',82.0000),(31,'item',1,'row_weight',152.0000),(31,'item',1,'tax_amount',6.7650),(31,'item',1,'tax_percent',8.2500),(31,'item',1,'weight',76.0000),(31,'item',2,'price',93.0000),(31,'item',2,'qty',2.0000),(31,'item',2,'row_total',186.0000),(31,'item',2,'row_weight',8.0000),(31,'item',2,'tax_amount',15.3450),(31,'item',2,'tax_percent',8.2500),(31,'item',2,'weight',4.0000),(31,'item',3,'price',27.0000),(31,'item',3,'qty',1.0000);
insert into `sales_order_attribute_decimal` (`order_id`,`entity_type`,`entity_id`,`attribute_code`,`attribute_value`) values (31,'item',3,'row_total',27.0000),(31,'item',3,'row_weight',83.0000),(31,'item',3,'tax_amount',2.2275),(31,'item',3,'tax_percent',8.2500),(31,'item',3,'weight',83.0000),(32,'self',0,'custbalance_amount',10.0000),(32,'self',0,'grand_total',-0.2575),(32,'self',0,'shipping_amount',66.0000),(32,'self',0,'subtotal',9.0000),(32,'self',0,'tax_amount',0.7425),(32,'self',0,'tax_percent',8.2500),(32,'self',0,'weight',46.0000),(32,'item',1,'price',9.0000),(32,'item',1,'qty',1.0000),(32,'item',1,'row_total',9.0000),(32,'item',1,'row_weight',46.0000),(32,'item',1,'tax_amount',0.7425),(32,'item',1,'tax_percent',8.2500),(32,'item',1,'weight',46.0000),(33,'self',0,'custbalance_amount',10.0000),(33,'self',0,'grand_total',271.4500),(33,'self',0,'subtotal',260.0000),(33,'self',0,'tax_amount',21.4500),(33,'self',0,'tax_percent',8.2500),(33,'self',0,'weight',251.0000),(33,'item',1,'price',76.0000),(33,'item',1,'qty',1.0000),(33,'item',1,'row_total',76.0000),(33,'item',1,'row_weight',88.0000),(33,'item',1,'tax_amount',6.2700),(33,'item',1,'tax_percent',8.2500),(33,'item',1,'weight',88.0000),(33,'item',3,'price',92.0000),(33,'item',3,'qty',1.0000),(33,'item',3,'row_total',92.0000),(33,'item',3,'row_weight',79.0000),(33,'item',3,'tax_amount',7.5900),(33,'item',3,'tax_percent',8.2500),(33,'item',3,'weight',79.0000),(33,'item',4,'price',92.0000);
insert into `sales_order_attribute_decimal` (`order_id`,`entity_type`,`entity_id`,`attribute_code`,`attribute_value`) values (33,'item',4,'qty',1.0000),(33,'item',4,'row_total',92.0000),(33,'item',4,'row_weight',84.0000),(33,'item',4,'tax_amount',7.5900),(33,'item',4,'tax_percent',8.2500),(33,'item',4,'weight',84.0000),(34,'self',0,'subtotal',133.0000),(34,'self',0,'grand_total',133.9725),(34,'self',0,'tax_percent',8.2500),(34,'self',0,'tax_amount',10.9725),(34,'self',0,'weight',229.0000),(34,'self',0,'custbalance_amount',10.0000),(34,'item',1,'price',27.0000),(34,'item',1,'weight',83.0000),(34,'item',1,'qty',1.0000),(34,'item',1,'row_total',27.0000),(34,'item',1,'tax_percent',8.2500),(34,'item',1,'tax_amount',2.2275),(34,'item',1,'row_weight',83.0000),(34,'item',2,'price',53.0000),(34,'item',2,'weight',73.0000),(34,'item',2,'qty',2.0000),(34,'item',2,'row_total',106.0000),(34,'item',2,'tax_percent',8.2500),(34,'item',2,'tax_amount',8.7450),(34,'item',2,'row_weight',146.0000),(35,'self',0,'grand_total',64.9500),(35,'self',0,'shipping_amount',170.0500),(35,'self',0,'subtotal',60.0000),(35,'self',0,'tax_amount',4.9500),(35,'self',0,'tax_percent',8.2500),(35,'self',0,'weight',84.0000),(35,'item',1,'price',60.0000),(35,'item',1,'qty',1.0000),(35,'item',1,'row_total',60.0000),(35,'item',1,'row_weight',84.0000),(35,'item',1,'tax_amount',4.9500),(35,'item',1,'tax_percent',8.2500),(35,'item',1,'weight',84.0000),(36,'self',0,'custbalance_amount',10.0000);
insert into `sales_order_attribute_decimal` (`order_id`,`entity_type`,`entity_id`,`attribute_code`,`attribute_value`) values (36,'self',0,'grand_total',568.0550),(36,'self',0,'subtotal',534.0000),(36,'self',0,'tax_amount',44.0550),(36,'self',0,'tax_percent',8.2500),(36,'self',0,'weight',391.0000),(36,'item',1,'price',41.0000),(36,'item',1,'qty',2.0000),(36,'item',1,'row_total',82.0000),(36,'item',1,'row_weight',152.0000),(36,'item',1,'tax_amount',6.7650),(36,'item',1,'tax_percent',8.2500),(36,'item',1,'weight',76.0000),(36,'item',2,'price',93.0000),(36,'item',2,'qty',2.0000),(36,'item',2,'row_total',186.0000),(36,'item',2,'row_weight',8.0000),(36,'item',2,'tax_amount',15.3450),(36,'item',2,'tax_percent',8.2500),(36,'item',2,'weight',4.0000),(36,'item',3,'price',27.0000),(36,'item',3,'qty',1.0000),(36,'item',3,'row_total',27.0000),(36,'item',3,'row_weight',83.0000),(36,'item',3,'tax_amount',2.2275),(36,'item',3,'tax_percent',8.2500),(36,'item',3,'weight',83.0000),(36,'item',8,'price',85.0000),(36,'item',8,'qty',1.0000),(36,'item',8,'row_total',85.0000),(36,'item',8,'row_weight',47.0000),(36,'item',8,'tax_amount',7.0125),(36,'item',8,'tax_percent',8.2500),(36,'item',8,'weight',47.0000),(36,'item',9,'price',36.0000),(36,'item',9,'qty',1.0000),(36,'item',9,'row_total',36.0000),(36,'item',9,'row_weight',22.0000),(36,'item',9,'tax_amount',2.9700),(36,'item',9,'tax_percent',8.2500),(36,'item',9,'weight',22.0000),(36,'item',10,'price',53.0000),(36,'item',10,'qty',1.0000);
insert into `sales_order_attribute_decimal` (`order_id`,`entity_type`,`entity_id`,`attribute_code`,`attribute_value`) values (36,'item',10,'row_total',53.0000),(36,'item',10,'row_weight',73.0000),(36,'item',10,'tax_amount',4.3725),(36,'item',10,'tax_percent',8.2500),(36,'item',10,'weight',73.0000),(36,'item',11,'price',65.0000),(36,'item',11,'weight',6.0000),(36,'item',11,'qty',1.0000),(36,'item',11,'row_total',65.0000),(36,'item',11,'tax_percent',8.2500),(36,'item',11,'tax_amount',5.3625),(36,'item',11,'row_weight',6.0000),(37,'self',0,'custbalance_amount',10.0000),(37,'self',0,'grand_total',162.1175),(37,'self',0,'subtotal',159.0000),(37,'self',0,'tax_amount',13.1175),(37,'self',0,'tax_percent',8.2500),(37,'self',0,'weight',219.0000),(37,'item',1,'price',53.0000),(37,'item',1,'qty',3.0000),(37,'item',1,'row_total',159.0000),(37,'item',1,'row_weight',219.0000),(37,'item',1,'tax_amount',13.1175),(37,'item',1,'tax_percent',8.2500),(37,'item',1,'weight',73.0000),(38,'self',0,'subtotal',205.9500),(38,'self',0,'grand_total',222.9409),(38,'self',0,'tax_percent',8.2500),(38,'self',0,'tax_amount',16.9909),(38,'self',0,'weight',146.0000),(38,'self',0,'shipping_amount',215.9000),(38,'item',1,'price',53.0000),(38,'item',1,'weight',73.0000),(38,'item',1,'qty',2.0000),(38,'item',1,'row_total',106.0000),(38,'item',1,'tax_percent',8.2500),(38,'item',1,'tax_amount',8.7450),(38,'item',1,'row_weight',146.0000),(38,'item',2,'price',99.9500),(38,'item',2,'weight',0.0000);
insert into `sales_order_attribute_decimal` (`order_id`,`entity_type`,`entity_id`,`attribute_code`,`attribute_value`) values (38,'item',2,'qty',1.0000),(38,'item',2,'row_total',99.9500),(38,'item',2,'tax_percent',8.2500),(38,'item',2,'tax_amount',8.2459),(39,'self',0,'grand_total',108.1959),(39,'self',0,'shipping_amount',10.0000),(39,'self',0,'subtotal',99.9500),(39,'self',0,'tax_amount',8.2459),(39,'self',0,'tax_percent',8.2500),(39,'item',1,'discount_amount',9.9950),(39,'item',1,'discount_percent',10.0000),(39,'item',1,'price',99.9500),(39,'item',1,'qty',1.0000),(39,'item',1,'row_total',99.9500),(39,'item',1,'tax_amount',8.2459),(39,'item',1,'tax_percent',8.2500),(39,'item',1,'weight',0.0000),(40,'self',0,'grand_total',167.4627),(40,'self',0,'subtotal',154.7000),(40,'self',0,'tax_amount',12.7628),(40,'self',0,'tax_percent',8.2500),(40,'self',0,'weight',4.5000),(40,'self',0,'shipping_amount',28.6400),(40,'item',1,'price',59.9500),(40,'item',1,'qty',1.0000),(40,'item',1,'row_total',59.9500),(40,'item',1,'row_weight',1.0000),(40,'item',1,'tax_amount',4.9459),(40,'item',1,'tax_percent',8.2500),(40,'item',1,'weight',1.0000),(40,'item',2,'price',0.0000),(40,'item',2,'qty',1.0000),(40,'item',2,'row_weight',0.5000),(40,'item',2,'tax_percent',8.2500),(40,'item',2,'weight',0.5000),(40,'item',3,'price',4.9500),(40,'item',3,'qty',1.0000),(40,'item',3,'row_total',4.9500),(40,'item',3,'row_weight',1.0000),(40,'item',3,'tax_amount',0.4084);
insert into `sales_order_attribute_decimal` (`order_id`,`entity_type`,`entity_id`,`attribute_code`,`attribute_value`) values (40,'item',3,'tax_percent',8.2500),(40,'item',3,'weight',1.0000),(40,'item',4,'price',44.9500),(40,'item',4,'qty',1.0000),(40,'item',4,'row_total',44.9500),(40,'item',4,'row_weight',2.0000),(40,'item',4,'tax_amount',3.7084),(40,'item',4,'tax_percent',8.2500),(40,'item',4,'weight',2.0000),(40,'item',5,'price',44.8500),(40,'item',5,'qty',1.0000),(40,'item',5,'row_total',44.8500),(40,'item',5,'tax_amount',3.7001),(40,'item',5,'tax_percent',8.2500),(40,'item',5,'weight',0.0000),(41,'self',0,'grand_total',97.3384),(41,'self',0,'shipping_amount',109.8900),(41,'self',0,'subtotal',28.9500),(41,'self',0,'tax_amount',2.3884),(41,'self',0,'tax_percent',8.2500),(41,'self',0,'weight',48.0000),(41,'item',1,'price',9.0000),(41,'item',1,'qty',1.0000),(41,'item',1,'row_total',9.0000),(41,'item',1,'row_weight',46.0000),(41,'item',1,'tax_amount',0.7425),(41,'item',1,'tax_percent',8.2500),(41,'item',1,'weight',46.0000),(41,'item',11,'price',19.9500),(41,'item',11,'qty',1.0000),(41,'item',11,'row_total',19.9500),(41,'item',11,'row_weight',2.0000),(41,'item',11,'tax_amount',1.6459),(41,'item',11,'tax_percent',8.2500),(41,'item',11,'weight',2.0000),(42,'self',0,'subtotal',4.9500),(42,'self',0,'grand_total',5.3584),(42,'self',0,'tax_percent',8.2500),(42,'self',0,'tax_amount',0.4084),(42,'self',0,'weight',1.0000),(42,'self',0,'shipping_amount',46.0100);
insert into `sales_order_attribute_decimal` (`order_id`,`entity_type`,`entity_id`,`attribute_code`,`attribute_value`) values (42,'item',1,'price',4.9500),(42,'item',1,'weight',1.0000),(42,'item',1,'qty',1.0000),(42,'item',1,'row_total',4.9500),(42,'item',1,'tax_percent',8.2500),(42,'item',1,'tax_amount',0.4084),(42,'item',1,'row_weight',1.0000);

/*Table structure for table `sales_order_attribute_int` */

DROP TABLE IF EXISTS `sales_order_attribute_int`;

CREATE TABLE `sales_order_attribute_int` (
  `order_id` int(11) unsigned NOT NULL default '0',
  `entity_type` enum('self','item','address','payment','status') NOT NULL default 'self',
  `entity_id` int(11) NOT NULL default '0',
  `attribute_code` varchar(32) NOT NULL default '',
  `attribute_value` int(11) NOT NULL default '0',
  KEY `document_id` (`order_id`,`entity_id`),
  KEY `entity_id` (`entity_id`,`attribute_code`),
  KEY `key` (`attribute_code`,`attribute_value`),
  KEY `order_id` (`order_id`,`entity_type`,`attribute_code`),
  CONSTRAINT `FK_sales_order_attribute_int` FOREIGN KEY (`order_id`) REFERENCES `sales_order` (`order_id`) ON DELETE CASCADE ON UPDATE CASCADE
) ENGINE=InnoDB DEFAULT CHARSET=utf8 COMMENT='Order attributes INT';

/*Data for the table `sales_order_attribute_int` */

insert into `sales_order_attribute_int` (`order_id`,`entity_type`,`entity_id`,`attribute_code`,`attribute_value`) values (1,'self',0,'quote_id',13),(1,'self',0,'customer_id',38),(1,'self',0,'store_id',1),(1,'item',1,'product_id',413),(1,'address',9,'address_id',22),(1,'address',9,'region_id',1),(1,'address',9,'country_id',223),(1,'address',11,'address_id',22),(1,'address',11,'region_id',1),(1,'address',11,'country_id',223),(2,'self',0,'quote_id',16),(2,'self',0,'store_id',1),(2,'item',1,'product_id',412),(2,'address',9,'country_id',223),(2,'address',9,'region_id',1),(2,'address',11,'region_id',1),(2,'address',11,'country_id',223),(3,'self',0,'quote_id',9),(3,'self',0,'customer_id',38),(3,'self',0,'store_id',1),(3,'item',1,'product_id',409),(3,'address',6,'address_id',22),(3,'address',6,'country_id',223),(3,'address',6,'region_id',12),(3,'address',8,'address_id',22),(3,'address',8,'country_id',223),(3,'address',8,'region_id',12),(4,'self',0,'quote_id',12),(4,'self',0,'customer_id',38),(4,'self',0,'store_id',1),(4,'item',10,'product_id',407),(4,'item',14,'product_id',413),(4,'address',11,'address_id',10),(4,'address',11,'country_id',223),(4,'address',13,'address_id',22),(4,'address',13,'country_id',223),(5,'self',0,'quote_id',12),(5,'self',0,'customer_id',38),(5,'self',0,'store_id',1),(5,'item',3,'product_id',405),(5,'item',4,'product_id',434),(5,'address',11,'address_id',10),(5,'address',11,'country_id',223),(5,'address',13,'address_id',22);
insert into `sales_order_attribute_int` (`order_id`,`entity_type`,`entity_id`,`attribute_code`,`attribute_value`) values (5,'address',13,'country_id',223),(6,'self',0,'quote_id',27),(6,'self',0,'customer_id',38),(6,'self',0,'store_id',1),(6,'item',1,'product_id',407),(6,'item',2,'product_id',413),(6,'item',4,'product_id',409),(6,'item',6,'product_id',101),(6,'item',11,'product_id',438),(6,'item',12,'product_id',412),(6,'address',7,'address_id',10),(6,'address',7,'country_id',223),(6,'address',7,'region_id',12),(6,'address',9,'address_id',10),(6,'address',9,'region_id',12),(6,'address',9,'country_id',223),(6,'payment',8,'cc_exp_month',1),(6,'payment',8,'cc_exp_year',2009),(7,'self',0,'quote_id',27),(7,'self',0,'customer_id',38),(7,'self',0,'store_id',1),(7,'item',1,'product_id',407),(7,'item',2,'product_id',413),(7,'item',4,'product_id',409),(7,'item',6,'product_id',101),(7,'item',11,'product_id',438),(7,'item',12,'product_id',412),(7,'address',7,'address_id',10),(7,'address',7,'country_id',223),(7,'address',7,'region_id',12),(7,'address',9,'address_id',10),(7,'address',9,'country_id',223),(7,'address',9,'region_id',12),(7,'payment',8,'cc_exp_month',5),(7,'payment',8,'cc_exp_year',2009),(8,'self',0,'quote_id',30),(8,'self',0,'customer_id',38),(8,'self',0,'store_id',1),(8,'item',1,'product_id',1),(8,'address',2,'address_id',10),(8,'address',2,'country_id',223),(8,'address',2,'region_id',12),(8,'address',4,'address_id',10),(8,'address',4,'country_id',223),(8,'address',4,'region_id',12);
insert into `sales_order_attribute_int` (`order_id`,`entity_type`,`entity_id`,`attribute_code`,`attribute_value`) values (8,'payment',3,'cc_exp_month',3),(8,'payment',3,'cc_exp_year',2009),(9,'self',0,'quote_id',31),(9,'self',0,'customer_id',38),(9,'self',0,'store_id',1),(9,'item',1,'product_id',1),(9,'address',2,'address_id',10),(9,'address',2,'country_id',223),(9,'address',4,'address_id',10),(9,'address',4,'country_id',223),(9,'payment',3,'cc_exp_month',2),(9,'payment',3,'cc_exp_year',2010),(10,'self',0,'quote_id',32),(10,'self',0,'customer_id',38),(10,'self',0,'store_id',1),(10,'item',1,'product_id',1),(10,'address',2,'address_id',10),(10,'address',2,'country_id',223),(10,'address',4,'address_id',10),(10,'address',4,'country_id',223),(10,'payment',3,'cc_exp_month',2),(10,'payment',3,'cc_exp_year',2008),(11,'self',0,'quote_id',33),(11,'self',0,'customer_id',38),(11,'self',0,'store_id',1),(11,'item',1,'product_id',1),(11,'address',2,'address_id',10),(11,'address',2,'country_id',223),(11,'address',4,'address_id',10),(11,'address',4,'country_id',223),(11,'payment',3,'cc_exp_month',4),(11,'payment',3,'cc_exp_year',2009),(12,'self',0,'quote_id',34),(12,'self',0,'customer_id',38),(12,'self',0,'store_id',1),(12,'item',1,'product_id',1),(12,'address',2,'address_id',10),(12,'address',2,'country_id',223),(12,'address',4,'address_id',10),(12,'address',4,'country_id',223),(12,'payment',3,'cc_exp_month',3),(12,'payment',3,'cc_exp_year',2009),(13,'self',0,'quote_id',35);
insert into `sales_order_attribute_int` (`order_id`,`entity_type`,`entity_id`,`attribute_code`,`attribute_value`) values (13,'self',0,'customer_id',38),(13,'self',0,'store_id',1),(13,'item',1,'product_id',100),(13,'address',2,'address_id',10),(13,'address',2,'country_id',223),(13,'address',4,'address_id',10),(13,'address',4,'country_id',223),(13,'payment',3,'cc_exp_month',4),(13,'payment',3,'cc_exp_year',2009),(14,'self',0,'quote_id',36),(14,'self',0,'customer_id',38),(14,'self',0,'store_id',1),(14,'item',1,'product_id',1),(14,'address',2,'address_id',10),(14,'address',2,'country_id',223),(14,'address',4,'address_id',10),(14,'address',4,'country_id',223),(14,'payment',3,'cc_exp_month',2),(14,'payment',3,'cc_exp_year',2009),(15,'self',0,'quote_id',37),(15,'self',0,'customer_id',38),(15,'self',0,'store_id',1),(15,'item',1,'product_id',1),(15,'address',2,'address_id',10),(15,'address',2,'country_id',223),(15,'address',4,'address_id',10),(15,'address',4,'country_id',223),(15,'payment',3,'cc_exp_month',3),(15,'payment',3,'cc_exp_year',2009),(16,'self',0,'quote_id',38),(16,'self',0,'customer_id',38),(16,'self',0,'store_id',1),(16,'item',1,'product_id',123),(16,'address',2,'address_id',10),(16,'address',2,'country_id',223),(16,'address',4,'address_id',10),(16,'address',4,'country_id',223),(16,'payment',3,'cc_exp_month',2),(16,'payment',3,'cc_exp_year',2008),(17,'self',0,'quote_id',39),(17,'self',0,'customer_id',38),(17,'self',0,'store_id',1),(17,'item',1,'product_id',100);
insert into `sales_order_attribute_int` (`order_id`,`entity_type`,`entity_id`,`attribute_code`,`attribute_value`) values (17,'address',2,'address_id',10),(17,'address',2,'country_id',223),(17,'address',4,'address_id',10),(17,'address',4,'country_id',223),(17,'payment',3,'cc_exp_month',2),(17,'payment',3,'cc_exp_year',2009),(18,'self',0,'quote_id',40),(18,'self',0,'customer_id',38),(18,'self',0,'store_id',1),(18,'item',1,'product_id',10),(18,'address',2,'address_id',10),(18,'address',2,'country_id',223),(18,'address',4,'address_id',10),(18,'address',4,'country_id',223),(18,'payment',3,'cc_exp_month',2),(18,'payment',3,'cc_exp_year',2010),(19,'self',0,'quote_id',41),(19,'self',0,'customer_id',38),(19,'self',0,'store_id',1),(19,'item',1,'product_id',1),(19,'address',2,'address_id',10),(19,'address',2,'country_id',223),(19,'address',4,'address_id',10),(19,'address',4,'country_id',223),(19,'payment',3,'cc_exp_month',2),(19,'payment',3,'cc_exp_year',2008),(20,'self',0,'quote_id',42),(20,'self',0,'customer_id',38),(20,'self',0,'store_id',1),(20,'item',1,'product_id',100),(20,'address',2,'address_id',10),(20,'address',2,'country_id',223),(20,'address',4,'address_id',10),(20,'address',4,'country_id',223),(20,'payment',3,'cc_exp_month',2),(20,'payment',3,'cc_exp_year',2008),(21,'self',0,'quote_id',49),(21,'self',0,'customer_id',38),(21,'self',0,'store_id',1),(21,'item',1,'product_id',100),(21,'item',11,'product_id',130),(21,'address',2,'address_id',10);
insert into `sales_order_attribute_int` (`order_id`,`entity_type`,`entity_id`,`attribute_code`,`attribute_value`) values (21,'address',2,'country_id',223),(21,'address',4,'address_id',10),(21,'address',4,'country_id',223),(21,'payment',3,'cc_exp_month',2),(21,'payment',3,'cc_exp_year',2009),(22,'self',0,'quote_id',53),(22,'self',0,'store_id',1),(22,'item',1,'product_id',104),(22,'address',2,'country_id',223),(22,'address',4,'country_id',223),(23,'self',0,'quote_id',53),(23,'self',0,'customer_id',72),(23,'self',0,'store_id',1),(23,'item',1,'product_id',104),(23,'item',11,'product_id',102),(23,'address',2,'country_id',223),(23,'address',2,'customer_id',72),(23,'address',2,'address_id',27),(23,'address',4,'country_id',223),(23,'address',4,'customer_id',72),(23,'address',4,'address_id',27),(24,'self',0,'quote_id',54),(24,'self',0,'customer_id',73),(24,'self',0,'store_id',1),(24,'item',1,'product_id',103),(24,'address',3,'country_id',223),(24,'address',3,'customer_id',73),(24,'address',3,'address_id',28),(24,'address',10,'country_id',223),(24,'address',10,'customer_id',73),(24,'address',10,'address_id',28),(25,'self',0,'quote_id',49),(25,'self',0,'customer_id',38),(25,'self',0,'store_id',1),(25,'item',1,'product_id',100),(25,'item',11,'product_id',130),(25,'item',12,'product_id',102),(25,'address',2,'address_id',10),(25,'address',2,'country_id',223),(25,'address',4,'address_id',10),(25,'address',4,'country_id',223),(26,'self',0,'quote_id',62),(26,'self',0,'customer_id',14);
insert into `sales_order_attribute_int` (`order_id`,`entity_type`,`entity_id`,`attribute_code`,`attribute_value`) values (26,'self',0,'store_id',1),(26,'item',1,'product_id',28),(26,'address',2,'address_id',22),(26,'address',2,'country_id',223),(26,'address',3,'address_id',22),(26,'address',3,'country_id',223),(27,'self',0,'quote_id',60),(27,'self',0,'customer_id',38),(27,'self',0,'store_id',1),(27,'item',11,'product_id',102),(27,'address',2,'address_id',10),(27,'address',2,'country_id',223),(27,'address',3,'address_id',10),(27,'address',3,'country_id',223),(27,'payment',9,'cc_exp_month',2),(27,'payment',9,'cc_exp_year',2008),(28,'self',0,'quote_id',67),(28,'self',0,'customer_id',1),(28,'self',0,'store_id',1),(28,'item',1,'product_id',103),(28,'item',3,'product_id',123),(28,'item',9,'product_id',102),(28,'item',10,'product_id',100),(28,'address',4,'address_id',21),(28,'address',4,'country_id',223),(28,'address',6,'address_id',21),(28,'address',6,'country_id',223),(28,'payment',5,'cc_exp_month',2),(28,'payment',5,'cc_exp_year',2009),(29,'self',0,'quote_id',70),(29,'self',0,'customer_id',1),(29,'self',0,'store_id',1),(29,'item',1,'product_id',109),(29,'address',8,'address_id',21),(29,'address',8,'country_id',223),(29,'address',10,'address_id',21),(29,'address',10,'country_id',223),(29,'payment',9,'cc_exp_month',3),(29,'payment',9,'cc_exp_year',2011),(30,'self',0,'quote_id',71),(30,'self',0,'customer_id',1),(30,'self',0,'store_id',1),(30,'item',1,'product_id',123);
insert into `sales_order_attribute_int` (`order_id`,`entity_type`,`entity_id`,`attribute_code`,`attribute_value`) values (30,'item',2,'product_id',1),(30,'address',3,'address_id',21),(30,'address',3,'country_id',223),(30,'address',5,'address_id',21),(30,'address',5,'country_id',223),(30,'payment',4,'cc_exp_month',3),(30,'payment',4,'cc_exp_year',2009),(31,'self',0,'quote_id',73),(31,'self',0,'customer_id',1),(31,'self',0,'store_id',1),(31,'item',1,'product_id',101),(31,'item',2,'product_id',106),(31,'item',3,'product_id',123),(31,'address',4,'address_id',21),(31,'address',4,'country_id',223),(31,'address',6,'address_id',21),(31,'address',6,'country_id',223),(31,'payment',5,'cc_exp_month',3),(31,'payment',5,'cc_exp_year',2010),(32,'self',0,'quote_id',74),(32,'self',0,'customer_id',1),(32,'self',0,'store_id',1),(32,'item',1,'product_id',132),(32,'address',2,'address_id',21),(32,'address',2,'country_id',223),(32,'address',4,'address_id',21),(32,'address',4,'country_id',223),(32,'payment',3,'cc_exp_month',1),(32,'payment',3,'cc_exp_year',2008),(33,'self',0,'quote_id',75),(33,'self',0,'customer_id',1),(33,'self',0,'store_id',1),(33,'item',1,'product_id',108),(33,'item',3,'product_id',100),(33,'item',4,'product_id',10),(33,'address',2,'address_id',21),(33,'address',2,'country_id',223),(33,'address',6,'address_id',21),(33,'address',6,'country_id',223),(33,'payment',5,'cc_exp_month',3),(33,'payment',5,'cc_exp_year',2012),(34,'self',0,'quote_id',71);
insert into `sales_order_attribute_int` (`order_id`,`entity_type`,`entity_id`,`attribute_code`,`attribute_value`) values (34,'self',0,'customer_id',1),(34,'self',0,'store_id',1),(34,'item',1,'product_id',123),(34,'item',2,'product_id',1),(34,'address',3,'address_id',21),(34,'address',3,'country_id',223),(34,'address',5,'address_id',21),(34,'address',5,'country_id',223),(34,'payment',4,'cc_exp_month',3),(34,'payment',4,'cc_exp_year',2011),(35,'self',0,'quote_id',84),(35,'self',0,'store_id',1),(35,'item',1,'product_id',102),(35,'address',2,'country_id',223),(35,'address',3,'country_id',223),(36,'self',0,'quote_id',73),(36,'self',0,'customer_id',1),(36,'self',0,'store_id',1),(36,'item',1,'product_id',101),(36,'item',2,'product_id',106),(36,'item',3,'product_id',123),(36,'item',8,'product_id',105),(36,'item',9,'product_id',118),(36,'item',10,'product_id',1),(36,'item',11,'product_id',104),(36,'address',4,'address_id',21),(36,'address',4,'country_id',223),(36,'address',6,'address_id',21),(36,'address',6,'country_id',223),(37,'self',0,'quote_id',86),(37,'self',0,'customer_id',1),(37,'self',0,'store_id',1),(37,'item',1,'product_id',1),(37,'address',2,'address_id',21),(37,'address',2,'country_id',223),(37,'address',4,'address_id',21),(37,'address',4,'country_id',223),(38,'self',0,'quote_id',87),(38,'self',0,'customer_id',1),(38,'self',0,'store_id',1),(38,'item',1,'product_id',1),(38,'item',2,'product_id',2444),(38,'address',3,'address_id',21),(38,'address',3,'country_id',223);
insert into `sales_order_attribute_int` (`order_id`,`entity_type`,`entity_id`,`attribute_code`,`attribute_value`) values (38,'address',5,'address_id',21),(38,'address',5,'country_id',223),(39,'self',0,'quote_id',64),(39,'self',0,'customer_id',38),(39,'self',0,'store_id',1),(39,'item',1,'product_id',2444),(39,'address',2,'address_id',10),(39,'address',2,'country_id',223),(39,'address',4,'address_id',10),(39,'address',4,'country_id',223),(40,'self',0,'quote_id',88),(40,'self',0,'customer_id',1),(40,'self',0,'store_id',1),(40,'item',1,'product_id',2451),(40,'item',2,'product_id',2522),(40,'item',3,'product_id',2524),(40,'item',4,'product_id',2554),(40,'item',5,'product_id',2490),(40,'address',6,'address_id',21),(40,'address',6,'country_id',223),(40,'address',8,'address_id',21),(40,'address',8,'country_id',223),(41,'self',0,'quote_id',74),(41,'self',0,'customer_id',1),(41,'self',0,'store_id',1),(41,'item',1,'product_id',132),(41,'item',11,'product_id',2542),(41,'address',2,'address_id',21),(41,'address',2,'country_id',223),(41,'address',4,'address_id',21),(41,'address',4,'country_id',223),(41,'payment',3,'cc_exp_month',1),(41,'payment',3,'cc_exp_year',2008),(42,'self',0,'quote_id',98),(42,'self',0,'customer_id',76),(42,'self',0,'store_id',1),(42,'item',1,'product_id',2524),(42,'address',2,'address_id',32),(42,'address',2,'country_id',220),(42,'address',3,'address_id',32),(42,'address',3,'country_id',220);

/*Table structure for table `sales_order_attribute_text` */

DROP TABLE IF EXISTS `sales_order_attribute_text`;

CREATE TABLE `sales_order_attribute_text` (
  `order_id` int(11) unsigned NOT NULL default '0',
  `entity_type` enum('self','item','address','payment','status','status') NOT NULL default 'self',
  `entity_id` int(11) NOT NULL default '0',
  `attribute_code` varchar(32) NOT NULL default '',
  `attribute_value` text NOT NULL,
  KEY `document_id` (`order_id`,`entity_id`),
  KEY `entity_id` (`entity_id`,`attribute_code`),
  CONSTRAINT `FK_sales_order_attribute_text` FOREIGN KEY (`order_id`) REFERENCES `sales_order` (`order_id`) ON DELETE CASCADE ON UPDATE CASCADE
) ENGINE=InnoDB DEFAULT CHARSET=utf8 COMMENT='Order attributes TEXT';

/*Data for the table `sales_order_attribute_text` */

insert into `sales_order_attribute_text` (`order_id`,`entity_type`,`entity_id`,`attribute_code`,`attribute_value`) values (1,'self',0,'shipping_description','ups Ground'),(1,'item',1,'name','Product #413'),(1,'item',1,'image','product_small_image.jpg'),(1,'address',9,'street','10416 irene st\napt 9'),(1,'address',11,'street','10416 irene st\napt 9'),(2,'self',0,'shipping_description','ups Ground'),(2,'item',1,'name','Product #412'),(2,'item',1,'image','product_small_image.jpg'),(2,'address',9,'street','340dff fsd fdsf ds'),(2,'address',11,'street','wwe\nwe'),(3,'self',0,'shipping_description','ups Ground'),(3,'item',1,'name','Product #409'),(3,'item',1,'image','product_small_image.jpg'),(3,'address',6,'street','10416 irene st\napt 9'),(3,'address',8,'street','10416 irene st\napt 9'),(4,'self',0,'shipping_description','ups Ground'),(4,'item',10,'name','Product #407'),(4,'item',10,'image','product_small_image.jpg'),(4,'item',14,'name','Product #413'),(4,'item',14,'image','product_small_image.jpg'),(4,'address',11,'street','street 1\nstreet 2'),(4,'address',13,'street','10416 irene st\napt 9'),(5,'self',0,'shipping_description','shiptable Best way'),(5,'item',3,'name','Product #405'),(5,'item',3,'image','product_small_image.jpg'),(5,'item',4,'name','Product #434'),(5,'item',4,'image','product_small_image.jpg'),(5,'address',11,'street','street 1\nstreet 2'),(5,'address',13,'street','10416 irene st\napt 9');
insert into `sales_order_attribute_text` (`order_id`,`entity_type`,`entity_id`,`attribute_code`,`attribute_value`) values (6,'self',0,'shipping_description','shiptable Best way'),(6,'item',1,'name','Product #407'),(6,'item',1,'image','product_small_image.jpg'),(6,'item',2,'name','Product #413'),(6,'item',2,'image','product_small_image.jpg'),(6,'item',4,'name','Product #409'),(6,'item',4,'image','product_small_image.jpg'),(6,'item',6,'name','Product #101'),(6,'item',6,'image','product_small_image.jpg'),(6,'item',11,'name','Product #438'),(6,'item',11,'image','product_small_image.jpg'),(6,'item',12,'name','Product #412'),(6,'item',12,'image','product_small_image.jpg'),(6,'address',7,'street','street 1\nstreet 2'),(6,'address',9,'street','street 1\nstreet 2'),(7,'self',0,'shipping_description','shiptable Best way'),(7,'item',1,'name','Product #407'),(7,'item',1,'image','product_small_image.jpg'),(7,'item',2,'name','Product #413'),(7,'item',2,'image','product_small_image.jpg'),(7,'item',4,'name','Product #409'),(7,'item',4,'image','product_small_image.jpg'),(7,'item',6,'name','Product #101'),(7,'item',6,'image','product_small_image.jpg'),(7,'item',11,'name','Product #438'),(7,'item',11,'image','product_small_image.jpg'),(7,'item',12,'name','Product #412'),(7,'item',12,'image','product_small_image.jpg'),(7,'address',7,'street','street 1\nstreet 2'),(7,'address',9,'street','street 1\nstreet 2'),(8,'self',0,'shipping_description','ups Ground'),(8,'item',1,'name','Product #1');
insert into `sales_order_attribute_text` (`order_id`,`entity_type`,`entity_id`,`attribute_code`,`attribute_value`) values (8,'item',1,'image','product_small_image.jpg'),(8,'address',2,'street','street 1\nstreet 2'),(8,'address',4,'street','street 1\nstreet 2'),(9,'self',0,'shipping_description','ups Ground'),(9,'item',1,'name','Product #1'),(9,'item',1,'image','product_small_image.jpg'),(9,'address',2,'street','street 1\nstreet 2'),(9,'address',4,'street','street 1\nstreet 2'),(10,'self',0,'shipping_description','ups Ground'),(10,'item',1,'name','Product #1'),(10,'item',1,'image','product_small_image.jpg'),(10,'address',2,'street','street 1\nstreet 2'),(10,'address',4,'street','street 1\nstreet 2'),(10,'payment',3,'cc_raw_request','x_version=3.1&x_delim_data=True&x_delim_char=%2C&x_relay_response=False&x_test_request=TRUE&x_login=irub782&x_tran_key=3Ryyz3x99mZ68Z94&x_amount=&x_type=AUTH_ONLY&x_method=&x_po_num=&x_tax=4.3725&x_freight='),(10,'payment',3,'cc_raw_response','3,2,33,(TESTMODE) Credit card number is required.,000000,P,0,,,0.00,CC,auth_only,,,,,,,,,,,,,,,,,,,,,4.3725,,,,,CBB4065BEEAB312296FDBB29E07938A2,,,,,,,,,,,,,,,,,,,,,,,,,,,,,,'),(11,'self',0,'shipping_description','ups Ground'),(11,'item',1,'name','Product #1'),(11,'item',1,'image','product_small_image.jpg'),(11,'address',2,'street','street 1\nstreet 2');
insert into `sales_order_attribute_text` (`order_id`,`entity_type`,`entity_id`,`attribute_code`,`attribute_value`) values (11,'address',4,'street','street 1\nstreet 2'),(11,'payment',3,'cc_raw_request','x_version=3.1&x_delim_data=True&x_delim_char=%2C&x_relay_response=False&x_test_request=TRUE&x_login=irub782&x_tran_key=3Ryyz3x99mZ68Z94&x_amount=&x_type=AUTH_ONLY&x_method=CC&x_po_num=&x_tax=4.3725&x_freight='),(11,'payment',3,'cc_raw_response','3,2,33,(TESTMODE) Credit card number is required.,000000,P,0,,,0.00,CC,auth_only,,,,,,,,,,,,,,,,,,,,,4.3725,,,,,CBB4065BEEAB312296FDBB29E07938A2,,,,,,,,,,,,,,,,,,,,,,,,,,,,,,'),(12,'self',0,'shipping_description','ups Ground'),(12,'item',1,'name','Product #1'),(12,'item',1,'image','product_small_image.jpg'),(12,'address',2,'street','street 1\nstreet 2'),(12,'address',4,'street','street 1\nstreet 2'),(12,'payment',3,'cc_raw_request','x_version=3.1&x_delim_data=True&x_delim_char=%2C&x_relay_response=False&x_test_request=TRUE&x_login=irub782&x_tran_key=3Ryyz3x99mZ68Z94&x_amount=&x_type=AUTH_ONLY&x_method=CC&x_po_num=&x_tax=4.3725&x_freight=&x_card_num=4111111111111111&x_exp_date=&x_card_code=');
insert into `sales_order_attribute_text` (`order_id`,`entity_type`,`entity_id`,`attribute_code`,`attribute_value`) values (12,'payment',3,'cc_raw_response','3,2,33,(TESTMODE) Expiration date is required.,000000,P,0,,,0.00,CC,auth_only,,,,,,,,,,,,,,,,,,,,,4.3725,,,,,CBB4065BEEAB312296FDBB29E07938A2,,,,,,,,,,,,,,,,,,,,,,,,,,,,,,'),(13,'self',0,'shipping_description','ups Ground'),(13,'item',1,'name','Product #100'),(13,'item',1,'image','product_small_image.jpg'),(13,'address',2,'street','street 1\nstreet 2'),(13,'address',4,'street','street 1\nstreet 2'),(13,'payment',3,'cc_raw_request','x_version=3.1&x_delim_data=True&x_delim_char=%2C&x_relay_response=False&x_test_request=TRUE&x_login=irub782&x_tran_key=3Ryyz3x99mZ68Z94&x_amount=&x_type=AUTH_ONLY&x_method=CC&x_po_num=&x_tax=7.5900&x_freight=&x_card_num=4111111111111111&x_exp_date=042009&x_card_code=1234'),(13,'payment',3,'cc_raw_response','3,1,5,(TESTMODE) A valid amount is required.,000000,P,0,,,0.00,CC,auth_only,,,,,,,,,,,,,,,,,,,,,7.5900,,,,,CBB4065BEEAB312296FDBB29E07938A2,,,,,,,,,,,,,,,,,,,,,,,,,,,,,,'),(14,'self',0,'shipping_description','ups Ground'),(14,'item',1,'name','Product #1'),(14,'item',1,'image','product_small_image.jpg'),(14,'address',2,'street','street 1\nstreet 2'),(14,'address',4,'street','street 1\nstreet 2');
insert into `sales_order_attribute_text` (`order_id`,`entity_type`,`entity_id`,`attribute_code`,`attribute_value`) values (14,'payment',3,'cc_raw_request','x_version=3.1&x_delim_data=True&x_delim_char=%2C&x_relay_response=False&x_test_request=TRUE&x_login=irub782&x_tran_key=3Ryyz3x99mZ68Z94&x_amount=47.3725&x_type=AUTH_ONLY&x_method=CC&x_po_num=&x_tax=4.3725&x_freight=&x_card_num=4111111111111111&x_exp_date=02%2F2009&x_card_code=234'),(14,'payment',3,'cc_raw_response','1,1,1,(TESTMODE) This transaction has been approved.,000000,P,0,,,47.37,CC,auth_only,,,,,,,,,,,,,,,,,,,,,4.3725,,,,,29060DA1A1DB02A8B278EEEF2EA3AF9A,,,,,,,,,,,,,,,,,,,,,,,,,,,,,,'),(15,'self',0,'shipping_description','ups Ground'),(15,'item',1,'name','Product #1'),(15,'item',1,'image','product_small_image.jpg'),(15,'address',2,'street','street 1\nstreet 2'),(15,'address',4,'street','street 1\nstreet 2');
insert into `sales_order_attribute_text` (`order_id`,`entity_type`,`entity_id`,`attribute_code`,`attribute_value`) values (15,'payment',3,'cc_raw_request','x_version=3.1&x_delim_data=True&x_delim_char=%2C&x_relay_response=False&x_test_request=TRUE&x_login=irub782&x_tran_key=3Ryyz3x99mZ68Z94&x_amount=47.3725&x_type=AUTH_ONLY&x_method=CC&x_first_name=&x_last_name=&x_company=Varien&x_address=&x_city=Los+Angeles&x_state=&x_zip=90034&x_country=&x_phone=&x_fax=&x_cust_id=&x_customer_ip=&x_customer_tax_id=&x_email=&x_email_customer=&x_merchant_email=&x_invoice_num=&x_ship_to_first_name=&x_ship_to_last_name=&x_ship_to_company=Varien&x_ship_to_address=&x_ship_to_city=Los+Angeles&x_ship_to_state=&x_ship_to_zip=90034&x_ship_to_country=&x_po_num=&x_tax=4.3725&x_freight=&x_card_num=4111111111111111&x_exp_date=03%2F2009&x_card_code=123'),(15,'payment',3,'cc_raw_response','1,1,1,(TESTMODE) This transaction has been approved.,000000,P,0,,,47.37,CC,auth_only,,,,Varien,,Los Angeles,,90034,,,,,,,Varien,,Los Angeles,,90034,,4.3725,,,,,29060DA1A1DB02A8B278EEEF2EA3AF9A,,,,,,,,,,,,,,,,,,,,,,,,,,,,,,,street 1,street 2,street 1,street 2'),(16,'self',0,'shipping_description','ups Ground'),(16,'item',1,'name','Product #123'),(16,'item',1,'image','product_small_image.jpg'),(16,'address',2,'street','street 1\nstreet 2'),(16,'address',4,'street','street 1\nstreet 2');
insert into `sales_order_attribute_text` (`order_id`,`entity_type`,`entity_id`,`attribute_code`,`attribute_value`) values (16,'payment',3,'cc_raw_request','x_version=3.1&x_delim_data=True&x_delim_char=%2C&x_relay_response=False&x_test_request=TRUE&x_login=irub782&x_tran_key=3Ryyz3x99mZ68Z94&x_amount=19.2275&x_type=AUTH_ONLY&x_method=CC&x_invoice_num=&x_first_name=&x_last_name=&x_company=Varien&x_address=&x_city=Los+Angeles&x_state=&x_zip=90034&x_country=&x_phone=&x_fax=&x_cust_id=&x_customer_ip=&x_customer_tax_id=&x_email=&x_email_customer=&x_merchant_email=&x_ship_to_first_name=&x_ship_to_last_name=&x_ship_to_company=Varien&x_ship_to_address=&x_ship_to_city=Los+Angeles&x_ship_to_state=&x_ship_to_zip=90034&x_ship_to_country=&x_po_num=&x_tax=2.2275&x_freight=&x_card_num=4111111111111111&x_exp_date=02%2F2008&x_card_code=234'),(16,'payment',3,'cc_raw_response','1,1,1,(TESTMODE) This transaction has been approved.,000000,P,0,,,19.23,CC,auth_only,,,,Varien,,Los Angeles,,90034,,,,,,,Varien,,Los Angeles,,90034,,2.2275,,,,,E959EBD4BC9474C0BB960CAE9ED29E25,,,,,,,,,,,,,,,,,,,,,,,,,,,,,,,street 1,street 2,street 1,street 2'),(17,'self',0,'shipping_description','ups Ground'),(17,'item',1,'name','Product #100'),(17,'item',1,'image','product_small_image.jpg'),(17,'address',2,'street','street 1\nstreet 2'),(17,'address',4,'street','street 1\nstreet 2');
insert into `sales_order_attribute_text` (`order_id`,`entity_type`,`entity_id`,`attribute_code`,`attribute_value`) values (17,'payment',3,'cc_raw_request','x_version=3.1&x_delim_data=True&x_delim_char=%2C&x_relay_response=False&x_test_request=TRUE&x_login=irub782&x_tran_key=3Ryyz3x99mZ68Z94&x_amount=89.5900&x_type=AUTH_ONLY&x_method=CC&x_invoice_num=&x_first_name=&x_last_name=&x_company=Varien&x_address=street+1&x_city=Los+Angeles&x_state=&x_zip=90034&x_country=&x_phone=&x_fax=&x_cust_id=&x_customer_ip=&x_customer_tax_id=&x_email=&x_email_customer=&x_merchant_email=&x_ship_to_first_name=&x_ship_to_last_name=&x_ship_to_company=Varien&x_ship_to_address=street+1&x_ship_to_city=Los+Angeles&x_ship_to_state=&x_ship_to_zip=90034&x_ship_to_country=&x_po_num=&x_tax=7.5900&x_freight=&x_card_num=4111111111111111&x_exp_date=02%2F2009&x_card_code=123'),(17,'payment',3,'cc_raw_response','1,1,1,(TESTMODE) This transaction has been approved.,000000,P,0,,,89.59,CC,auth_only,,,,Varien,street 1,Los Angeles,,90034,,,,,,,Varien,street 1,Los Angeles,,90034,,7.5900,,,,,B1F9C0E1DB28F9896B9CE7979C03537E,,,,,,,,,,,,,,,,,,,,,,,,,,,,,,'),(18,'self',0,'shipping_description','ups Ground'),(18,'item',1,'name','Product #10'),(18,'item',1,'image','product_small_image.jpg'),(18,'address',2,'street','street 1\nstreet 2'),(18,'address',4,'street','street 1\nstreet 2');
insert into `sales_order_attribute_text` (`order_id`,`entity_type`,`entity_id`,`attribute_code`,`attribute_value`) values (18,'payment',3,'cc_raw_request','x_version=3.1&x_delim_data=True&x_delim_char=%2C&x_relay_response=False&x_test_request=TRUE&x_login=irub782&x_tran_key=3Ryyz3x99mZ68Z94&x_amount=89.5900&x_type=AUTH_ONLY&x_method=CC&x_invoice_num=&x_first_name=Moshe&x_last_name=Gurvich&x_company=Varien&x_address=street+1&x_city=Los+Angeles&x_state=&x_zip=90034&x_country=&x_phone=&x_fax=&x_cust_id=&x_customer_ip=&x_customer_tax_id=&x_email=&x_email_customer=&x_merchant_email=&x_ship_to_first_name=Moshe&x_ship_to_last_name=Gurvich&x_ship_to_company=Varien&x_ship_to_address=street+1&x_ship_to_city=Los+Angeles&x_ship_to_state=&x_ship_to_zip=90034&x_ship_to_country=&x_po_num=&x_tax=7.5900&x_freight=&x_card_num=4111111111111111&x_exp_date=02-2010&x_card_code=123'),(18,'payment',3,'cc_raw_response','1,1,1,(TESTMODE) This transaction has been approved.,000000,P,0,,,89.59,CC,auth_only,,Moshe,Gurvich,Varien,street 1,Los Angeles,,90034,,,,,Moshe,Gurvich,Varien,street 1,Los Angeles,,90034,,7.5900,,,,,B1F9C0E1DB28F9896B9CE7979C03537E,,,,,,,,,,,,,,,,,,,,,,,,,,,,,,'),(19,'self',0,'shipping_description','ups Ground'),(19,'item',1,'name','Product #1'),(19,'item',1,'image','product_small_image.jpg'),(19,'address',2,'street','street 1\nstreet 2'),(19,'address',4,'street','street 1\nstreet 2');
insert into `sales_order_attribute_text` (`order_id`,`entity_type`,`entity_id`,`attribute_code`,`attribute_value`) values (19,'payment',3,'cc_raw_request','x_version=3.1&x_delim_data=True&x_delim_char=%2C&x_relay_response=False&x_test_request=TRUE&x_login=irub782&x_tran_key=3Ryyz3x99mZ68Z94&x_amount=47.3725&x_type=AUTH_ONLY&x_method=CC&x_invoice_num=&x_first_name=Moshe&x_last_name=Gurvich&x_company=Varien&x_address=street+1&x_city=Los+Angeles&x_state=&x_zip=90034&x_country=&x_phone=&x_fax=&x_cust_id=&x_customer_ip=&x_customer_tax_id=&x_email=&x_email_customer=&x_merchant_email=&x_ship_to_first_name=Moshe&x_ship_to_last_name=Gurvich&x_ship_to_company=Varien&x_ship_to_address=street+1&x_ship_to_city=Los+Angeles&x_ship_to_state=&x_ship_to_zip=90034&x_ship_to_country=&x_po_num=&x_tax=4.3725&x_freight=&x_card_num=4111111111111111&x_exp_date=02-2008&x_card_code=123'),(19,'payment',3,'cc_raw_response','1,1,1,(TESTMODE) This transaction has been approved.,000000,P,0,,,47.37,CC,auth_only,,Moshe,Gurvich,Varien,street 1,Los Angeles,,90034,,,,,Moshe,Gurvich,Varien,street 1,Los Angeles,,90034,,4.3725,,,,,29060DA1A1DB02A8B278EEEF2EA3AF9A,,,,,,,,,,,,,,,,,,,,,,,,,,,,,,'),(20,'self',0,'shipping_description','ups Ground'),(20,'item',1,'name','Product #100'),(20,'item',1,'image','product_small_image.jpg'),(20,'address',2,'street','street 1\nstreet 2'),(20,'address',4,'street','street 1\nstreet 2');
insert into `sales_order_attribute_text` (`order_id`,`entity_type`,`entity_id`,`attribute_code`,`attribute_value`) values (20,'payment',3,'cc_raw_request','x_version=3.1&x_delim_data=True&x_delim_char=%2C&x_relay_response=False&x_test_request=TRUE&x_login=irub782&x_tran_key=3Ryyz3x99mZ68Z94&x_amount=89.5900&x_type=AUTH_ONLY&x_method=CC&x_invoice_num=&x_first_name=Moshe&x_last_name=Gurvich&x_company=Varien&x_address=street+1&x_city=Los+Angeles&x_state=&x_zip=90034&x_country=&x_phone=&x_fax=&x_cust_id=&x_customer_ip=&x_customer_tax_id=&x_email=&x_email_customer=&x_merchant_email=&x_ship_to_first_name=Moshe&x_ship_to_last_name=Gurvich&x_ship_to_company=Varien&x_ship_to_address=street+1&x_ship_to_city=Los+Angeles&x_ship_to_state=&x_ship_to_zip=90034&x_ship_to_country=&x_po_num=&x_tax=7.5900&x_freight=&x_card_num=4111111111111111&x_exp_date=02-2008&x_card_code=2345'),(20,'payment',3,'cc_raw_response','1,1,1,(TESTMODE) This transaction has been approved.,000000,P,0,,,89.59,CC,auth_only,,Moshe,Gurvich,Varien,street 1,Los Angeles,,90034,,,,,Moshe,Gurvich,Varien,street 1,Los Angeles,,90034,,7.5900,,,,,B1F9C0E1DB28F9896B9CE7979C03537E,,,,,,,,,,,,,,,,,,,,,,,,,,,,,,'),(21,'self',0,'shipping_description','ups 2nd Day Air'),(21,'item',1,'name','Product #100'),(21,'item',1,'image','product_small_image.jpg'),(21,'item',11,'name','Product #130'),(21,'item',11,'image','product_small_image.jpg'),(21,'address',2,'street','street 1\nstreet 2'),(21,'address',4,'street','street 1\nstreet 2');
insert into `sales_order_attribute_text` (`order_id`,`entity_type`,`entity_id`,`attribute_code`,`attribute_value`) values (21,'payment',3,'cc_raw_request','x_version=3.1&x_delim_data=True&x_delim_char=%2C&x_relay_response=False&x_test_request=TRUE&x_login=irub782&x_tran_key=3Ryyz3x99mZ68Z94&x_amount=245.5200&x_type=AUTH_ONLY&x_method=CC&x_invoice_num=&x_first_name=Moshe&x_last_name=Gurvich&x_company=Varien&x_address=street+1&x_city=Los+Angeles&x_state=&x_zip=90034&x_country=&x_phone=&x_fax=&x_cust_id=&x_customer_ip=&x_customer_tax_id=&x_email=&x_email_customer=&x_merchant_email=&x_ship_to_first_name=Moshe&x_ship_to_last_name=Gurvich&x_ship_to_company=Varien&x_ship_to_address=street+1&x_ship_to_city=Los+Angeles&x_ship_to_state=&x_ship_to_zip=90034&x_ship_to_country=&x_po_num=&x_tax=13.5300&x_freight=&x_card_num=4111111111111111&x_exp_date=02-2009&x_card_code=1234'),(21,'payment',3,'cc_raw_response','1,1,1,(TESTMODE) This transaction has been approved.,000000,P,0,,,245.52,CC,auth_only,,Moshe,Gurvich,Varien,street 1,Los Angeles,,90034,,,,,Moshe,Gurvich,Varien,street 1,Los Angeles,,90034,,13.5300,,,,,21924A14A0B2839F3E61F06A0DA6B07F,,,,,,,,,,,,,,,,,,,,,,,,,,,,,,'),(22,'self',0,'shipping_description','ups Ground'),(22,'item',1,'name','Product #104'),(22,'item',1,'image','product_small_image.jpg'),(22,'address',2,'street','rwtrt'),(22,'address',4,'street','rwtrt'),(23,'self',0,'shipping_description','ups Ground'),(23,'item',1,'name','Product #104'),(23,'item',1,'image','product_small_image.jpg'),(23,'item',11,'name','Product #102'),(23,'item',11,'image','product_small_image.jpg'),(23,'address',2,'street','rwtrt'),(23,'address',4,'street','rwtrt'),(24,'self',0,'shipping_description','ups Ground'),(24,'item',1,'name','Product #103'),(24,'item',1,'image','product_small_image.jpg'),(24,'address',3,'street','werswfrswfg\nsdfgsf'),(24,'address',10,'street','werswfrswfg\nsdfgsf'),(25,'self',0,'shipping_description','ups Ground'),(25,'item',1,'name','Product #100'),(25,'item',1,'image','product_small_image.jpg'),(25,'item',11,'name','Product #130');
insert into `sales_order_attribute_text` (`order_id`,`entity_type`,`entity_id`,`attribute_code`,`attribute_value`) values (25,'item',11,'image','product_small_image.jpg'),(25,'item',12,'name','Product #102'),(25,'item',12,'image','product_small_image.jpg'),(25,'address',2,'street','street 1\nstreet 2'),(25,'address',4,'street','street 1\nstreet 2'),(26,'self',0,'shipping_description','ups Next Day Air'),(26,'item',1,'name','Product #28'),(26,'item',1,'image','product_small_image.jpg'),(26,'address',2,'street','wer wer wer wer wer\n123123123'),(26,'address',3,'street','wer wer wer wer wer\n123123123'),(27,'self',0,'shipping_description','ups Ground'),(27,'item',11,'name','Product #102'),(27,'item',11,'image','product_small_image.jpg'),(27,'address',2,'street','street 1\nstreet 2'),(27,'address',3,'street','street 1\nstreet 2');
insert into `sales_order_attribute_text` (`order_id`,`entity_type`,`entity_id`,`attribute_code`,`attribute_value`) values (27,'payment',9,'cc_raw_request','x_version=3.1&x_delim_data=True&x_delim_char=%2C&x_relay_response=False&x_test_request=TRUE&x_login=irub782&x_tran_key=3Ryyz3x99mZ68Z94&x_amount=102.1300&x_type=AUTH_ONLY&x_method=CC&x_invoice_num=&x_first_name=Moshe&x_last_name=Gurvich&x_company=Varien&x_address=street+1&x_city=Los+Angeles&x_state=&x_zip=90034&x_country=&x_phone=&x_fax=&x_cust_id=&x_customer_ip=&x_customer_tax_id=&x_email=&x_email_customer=&x_merchant_email=&x_ship_to_first_name=Moshe&x_ship_to_last_name=Gurvich&x_ship_to_company=Varien&x_ship_to_address=street+1&x_ship_to_city=Los+Angeles&x_ship_to_state=&x_ship_to_zip=90034&x_ship_to_country=&x_po_num=&x_tax=4.9500&x_freight=&x_card_num=4111111111111111&x_exp_date=02-2008&x_card_code=123'),(27,'payment',9,'cc_raw_response','1,1,1,(TESTMODE) This transaction has been approved.,000000,P,0,,,102.13,CC,auth_only,,Moshe,Gurvich,Varien,street 1,Los Angeles,,90034,,,,,Moshe,Gurvich,Varien,street 1,Los Angeles,,90034,,4.9500,,,,,250F2A52A38E7032D43E0888D8B5C477,,,,,,,,,,,,,,,,,,,,,,,,,,,,,,'),(28,'self',0,'shipping_description','shiptable Best way'),(28,'item',1,'name','Product #103'),(28,'item',1,'image','product_small_image.jpg'),(28,'item',3,'name','Product #123'),(28,'item',3,'image','product_small_image.jpg'),(28,'item',9,'name','Product #102'),(28,'item',9,'image','product_small_image.jpg'),(28,'item',10,'name','Product #100'),(28,'item',10,'image','product_small_image.jpg'),(28,'address',4,'street','address street 1\naddress street 2'),(28,'address',6,'street','address street 1\naddress street 2');
insert into `sales_order_attribute_text` (`order_id`,`entity_type`,`entity_id`,`attribute_code`,`attribute_value`) values (28,'payment',5,'cc_raw_request','x_version=3.1&x_delim_data=True&x_delim_char=%2C&x_relay_response=False&x_test_request=TRUE&x_login=irub782&x_tran_key=3Ryyz3x99mZ68Z94&x_amount=424.5975&x_type=AUTH_ONLY&x_method=CC&x_invoice_num=&x_first_name=QA&x_last_name=shopping&x_company=Varien&x_address=address+street+1&x_city=Kiev&x_state=&x_zip=03057&x_country=&x_phone=&x_fax=&x_cust_id=&x_customer_ip=&x_customer_tax_id=&x_email=&x_email_customer=&x_merchant_email=&x_ship_to_first_name=QA&x_ship_to_last_name=shopping&x_ship_to_company=Varien&x_ship_to_address=address+street+1&x_ship_to_city=Kiev&x_ship_to_state=&x_ship_to_zip=03057&x_ship_to_country=&x_po_num=&x_tax=31.5975&x_freight=&x_card_num=4111111111111111&x_exp_date=02-2009&x_card_code=123'),(28,'payment',5,'cc_raw_response','1,1,1,(TESTMODE) This transaction has been approved.,000000,P,0,,,424.60,CC,auth_only,,QA,shopping,Varien,address street 1,Kiev,,03057,,,,,QA,shopping,Varien,address street 1,Kiev,,03057,,31.5975,,,,,1D1791F2C1ABB791BC4D34A2BBC44ABB,,,,,,,,,,,,,,,,,,,,,,,,,,,,,,'),(29,'self',0,'shipping_description','ups Ground'),(29,'item',1,'name','Product #109'),(29,'item',1,'image','product_small_image.jpg'),(29,'address',8,'street','3402 Motor Ave Suite B\naddress street 2'),(29,'address',10,'street','3402 Motor Ave Suite B\naddress street 2');
insert into `sales_order_attribute_text` (`order_id`,`entity_type`,`entity_id`,`attribute_code`,`attribute_value`) values (29,'payment',9,'cc_raw_request','x_version=3.1&x_delim_data=True&x_delim_char=%2C&x_relay_response=False&x_test_request=TRUE&x_login=irub782&x_tran_key=3Ryyz3x99mZ68Z94&x_amount=54.9500&x_type=AUTH_ONLY&x_method=CC&x_invoice_num=&x_first_name=QA&x_last_name=shopping&x_company=Varien&x_address=3402+Motor+Ave+Suite+B&x_city=Los+Angeles&x_state=&x_zip=90034&x_country=&x_phone=&x_fax=&x_cust_id=&x_customer_ip=&x_customer_tax_id=&x_email=&x_email_customer=&x_merchant_email=&x_ship_to_first_name=QA&x_ship_to_last_name=shopping&x_ship_to_company=Varien&x_ship_to_address=3402+Motor+Ave+Suite+B&x_ship_to_city=Los+Angeles&x_ship_to_state=&x_ship_to_zip=90034&x_ship_to_country=&x_po_num=&x_tax=4.9500&x_freight=&x_card_num=4111111111111111&x_exp_date=03-2011&x_card_code=123'),(29,'payment',9,'cc_raw_response','1,1,1,(TESTMODE) This transaction has been approved.,000000,P,0,,,54.95,CC,auth_only,,QA,shopping,Varien,3402 Motor Ave Suite B,Los Angeles,,90034,,,,,QA,shopping,Varien,3402 Motor Ave Suite B,Los Angeles,,90034,,4.9500,,,,,86BF664BA92E2711D3F6CBE2264DAD85,,,,,,,,,,,,,,,,,,,,,,,,,,,,,,'),(30,'item',1,'name','Product #123'),(30,'item',1,'image','product_small_image.jpg'),(30,'item',2,'name','Product #1'),(30,'item',2,'image','product_small_image.jpg'),(30,'address',3,'street','3402 Motor Ave Suite B\naddress street 2'),(30,'address',5,'street','3402 Motor Ave Suite B\naddress street 2');
insert into `sales_order_attribute_text` (`order_id`,`entity_type`,`entity_id`,`attribute_code`,`attribute_value`) values (30,'payment',4,'cc_raw_request','x_version=3.1&x_delim_data=True&x_delim_char=%2C&x_relay_response=False&x_test_request=TRUE&x_login=irub782&x_tran_key=3Ryyz3x99mZ68Z94&x_amount=76.6000&x_type=AUTH_ONLY&x_method=CC&x_invoice_num=&x_first_name=QA&x_last_name=shopping&x_company=Varien&x_address=3402+Motor+Ave+Suite+B&x_city=Los+Angeles&x_state=&x_zip=90034&x_country=&x_phone=&x_fax=&x_cust_id=&x_customer_ip=&x_customer_tax_id=&x_email=&x_email_customer=&x_merchant_email=&x_ship_to_first_name=QA&x_ship_to_last_name=shopping&x_ship_to_company=Varien&x_ship_to_address=3402+Motor+Ave+Suite+B&x_ship_to_city=Los+Angeles&x_ship_to_state=&x_ship_to_zip=90034&x_ship_to_country=&x_po_num=&x_tax=6.6000&x_freight=&x_card_num=4111111111111111&x_exp_date=03-2009&x_card_code=123'),(30,'payment',4,'cc_raw_response','1,1,1,(TESTMODE) This transaction has been approved.,000000,P,0,,,76.60,CC,auth_only,,QA,shopping,Varien,3402 Motor Ave Suite B,Los Angeles,,90034,,,,,QA,shopping,Varien,3402 Motor Ave Suite B,Los Angeles,,90034,,6.6000,,,,,452CA285F8C623B2831BD175D26249C9,,,,,,,,,,,,,,,,,,,,,,,,,,,,,,'),(31,'item',1,'name','Product #101'),(31,'item',1,'image','product_small_image.jpg'),(31,'item',2,'name','Product #106'),(31,'item',2,'image','product_small_image.jpg'),(31,'item',3,'name','Product #123'),(31,'item',3,'image','product_small_image.jpg'),(31,'address',4,'street','3402 Motor Ave Suite B\naddress street 2'),(31,'address',6,'street','3402 Motor Ave Suite B\naddress street 2'),(32,'self',0,'shipping_description','ups Next Day Air Saver'),(32,'item',1,'name','Product #132'),(32,'item',1,'image','product_small_image.jpg'),(32,'address',2,'street','3402 Motor Ave Suite B\naddress street 2'),(32,'address',4,'street','3402 Motor Ave Suite B\naddress street 2'),(33,'item',1,'name','Product #108'),(33,'item',1,'image','product_small_image.jpg'),(33,'item',3,'name','Product #100'),(33,'item',3,'image','product_small_image.jpg'),(33,'item',4,'name','Product #10');
insert into `sales_order_attribute_text` (`order_id`,`entity_type`,`entity_id`,`attribute_code`,`attribute_value`) values (33,'item',4,'image','product_small_image.jpg'),(33,'address',2,'street','3402 Motor Ave Suite B\naddress street 2'),(33,'address',6,'street','3402 Motor Ave Suite B\naddress street 2'),(34,'item',1,'name','Product #123'),(34,'item',1,'image','product_small_image.jpg'),(34,'item',2,'name','Product #1'),(34,'item',2,'image','product_small_image.jpg'),(34,'address',3,'street','3402 Motor Ave Suite B\naddress street 2'),(34,'address',5,'street','3402 Motor Ave Suite B\naddress street 2'),(35,'self',0,'shipping_description','ups Next Day Air Early AM'),(35,'item',1,'name','Product #102'),(35,'item',1,'image','product_small_image.jpg'),(35,'address',2,'street','3402 Motor Ave.'),(35,'address',3,'street','3402 Motor Ave.'),(36,'item',1,'name','Product #101'),(36,'item',1,'image','product_small_image.jpg'),(36,'item',2,'name','Product #106'),(36,'item',2,'image','product_small_image.jpg'),(36,'item',3,'name','Product #123'),(36,'item',3,'image','product_small_image.jpg'),(36,'item',8,'name','Product #105'),(36,'item',8,'image','product_small_image.jpg'),(36,'item',9,'name','Product #118'),(36,'item',9,'image','product_small_image.jpg'),(36,'item',10,'name','Product #1'),(36,'item',10,'image','product_small_image.jpg'),(36,'item',11,'name','Product #104'),(36,'item',11,'image','product_small_image.jpg');
insert into `sales_order_attribute_text` (`order_id`,`entity_type`,`entity_id`,`attribute_code`,`attribute_value`) values (36,'address',4,'street','3402 Motor Ave Suite B\naddress street 2'),(36,'address',6,'street','3402 Motor Ave Suite B\naddress street 2'),(37,'item',1,'name','Product #1'),(37,'item',1,'image','product_small_image.jpg'),(37,'address',2,'street','3402 Motor Ave Suite B\naddress street 2'),(37,'address',4,'street','3402 Motor Ave Suite B\naddress street 2'),(38,'self',0,'shipping_description','ups Next Day Air Saver'),(38,'item',1,'name','Product #1'),(38,'item',1,'image','product_small_image.jpg'),(38,'item',2,'name','A604 - Professional - Black Polyurethane - Steel Toe'),(38,'item',2,'image','0020670.jpg'),(38,'address',3,'street','3402 Motor Ave Suite B\naddress street 2'),(38,'address',5,'street','3402 Motor Ave Suite B\naddress street 2'),(39,'self',0,'shipping_description','shiptable Best way'),(39,'item',1,'name','A604 - Professional - Black Polyurethane - Steel Toe'),(39,'item',1,'image','0020670.jpg'),(39,'address',2,'street','street 1\nstreet 2'),(39,'address',4,'street','street 1\nstreet 2'),(40,'self',0,'shipping_description','ups Next Day Air'),(40,'item',1,'name','BirkoActive - Full-length arch support for outdoor fun'),(40,'item',1,'image','0009207.jpg'),(40,'item',2,'name','Gift Certificate'),(40,'item',2,'image','0051461-3.jpg'),(40,'item',3,'name','Cork Life - Sealer');
insert into `sales_order_attribute_text` (`order_id`,`entity_type`,`entity_id`,`attribute_code`,`attribute_value`) values (40,'item',3,'image','0051461-3.jpg'),(40,'item',4,'name','Aruba - Butterflies Pink'),(40,'item',4,'image','0051461-3.jpg'),(40,'item',5,'name','Angora Argyle Socks - Set of three'),(40,'item',5,'image','2095_2~6.gif'),(40,'address',6,'street','3402 Motor Ave Suite B\naddress street 2'),(40,'address',8,'street','3402 Motor Ave Suite B\naddress street 2'),(41,'self',0,'shipping_description','ups Next Day Air Early AM'),(41,'item',1,'name','Product #132'),(41,'item',1,'image','product_small_image.jpg'),(41,'item',11,'name','OZ 3 - BLACK'),(41,'item',11,'image','0051461-3.jpg'),(41,'address',2,'street','3402 Motor Ave Suite B\naddress street 2'),(41,'address',4,'street','3402 Motor Ave Suite B\naddress street 2'),(42,'self',0,'shipping_description','ups Next Day Air'),(42,'item',1,'name','Cork Life - Sealer'),(42,'item',1,'image','0051461-3.jpg'),(42,'address',2,'street','Metalistov\n6'),(42,'address',3,'street','Metalistov\n6');

/*Table structure for table `sales_order_attribute_varchar` */

DROP TABLE IF EXISTS `sales_order_attribute_varchar`;

CREATE TABLE `sales_order_attribute_varchar` (
  `order_id` int(11) unsigned NOT NULL default '0',
  `entity_type` enum('self','item','address','payment','status') NOT NULL default 'self',
  `entity_id` int(11) NOT NULL default '0',
  `attribute_code` varchar(32) NOT NULL default '',
  `attribute_value` varchar(255) NOT NULL default '',
  KEY `document_id` (`order_id`,`entity_id`),
  KEY `entity_id` (`entity_id`,`attribute_code`),
  KEY `key` (`attribute_code`,`attribute_value`),
  KEY `order_id` (`order_id`,`entity_type`,`attribute_code`),
  CONSTRAINT `FK_sales_order_attribute_varchar` FOREIGN KEY (`order_id`) REFERENCES `sales_order` (`order_id`) ON DELETE CASCADE ON UPDATE CASCADE
) ENGINE=InnoDB DEFAULT CHARSET=utf8 COMMENT='Order attributes VARCHAR';

/*Data for the table `sales_order_attribute_varchar` */

insert into `sales_order_attribute_varchar` (`order_id`,`entity_type`,`entity_id`,`attribute_code`,`attribute_value`) values (1,'self',0,'shipping_method','ups_GND'),(1,'self',0,'coupon_code','test'),(1,'self',0,'giftcert_code','test'),(1,'self',0,'real_order_id','6'),(1,'self',0,'remote_ip','10.0.5.249'),(1,'item',1,'model','MDL413'),(1,'address',9,'firstname','Boris'),(1,'address',9,'lastname','Gurvich'),(1,'address',9,'city','los angeles'),(1,'address',9,'postcode','90034'),(1,'address',9,'telephone','310-926-6363'),(1,'address',9,'address_type','billing'),(1,'address',11,'firstname','Boris'),(1,'address',11,'lastname','Gurvich'),(1,'address',11,'city','los angeles'),(1,'address',11,'postcode','90034'),(1,'address',11,'telephone','310-926-6363'),(1,'address',11,'address_type','shipping'),(1,'payment',10,'method','ccsave'),(1,'payment',10,'cc_type','AE'),(1,'payment',10,'cc_owner','dsgsdfg'),(2,'self',0,'coupon_code','test'),(2,'self',0,'giftcert_code','test'),(2,'self',0,'shipping_method','ups_GND'),(2,'self',0,'real_order_id','7'),(2,'self',0,'remote_ip','10.0.5.249'),(2,'item',1,'model','MDL412'),(2,'address',9,'address_type','billing'),(2,'address',9,'city','werew ewr'),(2,'address',9,'company','varienc'),(2,'address',9,'firstname','roy'),(2,'address',9,'lastname','rubin'),(2,'address',9,'postcode','90034'),(2,'address',9,'telephone','333-333-3333'),(2,'address',11,'address_type','shipping'),(2,'address',11,'city','erdsr'),(2,'address',11,'company','wer');
insert into `sales_order_attribute_varchar` (`order_id`,`entity_type`,`entity_id`,`attribute_code`,`attribute_value`) values (2,'address',11,'firstname','erw'),(2,'address',11,'lastname','er'),(2,'address',11,'postcode','55555'),(2,'address',11,'telephone','333-655-6666'),(2,'payment',10,'cc_owner','ewrt'),(2,'payment',10,'cc_type','AE'),(2,'payment',10,'method','ccsave'),(3,'self',0,'coupon_code','test'),(3,'self',0,'giftcert_code','test'),(3,'self',0,'shipping_method','ups_GND'),(3,'self',0,'real_order_id','8'),(3,'self',0,'remote_ip','10.0.5.249'),(3,'item',1,'model','MDL409'),(3,'address',6,'address_type','billing'),(3,'address',6,'city','los angeles'),(3,'address',6,'firstname','Boris'),(3,'address',6,'lastname','Gurvich'),(3,'address',6,'postcode','90034'),(3,'address',6,'telephone','310-926-6363'),(3,'address',8,'address_type','shipping'),(3,'address',8,'city','los angeles'),(3,'address',8,'firstname','Boris'),(3,'address',8,'lastname','Gurvich'),(3,'address',8,'postcode','90034'),(3,'address',8,'telephone','310-926-6363'),(3,'payment',7,'cc_owner','4wrwrt'),(3,'payment',7,'cc_type','AE'),(3,'payment',7,'method','ccsave'),(4,'self',0,'coupon_code','test'),(4,'self',0,'giftcert_code','test'),(4,'self',0,'shipping_method','ups_GND'),(4,'self',0,'real_order_id','9'),(4,'self',0,'remote_ip','10.0.5.249'),(4,'item',10,'model','MDL407'),(4,'item',14,'model','MDL413'),(4,'address',11,'address_type','billing'),(4,'address',11,'city','Los Angeles'),(4,'address',11,'company','Varien'),(4,'address',11,'firstname','Moshe');
insert into `sales_order_attribute_varchar` (`order_id`,`entity_type`,`entity_id`,`attribute_code`,`attribute_value`) values (4,'address',11,'lastname','Gurvich'),(4,'address',11,'postcode','90034'),(4,'address',11,'region','California'),(4,'address',11,'telephone','222-222-2222'),(4,'address',13,'address_type','shipping'),(4,'address',13,'city','los angeles'),(4,'address',13,'firstname','Boris'),(4,'address',13,'lastname','Gurvich'),(4,'address',13,'postcode','90034'),(4,'address',13,'region','California'),(4,'address',13,'telephone','310-926-6363'),(4,'payment',12,'cc_type','AE'),(4,'payment',12,'method','checkmo'),(5,'self',0,'coupon_code','test'),(5,'self',0,'giftcert_code','test'),(5,'self',0,'shipping_method','shiptable_best'),(5,'self',0,'real_order_id','10'),(5,'self',0,'remote_ip','10.0.5.249'),(5,'item',3,'model','MDL405'),(5,'item',4,'model','MDL434'),(5,'address',11,'address_type','billing'),(5,'address',11,'city','Los Angeles'),(5,'address',11,'company','Varien'),(5,'address',11,'firstname','Moshe'),(5,'address',11,'lastname','Gurvich'),(5,'address',11,'postcode','90034'),(5,'address',11,'region','California'),(5,'address',11,'telephone','222-222-2222'),(5,'address',13,'address_type','shipping'),(5,'address',13,'city','los angeles'),(5,'address',13,'firstname','Boris'),(5,'address',13,'lastname','Gurvich'),(5,'address',13,'postcode','90034'),(5,'address',13,'region','California'),(5,'address',13,'telephone','310-926-6363'),(5,'payment',5,'cc_owner','wertwert'),(5,'payment',5,'cc_type','AE');
insert into `sales_order_attribute_varchar` (`order_id`,`entity_type`,`entity_id`,`attribute_code`,`attribute_value`) values (5,'payment',5,'method','ccsave'),(6,'self',0,'coupon_code','test'),(6,'self',0,'giftcert_code','test'),(6,'self',0,'shipping_method','shiptable_best'),(6,'self',0,'real_order_id','11'),(6,'self',0,'remote_ip','10.0.5.249'),(6,'item',1,'model','MDL407'),(6,'item',2,'model','MDL413'),(6,'item',4,'model','MDL409'),(6,'item',6,'model','MDL101'),(6,'item',11,'model','MDL438'),(6,'item',12,'model','MDL412'),(6,'address',7,'firstname','Moshe'),(6,'address',7,'lastname','Gurvich'),(6,'address',7,'company','Varien'),(6,'address',7,'city','Los Angeles'),(6,'address',7,'postcode','90034'),(6,'address',7,'telephone','222-222-2222'),(6,'address',7,'address_type','billing'),(6,'address',9,'firstname','Moshe'),(6,'address',9,'lastname','Gurvich'),(6,'address',9,'company','Varien'),(6,'address',9,'city','Los Angeles'),(6,'address',9,'postcode','90034'),(6,'address',9,'telephone','222-222-2222'),(6,'address',9,'address_type','shipping'),(6,'payment',8,'method','ccsave'),(6,'payment',8,'cc_type','AE'),(6,'payment',8,'cc_last4','5245'),(6,'payment',8,'cc_number_enc','o8IMKepiR/77ylXTK9ECCi404jC4ps2y'),(6,'payment',8,'cc_owner','moshe'),(7,'self',0,'coupon_code','test'),(7,'self',0,'giftcert_code','test'),(7,'self',0,'shipping_method','shiptable_best'),(7,'self',0,'real_order_id','12'),(7,'self',0,'remote_ip','10.0.5.249'),(7,'self',0,'status','pending'),(7,'item',1,'model','MDL407'),(7,'item',2,'model','MDL413');
insert into `sales_order_attribute_varchar` (`order_id`,`entity_type`,`entity_id`,`attribute_code`,`attribute_value`) values (7,'item',4,'model','MDL409'),(7,'item',6,'model','MDL101'),(7,'item',11,'model','MDL438'),(7,'item',12,'model','MDL412'),(7,'address',7,'address_type','billing'),(7,'address',7,'city','Los Angeles'),(7,'address',7,'company','Varien'),(7,'address',7,'firstname','Moshe'),(7,'address',7,'lastname','Gurvich'),(7,'address',7,'postcode','90034'),(7,'address',7,'telephone','222-222-2222'),(7,'address',9,'firstname','Moshe'),(7,'address',9,'lastname','Gurvich'),(7,'address',9,'company','Varien'),(7,'address',9,'city','Los Angeles'),(7,'address',9,'postcode','90034'),(7,'address',9,'telephone','222-222-2222'),(7,'address',9,'address_type','shipping'),(7,'payment',8,'cc_last4','1111'),(7,'payment',8,'cc_number_enc','0h5T7dy6SdMBHQgHVtJE4A=='),(7,'payment',8,'cc_owner','moshe'),(7,'payment',8,'cc_type','AE'),(7,'payment',8,'method','ccsave'),(8,'self',0,'shipping_method','ups_GND'),(8,'self',0,'real_order_id','28'),(8,'self',0,'remote_ip','10.0.5.249'),(8,'self',0,'status','pending'),(8,'item',1,'model','MDL1'),(8,'address',2,'address_type','billing'),(8,'address',2,'city','Los Angeles'),(8,'address',2,'company','Varien'),(8,'address',2,'firstname','Moshe'),(8,'address',2,'lastname','Gurvich'),(8,'address',2,'postcode','90034'),(8,'address',2,'telephone','222-222-2222'),(8,'address',4,'address_type','shipping'),(8,'address',4,'city','Los Angeles'),(8,'address',4,'company','Varien');
insert into `sales_order_attribute_varchar` (`order_id`,`entity_type`,`entity_id`,`attribute_code`,`attribute_value`) values (8,'address',4,'firstname','Moshe'),(8,'address',4,'lastname','Gurvich'),(8,'address',4,'postcode','90034'),(8,'address',4,'telephone','222-222-2222'),(8,'payment',3,'cc_last4','1111'),(8,'payment',3,'cc_number_enc','0h5T7dy6SdMVRfh9hNys6A=='),(8,'payment',3,'cc_owner','Moshe'),(8,'payment',3,'cc_type','VI'),(8,'payment',3,'method','authorizenet'),(8,'payment',3,'cc_approval','000000'),(8,'payment',3,'cc_avs_status','P'),(9,'self',0,'shipping_method','ups_GND'),(9,'self',0,'real_order_id','29'),(9,'self',0,'remote_ip','10.0.5.249'),(9,'self',0,'status','pending'),(9,'item',1,'model','MDL1'),(9,'address',2,'firstname','Moshe'),(9,'address',2,'lastname','Gurvich'),(9,'address',2,'company','Varien'),(9,'address',2,'city','Los Angeles'),(9,'address',2,'region','12'),(9,'address',2,'postcode','90034'),(9,'address',2,'telephone','222-222-2222'),(9,'address',2,'address_type','billing'),(9,'address',4,'firstname','Moshe'),(9,'address',4,'lastname','Gurvich'),(9,'address',4,'company','Varien'),(9,'address',4,'city','Los Angeles'),(9,'address',4,'region','12'),(9,'address',4,'postcode','90034'),(9,'address',4,'telephone','222-222-2222'),(9,'address',4,'address_type','shipping'),(9,'payment',3,'method','authorizenet'),(9,'payment',3,'cc_type','MC'),(9,'payment',3,'cc_last4','1111'),(9,'payment',3,'cc_number_enc','0h5T7dy6SdMVRfh9hNys6A=='),(9,'payment',3,'cc_owner','sdfgsdfg');
insert into `sales_order_attribute_varchar` (`order_id`,`entity_type`,`entity_id`,`attribute_code`,`attribute_value`) values (9,'payment',3,'cc_approval','000000'),(9,'payment',3,'cc_avs_status','P'),(10,'self',0,'shipping_method','ups_GND'),(10,'self',0,'real_order_id','30'),(10,'self',0,'remote_ip','10.0.5.249'),(10,'self',0,'status','pending'),(10,'item',1,'model','MDL1'),(10,'address',2,'firstname','Moshe'),(10,'address',2,'lastname','Gurvich'),(10,'address',2,'company','Varien'),(10,'address',2,'city','Los Angeles'),(10,'address',2,'region','12'),(10,'address',2,'postcode','90034'),(10,'address',2,'telephone','222-222-2222'),(10,'address',2,'address_type','billing'),(10,'address',4,'firstname','Moshe'),(10,'address',4,'lastname','Gurvich'),(10,'address',4,'company','Varien'),(10,'address',4,'city','Los Angeles'),(10,'address',4,'region','12'),(10,'address',4,'postcode','90034'),(10,'address',4,'telephone','222-222-2222'),(10,'address',4,'address_type','shipping'),(10,'payment',3,'method','authorizenet'),(10,'payment',3,'cc_type','VI'),(10,'payment',3,'cc_last4','1111'),(10,'payment',3,'cc_number_enc','0h5T7dy6SdMVRfh9hNys6A=='),(10,'payment',3,'cc_owner','fsdfas'),(10,'payment',3,'cc_approval','000000'),(10,'payment',3,'cc_avs_status','P'),(11,'self',0,'shipping_method','ups_GND'),(11,'self',0,'real_order_id','31'),(11,'self',0,'remote_ip','10.0.5.249'),(11,'self',0,'status','pending'),(11,'item',1,'model','MDL1'),(11,'address',2,'address_type','billing'),(11,'address',2,'city','Los Angeles');
insert into `sales_order_attribute_varchar` (`order_id`,`entity_type`,`entity_id`,`attribute_code`,`attribute_value`) values (11,'address',2,'company','Varien'),(11,'address',2,'firstname','Moshe'),(11,'address',2,'lastname','Gurvich'),(11,'address',2,'postcode','90034'),(11,'address',2,'region','12'),(11,'address',2,'telephone','222-222-2222'),(11,'address',4,'address_type','shipping'),(11,'address',4,'city','Los Angeles'),(11,'address',4,'company','Varien'),(11,'address',4,'firstname','Moshe'),(11,'address',4,'lastname','Gurvich'),(11,'address',4,'postcode','90034'),(11,'address',4,'region','12'),(11,'address',4,'telephone','222-222-2222'),(11,'payment',3,'cc_last4','1111'),(11,'payment',3,'cc_number_enc','0h5T7dy6SdMVRfh9hNys6A=='),(11,'payment',3,'cc_owner','sadgsdfg'),(11,'payment',3,'cc_type','MC'),(11,'payment',3,'method','authorizenet'),(11,'payment',3,'cc_approval','000000'),(11,'payment',3,'cc_avs_status','P'),(12,'self',0,'shipping_method','ups_GND'),(12,'self',0,'real_order_id','33'),(12,'self',0,'remote_ip','10.0.5.249'),(12,'self',0,'status','pending'),(12,'item',1,'model','MDL1'),(12,'address',2,'firstname','Moshe'),(12,'address',2,'lastname','Gurvich'),(12,'address',2,'company','Varien'),(12,'address',2,'city','Los Angeles'),(12,'address',2,'region','12'),(12,'address',2,'postcode','90034'),(12,'address',2,'telephone','222-222-2222'),(12,'address',2,'address_type','billing'),(12,'address',4,'firstname','Moshe'),(12,'address',4,'lastname','Gurvich'),(12,'address',4,'company','Varien');
insert into `sales_order_attribute_varchar` (`order_id`,`entity_type`,`entity_id`,`attribute_code`,`attribute_value`) values (12,'address',4,'city','Los Angeles'),(12,'address',4,'region','12'),(12,'address',4,'postcode','90034'),(12,'address',4,'telephone','222-222-2222'),(12,'address',4,'address_type','shipping'),(12,'payment',3,'method','authorizenet'),(12,'payment',3,'cc_type','VI'),(12,'payment',3,'cc_last4','1111'),(12,'payment',3,'cc_number_enc','0h5T7dy6SdMVRfh9hNys6A=='),(12,'payment',3,'cc_owner','sdgfsdfg'),(12,'payment',3,'anet_trans_method','CC'),(12,'payment',3,'cc_approval','000000'),(12,'payment',3,'cc_avs_status','P'),(13,'self',0,'shipping_method','ups_GND'),(13,'self',0,'real_order_id','34'),(13,'self',0,'remote_ip','10.0.5.249'),(13,'self',0,'status','pending'),(13,'item',1,'model','MDL100'),(13,'address',2,'address_type','billing'),(13,'address',2,'city','Los Angeles'),(13,'address',2,'company','Varien'),(13,'address',2,'firstname','Moshe'),(13,'address',2,'lastname','Gurvich'),(13,'address',2,'postcode','90034'),(13,'address',2,'region','12'),(13,'address',2,'telephone','222-222-2222'),(13,'address',4,'address_type','shipping'),(13,'address',4,'city','Los Angeles'),(13,'address',4,'company','Varien'),(13,'address',4,'firstname','Moshe'),(13,'address',4,'lastname','Gurvich'),(13,'address',4,'postcode','90034'),(13,'address',4,'region','12'),(13,'address',4,'telephone','222-222-2222'),(13,'payment',3,'cc_last4','1111');
insert into `sales_order_attribute_varchar` (`order_id`,`entity_type`,`entity_id`,`attribute_code`,`attribute_value`) values (13,'payment',3,'cc_number_enc','0h5T7dy6SdMVRfh9hNys6A=='),(13,'payment',3,'cc_owner','sdfgsdf'),(13,'payment',3,'cc_type','VI'),(13,'payment',3,'method','authorizenet'),(13,'payment',3,'anet_trans_method','CC'),(13,'payment',3,'cc_approval','000000'),(13,'payment',3,'cc_avs_status','P'),(14,'self',0,'shipping_method','ups_GND'),(14,'self',0,'real_order_id','35'),(14,'self',0,'remote_ip','10.0.5.249'),(14,'self',0,'status','pending'),(14,'item',1,'model','MDL1'),(14,'address',2,'address_type','billing'),(14,'address',2,'city','Los Angeles'),(14,'address',2,'company','Varien'),(14,'address',2,'firstname','Moshe'),(14,'address',2,'lastname','Gurvich'),(14,'address',2,'postcode','90034'),(14,'address',2,'region','12'),(14,'address',2,'telephone','222-222-2222'),(14,'address',4,'address_type','shipping'),(14,'address',4,'city','Los Angeles'),(14,'address',4,'company','Varien'),(14,'address',4,'firstname','Moshe'),(14,'address',4,'lastname','Gurvich'),(14,'address',4,'postcode','90034'),(14,'address',4,'region','12'),(14,'address',4,'telephone','222-222-2222'),(14,'payment',3,'cc_last4','1111'),(14,'payment',3,'cc_number_enc','0h5T7dy6SdMVRfh9hNys6A=='),(14,'payment',3,'cc_owner','sdrgsdg'),(14,'payment',3,'cc_type','MC'),(14,'payment',3,'method','authorizenet'),(14,'payment',3,'anet_trans_method','CC'),(14,'payment',3,'cc_approval','000000'),(14,'payment',3,'cc_avs_status','P');
insert into `sales_order_attribute_varchar` (`order_id`,`entity_type`,`entity_id`,`attribute_code`,`attribute_value`) values (15,'self',0,'shipping_method','ups_GND'),(15,'self',0,'real_order_id','38'),(15,'self',0,'remote_ip','10.0.5.249'),(15,'self',0,'status','pending'),(15,'item',1,'model','MDL1'),(15,'address',2,'address_type','billing'),(15,'address',2,'city','Los Angeles'),(15,'address',2,'company','Varien'),(15,'address',2,'firstname','Moshe'),(15,'address',2,'lastname','Gurvich'),(15,'address',2,'postcode','90034'),(15,'address',2,'region','12'),(15,'address',2,'telephone','222-222-2222'),(15,'address',4,'address_type','shipping'),(15,'address',4,'city','Los Angeles'),(15,'address',4,'company','Varien'),(15,'address',4,'firstname','Moshe'),(15,'address',4,'lastname','Gurvich'),(15,'address',4,'postcode','90034'),(15,'address',4,'region','12'),(15,'address',4,'telephone','222-222-2222'),(15,'payment',3,'cc_last4','1111'),(15,'payment',3,'cc_number_enc','0h5T7dy6SdMVRfh9hNys6A=='),(15,'payment',3,'cc_owner','wertwert'),(15,'payment',3,'cc_type','VI'),(15,'payment',3,'method','authorizenet'),(15,'payment',3,'anet_trans_method','CC'),(15,'payment',3,'cc_approval','000000'),(15,'payment',3,'cc_avs_status','P'),(16,'self',0,'shipping_method','ups_GND'),(16,'self',0,'real_order_id','39'),(16,'self',0,'remote_ip','10.0.5.249'),(16,'self',0,'status','pending'),(16,'item',1,'model','MDL123'),(16,'address',2,'address_type','billing'),(16,'address',2,'city','Los Angeles'),(16,'address',2,'company','Varien');
insert into `sales_order_attribute_varchar` (`order_id`,`entity_type`,`entity_id`,`attribute_code`,`attribute_value`) values (16,'address',2,'firstname','Moshe'),(16,'address',2,'lastname','Gurvich'),(16,'address',2,'postcode','90034'),(16,'address',2,'region','12'),(16,'address',2,'telephone','222-222-2222'),(16,'address',4,'address_type','shipping'),(16,'address',4,'city','Los Angeles'),(16,'address',4,'company','Varien'),(16,'address',4,'firstname','Moshe'),(16,'address',4,'lastname','Gurvich'),(16,'address',4,'postcode','90034'),(16,'address',4,'region','12'),(16,'address',4,'telephone','222-222-2222'),(16,'payment',3,'cc_last4','1111'),(16,'payment',3,'cc_number_enc','0h5T7dy6SdMVRfh9hNys6A=='),(16,'payment',3,'cc_owner','sdgtd'),(16,'payment',3,'cc_type','MC'),(16,'payment',3,'method','authorizenet'),(16,'payment',3,'anet_trans_method','CC'),(16,'payment',3,'cc_approval','000000'),(16,'payment',3,'cc_avs_status','P'),(17,'self',0,'shipping_method','ups_GND'),(17,'self',0,'real_order_id','40'),(17,'self',0,'remote_ip','10.0.5.249'),(17,'self',0,'status','pending'),(17,'item',1,'model','MDL100'),(17,'address',2,'address_type','billing'),(17,'address',2,'city','Los Angeles'),(17,'address',2,'company','Varien'),(17,'address',2,'firstname','Moshe'),(17,'address',2,'lastname','Gurvich'),(17,'address',2,'postcode','90034'),(17,'address',2,'region','12'),(17,'address',2,'telephone','222-222-2222'),(17,'address',4,'address_type','shipping'),(17,'address',4,'city','Los Angeles');
insert into `sales_order_attribute_varchar` (`order_id`,`entity_type`,`entity_id`,`attribute_code`,`attribute_value`) values (17,'address',4,'company','Varien'),(17,'address',4,'firstname','Moshe'),(17,'address',4,'lastname','Gurvich'),(17,'address',4,'postcode','90034'),(17,'address',4,'region','12'),(17,'address',4,'telephone','222-222-2222'),(17,'payment',3,'cc_last4','1111'),(17,'payment',3,'cc_number_enc','0h5T7dy6SdMVRfh9hNys6A=='),(17,'payment',3,'cc_owner','1234'),(17,'payment',3,'cc_type','MC'),(17,'payment',3,'method','authorizenet'),(17,'payment',3,'anet_trans_method','CC'),(17,'payment',3,'cc_approval','000000'),(17,'payment',3,'cc_avs_status','P'),(18,'self',0,'shipping_method','ups_GND'),(18,'self',0,'real_order_id','41'),(18,'self',0,'remote_ip','10.0.5.249'),(18,'self',0,'status','pending'),(18,'item',1,'model','MDL10'),(18,'address',2,'address_type','billing'),(18,'address',2,'city','Los Angeles'),(18,'address',2,'company','Varien'),(18,'address',2,'firstname','Moshe'),(18,'address',2,'lastname','Gurvich'),(18,'address',2,'postcode','90034'),(18,'address',2,'region','12'),(18,'address',2,'telephone','222-222-2222'),(18,'address',4,'firstname','Moshe'),(18,'address',4,'lastname','Gurvich'),(18,'address',4,'company','Varien'),(18,'address',4,'city','Los Angeles'),(18,'address',4,'region','12'),(18,'address',4,'postcode','90034'),(18,'address',4,'telephone','222-222-2222'),(18,'address',4,'address_type','shipping'),(18,'payment',3,'cc_last4','1111');
insert into `sales_order_attribute_varchar` (`order_id`,`entity_type`,`entity_id`,`attribute_code`,`attribute_value`) values (18,'payment',3,'cc_number_enc','0h5T7dy6SdMVRfh9hNys6A=='),(18,'payment',3,'cc_owner','1234'),(18,'payment',3,'cc_type','VI'),(18,'payment',3,'method','authorizenet'),(18,'payment',3,'anet_trans_method','CC'),(18,'payment',3,'cc_approval','000000'),(18,'payment',3,'cc_avs_status','P'),(19,'self',0,'shipping_method','ups_GND'),(19,'self',0,'real_order_id','42'),(19,'self',0,'remote_ip','10.0.5.249'),(19,'self',0,'status','pending'),(19,'item',1,'model','MDL1'),(19,'address',2,'address_type','billing'),(19,'address',2,'city','Los Angeles'),(19,'address',2,'company','Varien'),(19,'address',2,'firstname','Moshe'),(19,'address',2,'lastname','Gurvich'),(19,'address',2,'postcode','90034'),(19,'address',2,'region','12'),(19,'address',2,'telephone','222-222-2222'),(19,'address',4,'address_type','shipping'),(19,'address',4,'city','Los Angeles'),(19,'address',4,'company','Varien'),(19,'address',4,'firstname','Moshe'),(19,'address',4,'lastname','Gurvich'),(19,'address',4,'postcode','90034'),(19,'address',4,'region','12'),(19,'address',4,'telephone','222-222-2222'),(19,'payment',3,'cc_last4','1111'),(19,'payment',3,'cc_number_enc','0h5T7dy6SdMVRfh9hNys6A=='),(19,'payment',3,'cc_owner','sdafgsdf'),(19,'payment',3,'cc_type','VI'),(19,'payment',3,'method','authorizenet'),(19,'payment',3,'anet_trans_method','CC'),(19,'payment',3,'cc_approval','000000'),(19,'payment',3,'cc_avs_status','P');
insert into `sales_order_attribute_varchar` (`order_id`,`entity_type`,`entity_id`,`attribute_code`,`attribute_value`) values (20,'self',0,'shipping_method','ups_GND'),(20,'self',0,'real_order_id','43'),(20,'self',0,'remote_ip','10.0.5.249'),(20,'self',0,'status','pending'),(20,'item',1,'model','MDL100'),(20,'address',2,'address_type','billing'),(20,'address',2,'city','Los Angeles'),(20,'address',2,'company','Varien'),(20,'address',2,'firstname','Moshe'),(20,'address',2,'lastname','Gurvich'),(20,'address',2,'postcode','90034'),(20,'address',2,'region','12'),(20,'address',2,'telephone','222-222-2222'),(20,'address',4,'firstname','Moshe'),(20,'address',4,'lastname','Gurvich'),(20,'address',4,'company','Varien'),(20,'address',4,'city','Los Angeles'),(20,'address',4,'region','12'),(20,'address',4,'postcode','90034'),(20,'address',4,'telephone','222-222-2222'),(20,'address',4,'address_type','shipping'),(20,'payment',3,'cc_last4','1111'),(20,'payment',3,'cc_number_enc','0h5T7dy6SdMVRfh9hNys6A=='),(20,'payment',3,'cc_owner','ertwer'),(20,'payment',3,'cc_type','VI'),(20,'payment',3,'method','authorizenet'),(20,'payment',3,'anet_trans_method','CC'),(20,'payment',3,'cc_approval','000000'),(20,'payment',3,'cc_avs_status','P'),(21,'self',0,'shipping_method','ups_2DA'),(21,'self',0,'real_order_id','44'),(21,'self',0,'remote_ip','10.0.5.249'),(21,'self',0,'status','pending'),(21,'item',1,'model','MDL100'),(21,'item',11,'model','MDL130'),(21,'address',2,'address_type','billing'),(21,'address',2,'city','Los Angeles');
insert into `sales_order_attribute_varchar` (`order_id`,`entity_type`,`entity_id`,`attribute_code`,`attribute_value`) values (21,'address',2,'company','Varien'),(21,'address',2,'firstname','Moshe'),(21,'address',2,'lastname','Gurvich'),(21,'address',2,'postcode','90034'),(21,'address',2,'region','12'),(21,'address',2,'telephone','222-222-2222'),(21,'address',4,'address_type','shipping'),(21,'address',4,'city','Los Angeles'),(21,'address',4,'company','Varien'),(21,'address',4,'firstname','Moshe'),(21,'address',4,'lastname','Gurvich'),(21,'address',4,'postcode','90034'),(21,'address',4,'region','12'),(21,'address',4,'telephone','222-222-2222'),(21,'payment',3,'cc_last4','1111'),(21,'payment',3,'cc_number_enc','0h5T7dy6SdMVRfh9hNys6A=='),(21,'payment',3,'cc_owner','moshe'),(21,'payment',3,'cc_type','MC'),(21,'payment',3,'method','authorizenet'),(21,'payment',3,'anet_trans_method','CC'),(21,'payment',3,'cc_approval','000000'),(21,'payment',3,'cc_avs_status','P'),(22,'self',0,'shipping_method','ups_GND'),(22,'self',0,'real_order_id','45'),(22,'self',0,'remote_ip','10.0.5.249'),(22,'self',0,'status','pending'),(22,'item',1,'model','MDL104'),(22,'address',2,'address_type','billing'),(22,'address',2,'city','wret'),(22,'address',2,'company','gfsgf'),(22,'address',2,'email','moshe@irubin.com'),(22,'address',2,'firstname','moshe'),(22,'address',2,'lastname','gurvich'),(22,'address',2,'postcode','34533'),(22,'address',2,'region','12'),(22,'address',2,'telephone','345-534-3453');
insert into `sales_order_attribute_varchar` (`order_id`,`entity_type`,`entity_id`,`attribute_code`,`attribute_value`) values (22,'address',4,'address_type','shipping'),(22,'address',4,'city','wret'),(22,'address',4,'company','gfsgf'),(22,'address',4,'email','moshe@irubin.com'),(22,'address',4,'firstname','moshe'),(22,'address',4,'lastname','gurvich'),(22,'address',4,'postcode','34533'),(22,'address',4,'region','12'),(22,'address',4,'telephone','345-534-3453'),(22,'payment',3,'method','checkmo'),(23,'self',0,'shipping_method','ups_GND'),(23,'self',0,'real_order_id','46'),(23,'self',0,'remote_ip','10.0.5.249'),(23,'self',0,'status','pending'),(23,'item',1,'model','MDL104'),(23,'item',11,'model','MDL102'),(23,'address',2,'address_type','billing'),(23,'address',2,'city','wret'),(23,'address',2,'company','gfsgf'),(23,'address',2,'email','moshe@irubin.com'),(23,'address',2,'firstname','moshe'),(23,'address',2,'lastname','gurvich'),(23,'address',2,'postcode','34533'),(23,'address',2,'region','12'),(23,'address',2,'telephone','345-534-3453'),(23,'address',4,'address_type','shipping'),(23,'address',4,'city','wret'),(23,'address',4,'company','gfsgf'),(23,'address',4,'email','moshe@irubin.com'),(23,'address',4,'firstname','moshe'),(23,'address',4,'lastname','gurvich'),(23,'address',4,'postcode','34533'),(23,'address',4,'region','12'),(23,'address',4,'telephone','345-534-3453'),(23,'payment',3,'method','checkmo'),(24,'self',0,'shipping_method','ups_GND'),(24,'self',0,'real_order_id','47'),(24,'self',0,'remote_ip','10.0.5.249');
insert into `sales_order_attribute_varchar` (`order_id`,`entity_type`,`entity_id`,`attribute_code`,`attribute_value`) values (24,'self',0,'status','pending'),(24,'item',1,'model','MDL103'),(24,'address',3,'address_type','shipping'),(24,'address',3,'city','los angeles'),(24,'address',3,'company','asdfasdf'),(24,'address',3,'email','m0sh3@hotmail.com'),(24,'address',3,'firstname','moshe'),(24,'address',3,'lastname','gurvich'),(24,'address',3,'postcode','90034'),(24,'address',3,'region','12'),(24,'address',3,'telephone','310-926-6363'),(24,'address',10,'address_type','billing'),(24,'address',10,'city','los angeles'),(24,'address',10,'company','asdfasdf'),(24,'address',10,'email','m0sh3@hotmail.com'),(24,'address',10,'firstname','moshe'),(24,'address',10,'lastname','gurvich'),(24,'address',10,'postcode','90034'),(24,'address',10,'region','12'),(24,'address',10,'telephone','310-926-6363'),(24,'payment',2,'method','checkmo'),(25,'self',0,'shipping_method','ups_GND'),(25,'self',0,'real_order_id','48'),(25,'self',0,'remote_ip','10.0.5.249'),(25,'self',0,'status','pending'),(25,'item',1,'model','MDL100'),(25,'item',11,'model','MDL130'),(25,'item',12,'model','MDL102'),(25,'address',2,'firstname','Moshe'),(25,'address',2,'lastname','Gurvich'),(25,'address',2,'company','Varien'),(25,'address',2,'city','Los Angeles'),(25,'address',2,'region','12'),(25,'address',2,'postcode','90034'),(25,'address',2,'telephone','222-222-2222'),(25,'address',2,'address_type','billing'),(25,'address',4,'firstname','Moshe');
insert into `sales_order_attribute_varchar` (`order_id`,`entity_type`,`entity_id`,`attribute_code`,`attribute_value`) values (25,'address',4,'lastname','Gurvich'),(25,'address',4,'company','Varien'),(25,'address',4,'city','Los Angeles'),(25,'address',4,'region','12'),(25,'address',4,'postcode','90034'),(25,'address',4,'telephone','222-222-2222'),(25,'address',4,'address_type','shipping'),(25,'payment',3,'method','checkmo'),(26,'self',0,'shipping_method','ups_1DA'),(26,'self',0,'real_order_id','49'),(26,'self',0,'remote_ip','77.47.128.133'),(26,'self',0,'status','pending'),(26,'item',1,'model','MDL28'),(26,'address',2,'address_type','billing'),(26,'address',2,'city','test'),(26,'address',2,'company','test'),(26,'address',2,'firstname','test'),(26,'address',2,'lastname','test'),(26,'address',2,'postcode','90034'),(26,'address',2,'region','12'),(26,'address',2,'telephone','111-111-1111'),(26,'address',3,'address_type','shipping'),(26,'address',3,'city','test'),(26,'address',3,'company','test'),(26,'address',3,'firstname','test'),(26,'address',3,'lastname','test'),(26,'address',3,'postcode','90034'),(26,'address',3,'region','12'),(26,'address',3,'telephone','111-111-1111'),(26,'payment',10,'method','checkmo'),(27,'self',0,'shipping_method','ups_GND'),(27,'self',0,'real_order_id','50'),(27,'self',0,'remote_ip','10.0.5.249'),(27,'self',0,'status','pending'),(27,'item',11,'model','MDL102'),(27,'address',2,'address_type','billing'),(27,'address',2,'city','Los Angeles'),(27,'address',2,'company','Varien');
insert into `sales_order_attribute_varchar` (`order_id`,`entity_type`,`entity_id`,`attribute_code`,`attribute_value`) values (27,'address',2,'firstname','Moshe'),(27,'address',2,'lastname','Gurvich'),(27,'address',2,'postcode','90034'),(27,'address',2,'region','12'),(27,'address',2,'telephone','222-222-2222'),(27,'address',3,'address_type','shipping'),(27,'address',3,'city','Los Angeles'),(27,'address',3,'company','Varien'),(27,'address',3,'firstname','Moshe'),(27,'address',3,'lastname','Gurvich'),(27,'address',3,'postcode','90034'),(27,'address',3,'region','12'),(27,'address',3,'telephone','222-222-2222'),(27,'payment',9,'cc_last4','1111'),(27,'payment',9,'cc_number_enc','0h5T7dy6SdMVRfh9hNys6A=='),(27,'payment',9,'cc_owner','sdafgsdgf'),(27,'payment',9,'cc_type','MC'),(27,'payment',9,'method','authorizenet'),(27,'payment',9,'anet_trans_method','CC'),(27,'payment',9,'cc_approval','000000'),(27,'payment',9,'cc_avs_status','P'),(28,'self',0,'shipping_method','shiptable_best'),(28,'self',0,'real_order_id','51'),(28,'self',0,'remote_ip','10.0.5.100'),(28,'self',0,'status','pending'),(28,'item',1,'model','MDL103'),(28,'item',3,'model','MDL123'),(28,'item',9,'model','MDL102'),(28,'item',10,'model','MDL100'),(28,'address',4,'firstname','QA'),(28,'address',4,'lastname','shopping'),(28,'address',4,'company','Varien'),(28,'address',4,'city','Kiev'),(28,'address',4,'region','8'),(28,'address',4,'postcode','03057'),(28,'address',4,'telephone','222-222-2222'),(28,'address',4,'address_type','billing');
insert into `sales_order_attribute_varchar` (`order_id`,`entity_type`,`entity_id`,`attribute_code`,`attribute_value`) values (28,'address',6,'firstname','QA'),(28,'address',6,'lastname','shopping'),(28,'address',6,'company','Varien'),(28,'address',6,'city','Kiev'),(28,'address',6,'region','8'),(28,'address',6,'postcode','03057'),(28,'address',6,'telephone','222-222-2222'),(28,'address',6,'address_type','shipping'),(28,'payment',5,'method','authorizenet'),(28,'payment',5,'cc_type','VI'),(28,'payment',5,'cc_last4','1111'),(28,'payment',5,'cc_number_enc','0h5T7dy6SdMVRfh9hNys6A=='),(28,'payment',5,'cc_owner','132123'),(28,'payment',5,'anet_trans_method','CC'),(28,'payment',5,'cc_approval','000000'),(28,'payment',5,'cc_avs_status','P'),(29,'self',0,'shipping_method','ups_GND'),(29,'self',0,'real_order_id','52'),(29,'self',0,'remote_ip','10.0.5.100'),(29,'self',0,'status','pending'),(29,'item',1,'model','MDL109'),(29,'address',8,'address_type','billing'),(29,'address',8,'city','Los Angeles'),(29,'address',8,'company','Varien'),(29,'address',8,'firstname','QA'),(29,'address',8,'lastname','shopping'),(29,'address',8,'postcode','90034'),(29,'address',8,'region','12'),(29,'address',8,'telephone','(123)123-1234'),(29,'address',10,'address_type','shipping'),(29,'address',10,'city','Los Angeles'),(29,'address',10,'company','Varien'),(29,'address',10,'firstname','QA'),(29,'address',10,'lastname','shopping'),(29,'address',10,'postcode','90034'),(29,'address',10,'region','12');
insert into `sales_order_attribute_varchar` (`order_id`,`entity_type`,`entity_id`,`attribute_code`,`attribute_value`) values (29,'address',10,'telephone','(123)123-1234'),(29,'payment',9,'cc_last4','1111'),(29,'payment',9,'cc_number_enc','0h5T7dy6SdMVRfh9hNys6A=='),(29,'payment',9,'cc_owner','1231'),(29,'payment',9,'cc_type','VI'),(29,'payment',9,'method','authorizenet'),(29,'payment',9,'anet_trans_method','CC'),(29,'payment',9,'cc_approval','000000'),(29,'payment',9,'cc_avs_status','P'),(30,'self',0,'real_order_id','53'),(30,'self',0,'remote_ip','10.0.5.100'),(30,'self',0,'status','pending'),(30,'item',1,'model','MDL123'),(30,'item',2,'model','MDL1'),(30,'address',3,'address_type','billing'),(30,'address',3,'city','Los Angeles'),(30,'address',3,'company','Varien'),(30,'address',3,'firstname','QA'),(30,'address',3,'lastname','shopping'),(30,'address',3,'postcode','90034'),(30,'address',3,'region','12'),(30,'address',3,'telephone','(123)123-1234'),(30,'address',5,'address_type','shipping'),(30,'address',5,'city','Los Angeles'),(30,'address',5,'company','Varien'),(30,'address',5,'firstname','QA'),(30,'address',5,'lastname','shopping'),(30,'address',5,'postcode','90034'),(30,'address',5,'region','12'),(30,'address',5,'telephone','(123)123-1234'),(30,'payment',4,'cc_last4','1111'),(30,'payment',4,'cc_number_enc','0h5T7dy6SdMVRfh9hNys6A=='),(30,'payment',4,'cc_owner','4111111111111111'),(30,'payment',4,'cc_type','VI'),(30,'payment',4,'method','authorizenet'),(30,'payment',4,'anet_trans_method','CC');
insert into `sales_order_attribute_varchar` (`order_id`,`entity_type`,`entity_id`,`attribute_code`,`attribute_value`) values (30,'payment',4,'cc_approval','000000'),(30,'payment',4,'cc_avs_status','P'),(31,'self',0,'real_order_id','54'),(31,'self',0,'remote_ip','10.0.5.100'),(31,'self',0,'status','pending'),(31,'item',1,'model','MDL101'),(31,'item',2,'model','MDL106'),(31,'item',3,'model','MDL123'),(31,'address',4,'firstname','QA'),(31,'address',4,'lastname','shopping'),(31,'address',4,'company','Varien'),(31,'address',4,'city','Los Angeles'),(31,'address',4,'region','12'),(31,'address',4,'postcode','90034'),(31,'address',4,'telephone','(123)123-1234'),(31,'address',4,'address_type','billing'),(31,'address',6,'firstname','QA'),(31,'address',6,'lastname','shopping'),(31,'address',6,'company','Varien'),(31,'address',6,'city','Los Angeles'),(31,'address',6,'region','12'),(31,'address',6,'postcode','90034'),(31,'address',6,'telephone','(123)123-1234'),(31,'address',6,'address_type','shipping'),(31,'payment',5,'method','ccsave'),(31,'payment',5,'cc_type','VI'),(31,'payment',5,'cc_last4','1111'),(31,'payment',5,'cc_number_enc','0h5T7dy6SdMVRfh9hNys6A=='),(31,'payment',5,'cc_owner','4111111111111111'),(32,'self',0,'shipping_method','ups_1DP'),(32,'self',0,'real_order_id','55'),(32,'self',0,'remote_ip','10.0.5.100'),(32,'self',0,'status','pending'),(32,'item',1,'model','MDL132'),(32,'address',2,'firstname','QA'),(32,'address',2,'lastname','shopping'),(32,'address',2,'company','Varien'),(32,'address',2,'city','Los Angeles');
insert into `sales_order_attribute_varchar` (`order_id`,`entity_type`,`entity_id`,`attribute_code`,`attribute_value`) values (32,'address',2,'region','12'),(32,'address',2,'postcode','90034'),(32,'address',2,'telephone','(123)123-1234'),(32,'address',2,'address_type','billing'),(32,'address',4,'firstname','QA'),(32,'address',4,'lastname','shopping'),(32,'address',4,'company','Varien'),(32,'address',4,'city','Los Angeles'),(32,'address',4,'region','12'),(32,'address',4,'postcode','90034'),(32,'address',4,'telephone','(123)123-1234'),(32,'address',4,'address_type','shipping'),(32,'payment',3,'method','ccsave'),(32,'payment',3,'cc_type','VI'),(32,'payment',3,'cc_last4','1111'),(32,'payment',3,'cc_number_enc','0h5T7dy6SdMVRfh9hNys6A=='),(32,'payment',3,'cc_owner','4111111111111111'),(33,'self',0,'real_order_id','56'),(33,'self',0,'remote_ip','10.0.5.100'),(33,'self',0,'status','pending'),(33,'item',1,'model','MDL108'),(33,'item',3,'model','MDL100'),(33,'item',4,'model','MDL10'),(33,'address',2,'firstname','QA'),(33,'address',2,'lastname','shopping'),(33,'address',2,'company','Varien'),(33,'address',2,'city','Los Angeles'),(33,'address',2,'region','12'),(33,'address',2,'postcode','90034'),(33,'address',2,'telephone','(123)123-1234'),(33,'address',2,'address_type','billing'),(33,'address',6,'firstname','QA'),(33,'address',6,'lastname','shopping'),(33,'address',6,'company','Varien'),(33,'address',6,'city','Los Angeles'),(33,'address',6,'region','12'),(33,'address',6,'postcode','90034');
insert into `sales_order_attribute_varchar` (`order_id`,`entity_type`,`entity_id`,`attribute_code`,`attribute_value`) values (33,'address',6,'telephone','(123)123-1234'),(33,'address',6,'address_type','shipping'),(33,'payment',5,'method','ccsave'),(33,'payment',5,'cc_type','VI'),(33,'payment',5,'cc_last4','1111'),(33,'payment',5,'cc_number_enc','0h5T7dy6SdMVRfh9hNys6A=='),(33,'payment',5,'cc_owner','4111111111111111'),(34,'self',0,'real_order_id','57'),(34,'self',0,'remote_ip','10.0.5.100'),(34,'self',0,'status','pending'),(34,'item',1,'model','MDL123'),(34,'item',2,'model','MDL1'),(34,'address',3,'firstname','QA'),(34,'address',3,'lastname','shopping'),(34,'address',3,'company','Varien'),(34,'address',3,'city','Los Angeles'),(34,'address',3,'region','12'),(34,'address',3,'postcode','90034'),(34,'address',3,'telephone','(123)123-1234'),(34,'address',3,'address_type','billing'),(34,'address',5,'firstname','QA'),(34,'address',5,'lastname','shopping'),(34,'address',5,'company','Varien'),(34,'address',5,'city','Los Angeles'),(34,'address',5,'region','12'),(34,'address',5,'postcode','90034'),(34,'address',5,'telephone','(123)123-1234'),(34,'address',5,'address_type','shipping'),(34,'payment',4,'method','ccsave'),(34,'payment',4,'cc_type','VI'),(34,'payment',4,'cc_last4','1111'),(34,'payment',4,'cc_number_enc','0h5T7dy6SdMVRfh9hNys6A=='),(34,'payment',4,'cc_owner','4111111111111111'),(35,'self',0,'shipping_method','ups_1DM'),(35,'self',0,'real_order_id','59'),(35,'self',0,'remote_ip','213.8.116.123');
insert into `sales_order_attribute_varchar` (`order_id`,`entity_type`,`entity_id`,`attribute_code`,`attribute_value`) values (35,'self',0,'status','pending'),(35,'item',1,'model','MDL102'),(35,'address',2,'address_type','billing'),(35,'address',2,'city','Los Angeles'),(35,'address',2,'email','roy@varien.com'),(35,'address',2,'firstname','Roy'),(35,'address',2,'lastname','Rubin'),(35,'address',2,'postcode','90034'),(35,'address',2,'region','12'),(35,'address',2,'telephone','310-280-3908'),(35,'address',3,'address_type','shipping'),(35,'address',3,'city','Los Angeles'),(35,'address',3,'email','roy@varien.com'),(35,'address',3,'firstname','Roy'),(35,'address',3,'lastname','Rubin'),(35,'address',3,'postcode','90034'),(35,'address',3,'region','12'),(35,'address',3,'telephone','310-280-3908'),(35,'payment',10,'method','checkmo'),(36,'self',0,'real_order_id','60'),(36,'self',0,'remote_ip','10.0.5.100'),(36,'self',0,'status','pending'),(36,'item',1,'model','MDL101'),(36,'item',2,'model','MDL106'),(36,'item',3,'model','MDL123'),(36,'item',8,'model','MDL105'),(36,'item',9,'model','MDL118'),(36,'item',10,'model','MDL1'),(36,'item',11,'model','MDL104'),(36,'address',4,'address_type','billing'),(36,'address',4,'city','Los Angeles'),(36,'address',4,'company','Varien'),(36,'address',4,'firstname','QA'),(36,'address',4,'lastname','shopping'),(36,'address',4,'postcode','90034'),(36,'address',4,'region','12'),(36,'address',4,'telephone','(123)123-1234'),(36,'address',6,'firstname','QA'),(36,'address',6,'lastname','shopping');
insert into `sales_order_attribute_varchar` (`order_id`,`entity_type`,`entity_id`,`attribute_code`,`attribute_value`) values (36,'address',6,'company','Varien'),(36,'address',6,'city','Los Angeles'),(36,'address',6,'region','12'),(36,'address',6,'postcode','90034'),(36,'address',6,'telephone','(123)123-1234'),(36,'address',6,'address_type','shipping'),(36,'payment',5,'method','checkmo'),(37,'self',0,'real_order_id','61'),(37,'self',0,'remote_ip','10.0.5.100'),(37,'self',0,'status','pending'),(37,'item',1,'model','MDL1'),(37,'address',2,'address_type','billing'),(37,'address',2,'city','Los Angeles'),(37,'address',2,'company','Varien'),(37,'address',2,'firstname','QA'),(37,'address',2,'lastname','shopping'),(37,'address',2,'postcode','90034'),(37,'address',2,'region','12'),(37,'address',2,'telephone','(123)123-1234'),(37,'address',4,'address_type','shipping'),(37,'address',4,'city','Los Angeles'),(37,'address',4,'company','Varien'),(37,'address',4,'firstname','QA'),(37,'address',4,'lastname','shopping'),(37,'address',4,'postcode','90034'),(37,'address',4,'region','12'),(37,'address',4,'telephone','(123)123-1234'),(37,'payment',3,'method','checkmo'),(38,'self',0,'shipping_method','ups_1DP'),(38,'self',0,'real_order_id','62'),(38,'self',0,'remote_ip','10.0.5.100'),(38,'self',0,'status','pending'),(38,'item',1,'model','MDL1'),(38,'address',3,'address_type','billing'),(38,'address',3,'city','Los Angeles'),(38,'address',3,'company','Varien'),(38,'address',3,'firstname','QA'),(38,'address',3,'lastname','shopping');
insert into `sales_order_attribute_varchar` (`order_id`,`entity_type`,`entity_id`,`attribute_code`,`attribute_value`) values (38,'address',3,'postcode','90034'),(38,'address',3,'region','12'),(38,'address',3,'telephone','(123)123-1234'),(38,'address',5,'firstname','QA'),(38,'address',5,'lastname','shopping'),(38,'address',5,'company','Varien'),(38,'address',5,'city','Los Angeles'),(38,'address',5,'region','12'),(38,'address',5,'postcode','90034'),(38,'address',5,'telephone','(123)123-1234'),(38,'address',5,'address_type','shipping'),(38,'payment',4,'method','checkmo'),(39,'self',0,'shipping_method','shiptable_best'),(39,'self',0,'real_order_id','63'),(39,'self',0,'remote_ip','10.0.5.53'),(39,'self',0,'status','pending'),(39,'address',2,'address_type','billing'),(39,'address',2,'city','Los Angeles'),(39,'address',2,'company','Varien'),(39,'address',2,'firstname','Moshe'),(39,'address',2,'lastname','Gurvich'),(39,'address',2,'postcode','90034'),(39,'address',2,'region','12'),(39,'address',2,'telephone','222-222-2222'),(39,'address',4,'address_type','shipping'),(39,'address',4,'city','Los Angeles'),(39,'address',4,'company','Varien'),(39,'address',4,'firstname','Moshe'),(39,'address',4,'lastname','Gurvich'),(39,'address',4,'postcode','90034'),(39,'address',4,'region','12'),(39,'address',4,'telephone','222-222-2222'),(39,'payment',3,'method','checkmo'),(40,'self',0,'shipping_method','ups_1DA'),(40,'self',0,'real_order_id','64'),(40,'self',0,'remote_ip','10.0.5.100'),(40,'self',0,'status','pending');
insert into `sales_order_attribute_varchar` (`order_id`,`entity_type`,`entity_id`,`attribute_code`,`attribute_value`) values (40,'address',6,'address_type','billing'),(40,'address',6,'city','Los Angeles'),(40,'address',6,'company','Varien'),(40,'address',6,'firstname','QA'),(40,'address',6,'lastname','shopping'),(40,'address',6,'postcode','90034'),(40,'address',6,'region','12'),(40,'address',6,'telephone','(123)123-1234'),(40,'address',8,'firstname','QA'),(40,'address',8,'lastname','shopping'),(40,'address',8,'company','Varien'),(40,'address',8,'city','Los Angeles'),(40,'address',8,'region','12'),(40,'address',8,'postcode','90034'),(40,'address',8,'telephone','(123)123-1234'),(40,'address',8,'address_type','shipping'),(40,'payment',7,'method','checkmo'),(41,'self',0,'shipping_method','ups_1DM'),(41,'self',0,'real_order_id','65'),(41,'self',0,'remote_ip','10.0.5.249'),(41,'self',0,'status','pending'),(41,'item',1,'model','MDL132'),(41,'address',2,'address_type','billing'),(41,'address',2,'city','Los Angeles'),(41,'address',2,'company','Varien'),(41,'address',2,'firstname','QA'),(41,'address',2,'lastname','shopping'),(41,'address',2,'postcode','90034'),(41,'address',2,'region','12'),(41,'address',2,'telephone','(123)123-1234'),(41,'address',4,'address_type','shipping'),(41,'address',4,'city','Los Angeles'),(41,'address',4,'company','Varien'),(41,'address',4,'firstname','QA'),(41,'address',4,'lastname','shopping'),(41,'address',4,'postcode','90034'),(41,'address',4,'region','12');
insert into `sales_order_attribute_varchar` (`order_id`,`entity_type`,`entity_id`,`attribute_code`,`attribute_value`) values (41,'address',4,'telephone','(123)123-1234'),(41,'payment',3,'cc_last4','1111'),(41,'payment',3,'cc_number_enc','0h5T7dy6SdMVRfh9hNys6A=='),(41,'payment',3,'cc_owner','4111111111111111'),(41,'payment',3,'cc_type','VI'),(41,'payment',3,'method','ccsave'),(42,'self',0,'shipping_method','ups_1DA'),(42,'self',0,'real_order_id','66'),(42,'self',0,'remote_ip','127.0.0.1'),(42,'self',0,'status','pending'),(42,'address',2,'address_type','billing'),(42,'address',2,'city','Kiev'),(42,'address',2,'company','Varien'),(42,'address',2,'firstname','Dmitriy'),(42,'address',2,'lastname','Soroka'),(42,'address',2,'postcode','03057'),(42,'address',2,'region','Kiev'),(42,'address',2,'telephone','111-111-1111'),(42,'address',3,'address_type','shipping'),(42,'address',3,'city','Kiev'),(42,'address',3,'company','Varien'),(42,'address',3,'firstname','Dmitriy'),(42,'address',3,'lastname','Soroka'),(42,'address',3,'postcode','03057'),(42,'address',3,'region','Kiev'),(42,'address',3,'telephone','111-111-1111'),(42,'payment',10,'method','checkmo');

/*Table structure for table `sales_order_entity` */

DROP TABLE IF EXISTS `sales_order_entity`;

CREATE TABLE `sales_order_entity` (
  `entity_id` int(10) unsigned NOT NULL auto_increment,
  `entity_type_id` smallint(8) unsigned NOT NULL default '0',
  `attribute_set_id` smallint(5) unsigned NOT NULL default '0',
  `parent_id` int(10) unsigned NOT NULL default '0',
  `store_id` smallint(5) unsigned NOT NULL default '0',
  `created_at` datetime NOT NULL default '0000-00-00 00:00:00',
  `updated_at` datetime NOT NULL default '0000-00-00 00:00:00',
  `is_active` tinyint(1) unsigned NOT NULL default '1',
  PRIMARY KEY  (`entity_id`),
  KEY `FK_CUSTOMER_ENTITY_ENTITY_TYPE` (`entity_type_id`),
  KEY `FK_CUSTOMER_ENTITY_STORE` (`store_id`)
) ENGINE=InnoDB DEFAULT CHARSET=utf8;

/*Data for the table `sales_order_entity` */

insert into `sales_order_entity` (`entity_id`,`entity_type_id`,`attribute_set_id`,`parent_id`,`store_id`,`created_at`,`updated_at`,`is_active`) values (1,4,0,0,1,'2007-04-25 13:23:20','2007-07-21 20:54:19',1),(2,4,0,0,1,'2007-04-25 14:22:16','2007-07-21 20:54:19',1),(3,4,0,0,1,'2007-04-25 23:30:42','2007-07-21 20:54:19',1),(4,4,0,0,1,'2007-04-28 15:29:26','2007-07-21 20:54:19',1),(5,4,0,0,1,'2007-04-28 15:48:57','2007-07-21 20:54:19',1),(6,4,0,0,1,'2007-05-02 13:01:04','2007-07-21 20:54:19',1),(7,4,0,0,1,'2007-05-02 13:13:41','2007-07-21 20:54:19',1),(8,4,0,0,1,'2007-05-02 15:35:27','2007-07-21 20:54:19',1),(9,4,0,0,1,'2007-05-02 15:39:25','2007-07-21 20:54:19',1),(10,4,0,0,1,'2007-05-02 15:40:52','2007-07-21 20:54:19',1),(11,4,0,0,1,'2007-05-02 15:46:18','2007-07-21 20:54:19',1),(12,4,0,0,1,'2007-05-02 15:49:27','2007-07-21 20:54:19',1),(13,4,0,0,1,'2007-05-02 15:50:54','2007-07-21 20:54:19',1),(14,4,0,0,1,'2007-05-02 15:53:43','2007-07-21 20:54:19',1),(15,4,0,0,1,'2007-05-02 16:02:02','2007-07-21 20:54:19',1),(16,4,0,0,1,'2007-05-02 16:04:41','2007-07-21 20:54:19',1),(17,4,0,0,1,'2007-05-02 16:06:56','2007-07-21 20:54:19',1),(18,4,0,0,1,'2007-05-02 16:10:11','2007-07-21 20:54:19',1),(19,4,0,0,1,'2007-05-02 16:25:32','2007-07-21 20:54:19',1),(20,4,0,0,1,'2007-05-02 16:41:31','2007-07-21 20:54:19',1),(21,4,0,0,1,'2007-05-03 11:55:06','2007-07-21 20:54:19',1);
insert into `sales_order_entity` (`entity_id`,`entity_type_id`,`attribute_set_id`,`parent_id`,`store_id`,`created_at`,`updated_at`,`is_active`) values (22,4,0,0,1,'2007-05-04 00:38:10','2007-07-21 20:54:19',1),(23,4,0,0,1,'2007-05-04 00:47:17','2007-07-21 20:54:19',1),(24,4,0,0,1,'2007-05-04 00:52:13','2007-07-21 20:54:19',1),(25,4,0,0,1,'2007-05-04 14:56:26','2007-07-21 20:54:19',1),(26,4,0,0,1,'2007-05-04 20:19:53','2007-07-21 20:54:19',1),(27,4,0,0,1,'2007-05-05 15:19:03','2007-07-21 20:54:19',1),(28,4,0,0,1,'2007-05-06 23:51:38','2007-07-21 20:54:19',1),(29,4,0,0,1,'2007-05-07 00:15:24','2007-07-21 20:54:19',1),(30,4,0,0,1,'2007-05-07 01:07:15','2007-07-21 20:54:19',1),(31,4,0,0,1,'2007-05-07 01:37:16','2007-07-21 20:54:19',1),(32,4,0,0,1,'2007-05-07 01:41:31','2007-07-21 20:54:19',1),(33,4,0,0,1,'2007-05-07 01:50:26','2007-07-21 20:54:19',1),(34,4,0,0,1,'2007-05-07 02:08:48','2007-07-21 20:54:19',1),(35,4,0,0,1,'2007-05-07 05:23:05','2007-07-21 20:54:19',1),(36,4,0,0,1,'2007-05-07 05:44:23','2007-07-21 20:54:19',1),(37,4,0,0,1,'2007-05-07 06:06:21','2007-07-21 20:54:19',1),(38,4,0,0,1,'2007-05-07 08:37:03','2007-07-21 20:54:19',1),(39,4,0,0,1,'2007-05-07 09:38:56','2007-07-21 20:54:19',1),(40,4,0,0,1,'2007-05-07 10:32:04','2007-07-21 20:54:19',1),(41,4,0,0,1,'2007-05-07 13:50:45','2007-07-21 20:54:19',1),(42,4,0,0,1,'2007-05-15 00:55:57','2007-07-21 20:54:19',1);
insert into `sales_order_entity` (`entity_id`,`entity_type_id`,`attribute_set_id`,`parent_id`,`store_id`,`created_at`,`updated_at`,`is_active`) values (43,6,0,1,1,'2007-04-25 13:23:20','2007-07-21 20:54:20',1),(44,6,0,3,1,'2007-04-25 23:30:42','2007-07-21 20:54:20',1),(45,6,0,4,1,'2007-04-28 15:29:26','2007-07-21 20:54:20',1),(46,6,0,5,1,'2007-04-28 15:48:57','2007-07-21 20:54:20',1),(47,6,0,6,1,'2007-05-02 13:01:04','2007-07-21 20:54:20',1),(48,6,0,7,1,'2007-05-02 13:13:41','2007-07-21 20:54:20',1),(49,6,0,8,1,'2007-05-02 15:35:27','2007-07-21 20:54:20',1),(50,6,0,9,1,'2007-05-02 15:39:25','2007-07-21 20:54:20',1),(51,6,0,10,1,'2007-05-02 15:40:52','2007-07-21 20:54:20',1),(52,6,0,11,1,'2007-05-02 15:46:18','2007-07-21 20:54:20',1),(53,6,0,12,1,'2007-05-02 15:49:27','2007-07-21 20:54:20',1),(54,6,0,13,1,'2007-05-02 15:50:54','2007-07-21 20:54:20',1),(55,6,0,14,1,'2007-05-02 15:53:43','2007-07-21 20:54:20',1),(56,6,0,15,1,'2007-05-02 16:02:02','2007-07-21 20:54:20',1),(57,6,0,16,1,'2007-05-02 16:04:41','2007-07-21 20:54:20',1),(58,6,0,17,1,'2007-05-02 16:06:56','2007-07-21 20:54:20',1),(59,6,0,18,1,'2007-05-02 16:10:11','2007-07-21 20:54:20',1),(60,6,0,19,1,'2007-05-02 16:25:32','2007-07-21 20:54:20',1),(61,6,0,20,1,'2007-05-02 16:41:31','2007-07-21 20:54:20',1),(62,6,0,21,1,'2007-05-03 11:55:06','2007-07-21 20:54:20',1),(63,6,0,23,1,'2007-05-04 00:47:17','2007-07-21 20:54:20',1);
insert into `sales_order_entity` (`entity_id`,`entity_type_id`,`attribute_set_id`,`parent_id`,`store_id`,`created_at`,`updated_at`,`is_active`) values (64,6,0,24,1,'2007-05-04 00:52:13','2007-07-21 20:54:20',1),(65,6,0,25,1,'2007-05-04 14:56:26','2007-07-21 20:54:20',1),(66,6,0,26,1,'2007-05-04 20:19:53','2007-07-21 20:54:20',1),(67,6,0,27,1,'2007-05-05 15:19:03','2007-07-21 20:54:20',1),(68,6,0,28,1,'2007-05-06 23:51:38','2007-07-21 20:54:20',1),(69,6,0,29,1,'2007-05-07 00:15:24','2007-07-21 20:54:20',1),(70,6,0,30,1,'2007-05-07 01:07:15','2007-07-21 20:54:20',1),(71,6,0,31,1,'2007-05-07 01:37:16','2007-07-21 20:54:20',1),(72,6,0,32,1,'2007-05-07 01:41:31','2007-07-21 20:54:20',1),(73,6,0,33,1,'2007-05-07 01:50:26','2007-07-21 20:54:20',1),(74,6,0,34,1,'2007-05-07 02:08:48','2007-07-21 20:54:20',1),(75,6,0,36,1,'2007-05-07 05:44:23','2007-07-21 20:54:20',1),(76,6,0,37,1,'2007-05-07 06:06:21','2007-07-21 20:54:20',1),(77,6,0,38,1,'2007-05-07 08:37:03','2007-07-21 20:54:20',1),(78,6,0,39,1,'2007-05-07 09:38:56','2007-07-21 20:54:20',1),(79,6,0,40,1,'2007-05-07 10:32:04','2007-07-21 20:54:20',1),(80,6,0,41,1,'2007-05-07 13:50:45','2007-07-21 20:54:20',1),(81,6,0,42,1,'2007-05-15 00:55:57','2007-07-21 20:54:20',1),(82,7,0,1,1,'2007-04-25 13:23:20','2007-07-21 20:54:21',1),(83,7,0,2,1,'2007-04-25 14:22:16','2007-07-21 20:54:21',1),(84,7,0,3,1,'2007-04-25 23:30:42','2007-07-21 20:54:21',1);
insert into `sales_order_entity` (`entity_id`,`entity_type_id`,`attribute_set_id`,`parent_id`,`store_id`,`created_at`,`updated_at`,`is_active`) values (85,7,0,4,1,'2007-04-28 15:29:26','2007-07-21 20:54:21',1),(86,7,0,5,1,'2007-04-28 15:48:57','2007-07-21 20:54:21',1),(87,7,0,6,1,'2007-05-02 13:01:04','2007-07-21 20:54:21',1),(88,7,0,7,1,'2007-05-02 13:13:41','2007-07-21 20:54:21',1),(89,7,0,8,1,'2007-05-02 15:35:27','2007-07-21 20:54:21',1),(90,7,0,9,1,'2007-05-02 15:39:25','2007-07-21 20:54:21',1),(91,7,0,10,1,'2007-05-02 15:40:52','2007-07-21 20:54:21',1),(92,7,0,11,1,'2007-05-02 15:46:18','2007-07-21 20:54:21',1),(93,7,0,12,1,'2007-05-02 15:49:27','2007-07-21 20:54:21',1),(94,7,0,13,1,'2007-05-02 15:50:54','2007-07-21 20:54:21',1),(95,7,0,14,1,'2007-05-02 15:53:43','2007-07-21 20:54:21',1),(96,7,0,15,1,'2007-05-02 16:02:02','2007-07-21 20:54:21',1),(97,7,0,16,1,'2007-05-02 16:04:41','2007-07-21 20:54:21',1),(98,7,0,17,1,'2007-05-02 16:06:56','2007-07-21 20:54:21',1),(99,7,0,18,1,'2007-05-02 16:10:11','2007-07-21 20:54:21',1),(100,7,0,19,1,'2007-05-02 16:25:32','2007-07-21 20:54:21',1),(101,7,0,20,1,'2007-05-02 16:41:31','2007-07-21 20:54:21',1),(102,7,0,21,1,'2007-05-03 11:55:06','2007-07-21 20:54:21',1),(103,7,0,22,1,'2007-05-04 00:38:10','2007-07-21 20:54:21',1),(104,7,0,23,1,'2007-05-04 00:47:17','2007-07-21 20:54:21',1),(105,7,0,24,1,'2007-05-04 00:52:13','2007-07-21 20:54:21',1);
insert into `sales_order_entity` (`entity_id`,`entity_type_id`,`attribute_set_id`,`parent_id`,`store_id`,`created_at`,`updated_at`,`is_active`) values (106,7,0,25,1,'2007-05-04 14:56:26','2007-07-21 20:54:21',1),(107,7,0,26,1,'2007-05-04 20:19:53','2007-07-21 20:54:21',1),(108,7,0,27,1,'2007-05-05 15:19:03','2007-07-21 20:54:21',1),(109,7,0,28,1,'2007-05-06 23:51:38','2007-07-21 20:54:21',1),(110,7,0,29,1,'2007-05-07 00:15:24','2007-07-21 20:54:21',1),(111,7,0,30,1,'2007-05-07 01:07:15','2007-07-21 20:54:21',1),(112,7,0,31,1,'2007-05-07 01:37:16','2007-07-21 20:54:21',1),(113,7,0,32,1,'2007-05-07 01:41:31','2007-07-21 20:54:21',1),(114,7,0,33,1,'2007-05-07 01:50:26','2007-07-21 20:54:21',1),(115,7,0,34,1,'2007-05-07 02:08:48','2007-07-21 20:54:21',1),(116,7,0,35,1,'2007-05-07 05:23:05','2007-07-21 20:54:21',1),(117,7,0,36,1,'2007-05-07 05:44:23','2007-07-21 20:54:21',1),(118,7,0,37,1,'2007-05-07 06:06:21','2007-07-21 20:54:21',1),(119,7,0,38,1,'2007-05-07 08:37:03','2007-07-21 20:54:21',1),(120,7,0,41,1,'2007-05-07 13:50:45','2007-07-21 20:54:21',1),(121,8,0,6,1,'2007-05-02 13:01:04','2007-07-21 20:54:22',1),(122,8,0,7,1,'2007-05-02 13:13:41','2007-07-21 20:54:22',1),(123,8,0,8,1,'2007-05-02 15:35:27','2007-07-21 20:54:22',1),(124,8,0,9,1,'2007-05-02 15:39:25','2007-07-21 20:54:22',1),(125,8,0,10,1,'2007-05-02 15:40:52','2007-07-21 20:54:22',1),(126,8,0,11,1,'2007-05-02 15:46:18','2007-07-21 20:54:22',1);
insert into `sales_order_entity` (`entity_id`,`entity_type_id`,`attribute_set_id`,`parent_id`,`store_id`,`created_at`,`updated_at`,`is_active`) values (127,8,0,12,1,'2007-05-02 15:49:27','2007-07-21 20:54:22',1),(128,8,0,13,1,'2007-05-02 15:50:54','2007-07-21 20:54:22',1),(129,8,0,14,1,'2007-05-02 15:53:43','2007-07-21 20:54:22',1),(130,8,0,15,1,'2007-05-02 16:02:02','2007-07-21 20:54:22',1),(131,8,0,16,1,'2007-05-02 16:04:41','2007-07-21 20:54:22',1),(132,8,0,17,1,'2007-05-02 16:06:56','2007-07-21 20:54:22',1),(133,8,0,18,1,'2007-05-02 16:10:11','2007-07-21 20:54:22',1),(134,8,0,19,1,'2007-05-02 16:25:32','2007-07-21 20:54:22',1),(135,8,0,20,1,'2007-05-02 16:41:31','2007-07-21 20:54:22',1),(136,8,0,21,1,'2007-05-03 11:55:06','2007-07-21 20:54:22',1),(137,8,0,27,1,'2007-05-05 15:19:03','2007-07-21 20:54:22',1),(138,8,0,28,1,'2007-05-06 23:51:38','2007-07-21 20:54:22',1),(139,8,0,29,1,'2007-05-07 00:15:24','2007-07-21 20:54:22',1),(140,8,0,30,1,'2007-05-07 01:07:15','2007-07-21 20:54:22',1),(141,8,0,31,1,'2007-05-07 01:37:16','2007-07-21 20:54:22',1),(142,8,0,32,1,'2007-05-07 01:41:31','2007-07-21 20:54:22',1),(143,8,0,33,1,'2007-05-07 01:50:26','2007-07-21 20:54:22',1),(144,8,0,34,1,'2007-05-07 02:08:48','2007-07-21 20:54:22',1),(145,8,0,41,1,'2007-05-07 13:50:45','2007-07-21 20:54:22',1),(146,5,0,7,1,'2007-05-02 13:13:41','2007-07-21 20:54:22',1),(147,5,0,8,1,'2007-05-02 15:35:27','2007-07-21 20:54:22',1);
insert into `sales_order_entity` (`entity_id`,`entity_type_id`,`attribute_set_id`,`parent_id`,`store_id`,`created_at`,`updated_at`,`is_active`) values (148,5,0,9,1,'2007-05-02 15:39:25','2007-07-21 20:54:22',1),(149,5,0,10,1,'2007-05-02 15:40:52','2007-07-21 20:54:22',1),(150,5,0,11,1,'2007-05-02 15:46:18','2007-07-21 20:54:22',1),(151,5,0,12,1,'2007-05-02 15:49:27','2007-07-21 20:54:22',1),(152,5,0,13,1,'2007-05-02 15:50:54','2007-07-21 20:54:22',1),(153,5,0,14,1,'2007-05-02 15:53:43','2007-07-21 20:54:22',1),(154,5,0,15,1,'2007-05-02 16:02:02','2007-07-21 20:54:22',1),(155,5,0,16,1,'2007-05-02 16:04:41','2007-07-21 20:54:22',1),(156,5,0,17,1,'2007-05-02 16:06:56','2007-07-21 20:54:22',1),(157,5,0,18,1,'2007-05-02 16:10:11','2007-07-21 20:54:22',1),(158,5,0,19,1,'2007-05-02 16:25:32','2007-07-21 20:54:22',1),(159,5,0,20,1,'2007-05-02 16:41:31','2007-07-21 20:54:22',1),(160,5,0,21,1,'2007-05-03 11:55:06','2007-07-21 20:54:22',1),(161,5,0,22,1,'2007-05-04 00:38:10','2007-07-21 20:54:22',1),(162,5,0,23,1,'2007-05-04 00:47:17','2007-07-21 20:54:22',1),(163,5,0,24,1,'2007-05-04 00:52:13','2007-07-21 20:54:22',1),(164,5,0,25,1,'2007-05-04 14:56:26','2007-07-21 20:54:22',1),(165,5,0,26,1,'2007-05-04 20:19:53','2007-07-21 20:54:22',1),(166,5,0,27,1,'2007-05-05 15:19:03','2007-07-21 20:54:22',1),(167,5,0,28,1,'2007-05-06 23:51:38','2007-07-21 20:54:22',1);
insert into `sales_order_entity` (`entity_id`,`entity_type_id`,`attribute_set_id`,`parent_id`,`store_id`,`created_at`,`updated_at`,`is_active`) values (168,5,0,29,1,'2007-05-07 00:15:24','2007-07-21 20:54:22',1),(169,5,0,30,1,'2007-05-07 01:07:15','2007-07-21 20:54:22',1),(170,5,0,31,1,'2007-05-07 01:37:16','2007-07-21 20:54:22',1),(171,5,0,32,1,'2007-05-07 01:41:31','2007-07-21 20:54:22',1),(172,5,0,33,1,'2007-05-07 01:50:26','2007-07-21 20:54:22',1),(173,5,0,34,1,'2007-05-07 02:08:48','2007-07-21 20:54:22',1),(174,5,0,35,1,'2007-05-07 05:23:05','2007-07-21 20:54:22',1),(175,5,0,36,1,'2007-05-07 05:44:23','2007-07-21 20:54:22',1),(176,5,0,37,1,'2007-05-07 06:06:21','2007-07-21 20:54:22',1),(177,5,0,38,1,'2007-05-07 08:37:03','2007-07-21 20:54:22',1),(178,5,0,39,1,'2007-05-07 09:38:56','2007-07-21 20:54:22',1),(179,5,0,40,1,'2007-05-07 10:32:04','2007-07-21 20:54:22',1),(180,5,0,41,1,'2007-05-07 13:50:45','2007-07-21 20:54:22',1),(181,5,0,42,1,'2007-05-15 00:55:57','2007-07-21 20:54:22',1);

/*Table structure for table `sales_order_entity_datetime` */

DROP TABLE IF EXISTS `sales_order_entity_datetime`;

CREATE TABLE `sales_order_entity_datetime` (
  `value_id` int(11) NOT NULL auto_increment,
  `entity_type_id` mediumint(8) unsigned NOT NULL default '0',
  `attribute_id` smallint(5) unsigned NOT NULL default '0',
  `store_id` smallint(5) unsigned NOT NULL default '0',
  `entity_id` int(10) unsigned NOT NULL default '0',
  `value` datetime NOT NULL default '0000-00-00 00:00:00',
  PRIMARY KEY  (`value_id`),
  KEY `FK_ATTRIBUTE_DATETIME_ENTITY_TYPE` (`entity_type_id`),
  KEY `FK_ATTRIBUTE_DATETIME_ATTRIBUTE` (`attribute_id`),
  KEY `FK_ATTRIBUTE_DATETIME_STORE` (`store_id`),
  KEY `FK_ATTRIBUTE_DATETIME_ENTITY` (`entity_id`)
) ENGINE=InnoDB DEFAULT CHARSET=utf8;

/*Data for the table `sales_order_entity_datetime` */

/*Table structure for table `sales_order_entity_decimal` */

DROP TABLE IF EXISTS `sales_order_entity_decimal`;

CREATE TABLE `sales_order_entity_decimal` (
  `value_id` int(11) NOT NULL auto_increment,
  `entity_type_id` mediumint(8) unsigned NOT NULL default '0',
  `attribute_id` smallint(5) unsigned NOT NULL default '0',
  `store_id` smallint(5) unsigned NOT NULL default '0',
  `entity_id` int(10) unsigned NOT NULL default '0',
  `value` decimal(12,4) NOT NULL default '0.0000',
  PRIMARY KEY  (`value_id`),
  KEY `FK_ATTRIBUTE_DECIMAL_ENTITY_TYPE` (`entity_type_id`),
  KEY `FK_ATTRIBUTE_DECIMAL_ATTRIBUTE` (`attribute_id`),
  KEY `FK_ATTRIBUTE_DECIMAL_STORE` (`store_id`),
  KEY `FK_ATTRIBUTE_DECIMAL_ENTITY` (`entity_id`)
) ENGINE=InnoDB DEFAULT CHARSET=utf8;

/*Data for the table `sales_order_entity_decimal` */

insert into `sales_order_entity_decimal` (`value_id`,`entity_type_id`,`attribute_id`,`store_id`,`entity_id`,`value`) values (1,4,198,1,1,86.0000),(2,4,196,1,1,59.0000),(3,4,197,1,1,8.2500),(4,4,200,1,1,7.0950),(5,4,194,1,1,64.4950),(6,4,203,1,1,10.0000),(7,4,201,1,1,20.0900),(8,4,199,1,1,8.6000),(9,4,202,1,1,20.0000),(10,4,196,1,1,59.0000),(11,4,197,1,1,8.2500),(12,4,200,1,1,7.0950),(13,4,199,1,1,8.6000),(14,4,203,1,2,10.0000),(15,4,199,1,2,9.7000),(16,4,194,1,2,76.0725),(17,4,201,1,2,10.7700),(18,4,198,1,2,97.0000),(19,4,200,1,2,8.0025),(20,4,197,1,2,8.2500),(21,4,196,1,2,13.0000),(22,4,202,1,2,20.0000),(23,4,199,1,2,9.7000),(24,4,200,1,2,8.0025),(25,4,197,1,2,8.2500),(26,4,196,1,2,13.0000),(27,4,198,1,3,93.0000),(28,4,196,1,3,42.0000),(29,4,197,1,3,8.2500),(30,4,200,1,3,7.6725),(31,4,194,1,3,78.6925),(32,4,203,1,3,10.0000),(33,4,199,1,3,9.3000),(34,4,202,1,3,20.0000),(35,4,201,1,3,17.3200),(36,4,196,1,3,42.0000),(37,4,197,1,3,8.2500),(38,4,200,1,3,7.6725),(39,4,199,1,3,9.3000),(40,4,203,1,4,10.0000),(41,4,199,1,4,15.9000),(42,4,202,1,4,20.0000),(43,4,194,1,4,126.2175),(44,4,198,1,4,159.0000),(45,4,200,1,4,13.1175),(46,4,197,1,4,8.2500),(47,4,196,1,4,92.0000),(48,4,201,1,4,46.5500),(49,4,199,1,4,7.3000),(50,4,200,1,4,6.0225),(51,4,197,1,4,8.2500),(52,4,196,1,4,33.0000),(53,4,199,1,4,8.6000),(54,4,200,1,4,7.0950),(55,4,197,1,4,8.2500),(56,4,196,1,4,59.0000),(57,4,203,1,5,10.0000);
insert into `sales_order_entity_decimal` (`value_id`,`entity_type_id`,`attribute_id`,`store_id`,`entity_id`,`value`) values (58,4,199,1,5,18.0000),(59,4,202,1,5,20.0000),(60,4,194,1,5,146.8500),(61,4,201,1,5,20.0000),(62,4,198,1,5,180.0000),(63,4,200,1,5,14.8500),(64,4,197,1,5,8.2500),(65,4,196,1,5,235.0000),(66,4,199,1,5,11.6000),(67,4,200,1,5,9.5700),(68,4,197,1,5,8.2500),(69,4,196,1,5,77.0000),(70,4,199,1,5,6.4000),(71,4,200,1,5,5.2800),(72,4,197,1,5,8.2500),(73,4,196,1,5,81.0000),(74,4,203,1,6,10.0000),(75,4,199,1,6,24.1000),(76,4,202,1,6,20.0000),(77,4,194,1,6,226.7825),(78,4,201,1,6,20.0000),(79,4,198,1,6,241.0000),(80,4,200,1,6,19.8825),(81,4,197,1,6,8.2500),(82,4,196,1,6,240.0000),(83,4,199,1,6,6.6000),(84,4,200,1,6,5.4450),(85,4,197,1,6,8.2500),(86,4,196,1,6,10.0000),(87,4,199,1,6,1.8000),(88,4,200,1,6,1.4850),(89,4,197,1,6,8.2500),(90,4,196,1,6,66.0000),(91,4,199,1,6,7.7000),(92,4,200,1,6,6.3525),(93,4,197,1,6,8.2500),(94,4,196,1,6,5.0000),(95,4,199,1,6,4.1000),(96,4,200,1,6,3.3825),(97,4,197,1,6,8.2500),(98,4,196,1,6,76.0000),(99,4,199,1,6,3.2000),(100,4,200,1,6,2.6400),(101,4,197,1,6,8.2500),(102,4,196,1,6,53.0000),(103,4,199,1,6,0.7000),(104,4,200,1,6,0.5775),(105,4,197,1,6,8.2500),(106,4,196,1,6,30.0000),(107,4,203,1,7,10.0000),(108,4,199,1,7,24.1000),(109,4,202,1,7,20.0000),(110,4,194,1,7,226.7825),(111,4,201,1,7,20.0000),(112,4,198,1,7,241.0000),(113,4,200,1,7,19.8825),(114,4,197,1,7,8.2500);
insert into `sales_order_entity_decimal` (`value_id`,`entity_type_id`,`attribute_id`,`store_id`,`entity_id`,`value`) values (115,4,196,1,7,240.0000),(116,4,199,1,7,6.6000),(117,4,200,1,7,5.4450),(118,4,197,1,7,8.2500),(119,4,196,1,7,10.0000),(120,4,199,1,7,1.8000),(121,4,200,1,7,1.4850),(122,4,197,1,7,8.2500),(123,4,196,1,7,66.0000),(124,4,199,1,7,7.7000),(125,4,200,1,7,6.3525),(126,4,197,1,7,8.2500),(127,4,196,1,7,5.0000),(128,4,199,1,7,4.1000),(129,4,200,1,7,3.3825),(130,4,197,1,7,8.2500),(131,4,196,1,7,76.0000),(132,4,199,1,7,3.2000),(133,4,200,1,7,2.6400),(134,4,197,1,7,8.2500),(135,4,196,1,7,53.0000),(136,4,199,1,7,0.7000),(137,4,200,1,7,0.5775),(138,4,197,1,7,8.2500),(139,4,196,1,7,30.0000),(140,4,203,1,8,10.0000),(141,4,194,1,8,47.3725),(142,4,198,1,8,53.0000),(143,4,200,1,8,4.3725),(144,4,197,1,8,8.2500),(145,4,196,1,8,73.0000),(146,4,201,1,8,25.0800),(147,4,200,1,8,4.3725),(148,4,197,1,8,8.2500),(149,4,196,1,8,73.0000),(150,4,203,1,9,10.0000),(151,4,194,1,9,47.3725),(152,4,201,1,9,25.0800),(153,4,198,1,9,53.0000),(154,4,200,1,9,4.3725),(155,4,197,1,9,8.2500),(156,4,196,1,9,73.0000),(157,4,200,1,9,4.3725),(158,4,197,1,9,8.2500),(159,4,196,1,9,73.0000),(160,4,203,1,10,10.0000),(161,4,194,1,10,47.3725),(162,4,198,1,10,53.0000),(163,4,200,1,10,4.3725),(164,4,197,1,10,8.2500),(165,4,196,1,10,73.0000),(166,4,201,1,10,25.0800),(167,4,200,1,10,4.3725),(168,4,197,1,10,8.2500);
insert into `sales_order_entity_decimal` (`value_id`,`entity_type_id`,`attribute_id`,`store_id`,`entity_id`,`value`) values (169,4,196,1,10,73.0000),(170,4,203,1,11,10.0000),(171,4,194,1,11,47.3725),(172,4,201,1,11,25.0800),(173,4,198,1,11,53.0000),(174,4,200,1,11,4.3725),(175,4,197,1,11,8.2500),(176,4,196,1,11,73.0000),(177,4,200,1,11,4.3725),(178,4,197,1,11,8.2500),(179,4,196,1,11,73.0000),(180,4,198,1,12,53.0000),(181,4,194,1,12,47.3725),(182,4,197,1,12,8.2500),(183,4,200,1,12,4.3725),(184,4,196,1,12,73.0000),(185,4,203,1,12,10.0000),(186,4,201,1,12,25.0800),(187,4,196,1,12,73.0000),(188,4,197,1,12,8.2500),(189,4,200,1,12,4.3725),(190,4,198,1,13,92.0000),(191,4,194,1,13,89.5900),(192,4,197,1,13,8.2500),(193,4,200,1,13,7.5900),(194,4,196,1,13,79.0000),(195,4,203,1,13,10.0000),(196,4,201,1,13,31.6100),(197,4,196,1,13,79.0000),(198,4,197,1,13,8.2500),(199,4,200,1,13,7.5900),(200,4,203,1,14,10.0000),(201,4,194,1,14,47.3725),(202,4,201,1,14,25.0800),(203,4,198,1,14,53.0000),(204,4,200,1,14,4.3725),(205,4,197,1,14,8.2500),(206,4,196,1,14,73.0000),(207,4,200,1,14,4.3725),(208,4,197,1,14,8.2500),(209,4,196,1,14,73.0000),(210,4,198,1,15,53.0000),(211,4,194,1,15,47.3725),(212,4,197,1,15,8.2500),(213,4,200,1,15,4.3725),(214,4,196,1,15,73.0000),(215,4,203,1,15,10.0000),(216,4,201,1,15,25.0800),(217,4,196,1,15,73.0000),(218,4,197,1,15,8.2500),(219,4,200,1,15,4.3725),(220,4,198,1,16,27.0000);
insert into `sales_order_entity_decimal` (`value_id`,`entity_type_id`,`attribute_id`,`store_id`,`entity_id`,`value`) values (221,4,194,1,16,19.2275),(222,4,197,1,16,8.2500),(223,4,200,1,16,2.2275),(224,4,196,1,16,83.0000),(225,4,203,1,16,10.0000),(226,4,201,1,16,36.0300),(227,4,196,1,16,83.0000),(228,4,197,1,16,8.2500),(229,4,200,1,16,2.2275),(230,4,198,1,17,92.0000),(231,4,194,1,17,89.5900),(232,4,197,1,17,8.2500),(233,4,200,1,17,7.5900),(234,4,196,1,17,79.0000),(235,4,203,1,17,10.0000),(236,4,201,1,17,31.6100),(237,4,196,1,17,79.0000),(238,4,197,1,17,8.2500),(239,4,200,1,17,7.5900),(240,4,203,1,18,10.0000),(241,4,194,1,18,89.5900),(242,4,198,1,18,92.0000),(243,4,200,1,18,7.5900),(244,4,197,1,18,8.2500),(245,4,196,1,18,84.0000),(246,4,201,1,18,37.1800),(247,4,200,1,18,7.5900),(248,4,197,1,18,8.2500),(249,4,196,1,18,84.0000),(250,4,203,1,19,10.0000),(251,4,194,1,19,47.3725),(252,4,198,1,19,53.0000),(253,4,200,1,19,4.3725),(254,4,197,1,19,8.2500),(255,4,196,1,19,73.0000),(256,4,201,1,19,25.0800),(257,4,200,1,19,4.3725),(258,4,197,1,19,8.2500),(259,4,196,1,19,73.0000),(260,4,203,1,20,10.0000),(261,4,194,1,20,89.5900),(262,4,198,1,20,92.0000),(263,4,200,1,20,7.5900),(264,4,197,1,20,8.2500),(265,4,196,1,20,79.0000),(266,4,201,1,20,31.6100),(267,4,200,1,20,7.5900),(268,4,197,1,20,8.2500),(269,4,196,1,20,79.0000),(270,4,203,1,21,10.0000),(271,4,194,1,21,245.5200),(272,4,201,1,21,79.8600);
insert into `sales_order_entity_decimal` (`value_id`,`entity_type_id`,`attribute_id`,`store_id`,`entity_id`,`value`) values (273,4,198,1,21,164.0000),(274,4,200,1,21,13.5300),(275,4,197,1,21,8.2500),(276,4,196,1,21,81.0000),(277,4,200,1,21,7.5900),(278,4,197,1,21,8.2500),(279,4,196,1,21,79.0000),(280,4,200,1,21,5.9400),(281,4,197,1,21,8.2500),(282,4,196,1,21,2.0000),(283,4,203,1,22,10.0000),(284,4,194,1,22,60.3625),(285,4,201,1,22,8.7900),(286,4,198,1,22,65.0000),(287,4,200,1,22,5.3625),(288,4,197,1,22,8.2500),(289,4,196,1,22,6.0000),(290,4,200,1,22,5.3625),(291,4,197,1,22,8.2500),(292,4,196,1,22,6.0000),(293,4,203,1,23,10.0000),(294,4,194,1,23,134.1025),(295,4,201,1,23,8.7900),(296,4,198,1,23,125.0000),(297,4,200,1,23,10.3125),(298,4,197,1,23,8.2500),(299,4,196,1,23,90.0000),(300,4,200,1,23,5.3625),(301,4,197,1,23,8.2500),(302,4,196,1,23,6.0000),(303,4,200,1,23,4.9500),(304,4,197,1,23,8.2500),(305,4,196,1,23,84.0000),(306,4,203,1,24,10.0000),(307,4,194,1,24,11.6500),(308,4,198,1,24,20.0000),(309,4,200,1,24,1.6500),(310,4,197,1,24,8.2500),(311,4,196,1,24,10.0000),(312,4,201,1,24,9.9800),(313,4,200,1,24,1.6500),(314,4,197,1,24,8.2500),(315,4,196,1,24,10.0000),(316,4,203,1,25,10.0000),(317,4,194,1,25,511.5200),(318,4,201,1,25,33.7800),(319,4,198,1,25,408.0000),(320,4,200,1,25,33.6600),(321,4,197,1,25,8.2500),(322,4,196,1,25,323.0000),(323,4,200,1,25,22.7700),(324,4,197,1,25,8.2500);
insert into `sales_order_entity_decimal` (`value_id`,`entity_type_id`,`attribute_id`,`store_id`,`entity_id`,`value`) values (325,4,196,1,25,79.0000),(326,4,200,1,25,5.9400),(327,4,197,1,25,8.2500),(328,4,196,1,25,2.0000),(329,4,200,1,25,4.9500),(330,4,197,1,25,8.2500),(331,4,196,1,25,84.0000),(332,4,198,1,26,44.0000),(333,4,194,1,26,37.6300),(334,4,197,1,26,8.2500),(335,4,200,1,26,3.6300),(336,4,196,1,26,85.0000),(337,4,203,1,26,10.0000),(338,4,201,1,26,139.1500),(339,4,196,1,26,85.0000),(340,4,197,1,26,8.2500),(341,4,200,1,26,3.6300),(342,4,194,1,27,102.1300),(343,4,201,1,27,37.1800),(344,4,198,1,27,60.0000),(345,4,200,1,27,4.9500),(346,4,197,1,27,8.2500),(347,4,196,1,27,84.0000),(348,4,200,1,27,4.9500),(349,4,197,1,27,8.2500),(350,4,196,1,27,84.0000),(351,4,194,1,28,424.5975),(352,4,201,1,28,20.0000),(353,4,198,1,28,383.0000),(354,4,200,1,28,31.5975),(355,4,197,1,28,8.2500),(356,4,196,1,28,414.0000),(357,4,203,1,28,10.0000),(358,4,200,1,28,1.6500),(359,4,197,1,28,8.2500),(360,4,196,1,28,10.0000),(361,4,200,1,28,2.2275),(362,4,197,1,28,8.2500),(363,4,196,1,28,83.0000),(364,4,200,1,28,4.9500),(365,4,197,1,28,8.2500),(366,4,196,1,28,84.0000),(367,4,200,1,28,22.7700),(368,4,197,1,28,8.2500),(369,4,196,1,28,79.0000),(370,4,203,1,29,10.0000),(371,4,194,1,29,54.9500),(372,4,201,1,29,11.3700),(373,4,198,1,29,60.0000),(374,4,200,1,29,4.9500),(375,4,197,1,29,8.2500),(376,4,196,1,29,17.0000);
insert into `sales_order_entity_decimal` (`value_id`,`entity_type_id`,`attribute_id`,`store_id`,`entity_id`,`value`) values (377,4,200,1,29,4.9500),(378,4,197,1,29,8.2500),(379,4,196,1,29,17.0000),(380,4,198,1,30,80.0000),(381,4,194,1,30,76.6000),(382,4,197,1,30,8.2500),(383,4,200,1,30,6.6000),(384,4,196,1,30,156.0000),(385,4,203,1,30,10.0000),(386,4,196,1,30,83.0000),(387,4,197,1,30,8.2500),(388,4,200,1,30,2.2275),(389,4,196,1,30,73.0000),(390,4,197,1,30,8.2500),(391,4,200,1,30,4.3725),(392,4,203,1,31,10.0000),(393,4,194,1,31,309.3375),(394,4,198,1,31,295.0000),(395,4,200,1,31,24.3375),(396,4,197,1,31,8.2500),(397,4,196,1,31,243.0000),(398,4,200,1,31,6.7650),(399,4,197,1,31,8.2500),(400,4,196,1,31,76.0000),(401,4,200,1,31,15.3450),(402,4,197,1,31,8.2500),(403,4,196,1,31,4.0000),(404,4,200,1,31,2.2275),(405,4,197,1,31,8.2500),(406,4,196,1,31,83.0000),(407,4,203,1,32,10.0000),(408,4,194,1,32,-0.2575),(409,4,201,1,32,66.0000),(410,4,198,1,32,9.0000),(411,4,200,1,32,0.7425),(412,4,197,1,32,8.2500),(413,4,196,1,32,46.0000),(414,4,200,1,32,0.7425),(415,4,197,1,32,8.2500),(416,4,196,1,32,46.0000),(417,4,203,1,33,10.0000),(418,4,194,1,33,271.4500),(419,4,198,1,33,260.0000),(420,4,200,1,33,21.4500),(421,4,197,1,33,8.2500),(422,4,196,1,33,251.0000),(423,4,200,1,33,6.2700),(424,4,197,1,33,8.2500),(425,4,196,1,33,88.0000),(426,4,200,1,33,7.5900),(427,4,197,1,33,8.2500),(428,4,196,1,33,79.0000);
insert into `sales_order_entity_decimal` (`value_id`,`entity_type_id`,`attribute_id`,`store_id`,`entity_id`,`value`) values (429,4,200,1,33,7.5900),(430,4,197,1,33,8.2500),(431,4,196,1,33,84.0000),(432,4,198,1,34,133.0000),(433,4,194,1,34,133.9725),(434,4,197,1,34,8.2500),(435,4,200,1,34,10.9725),(436,4,196,1,34,229.0000),(437,4,203,1,34,10.0000),(438,4,196,1,34,83.0000),(439,4,197,1,34,8.2500),(440,4,200,1,34,2.2275),(441,4,196,1,34,73.0000),(442,4,197,1,34,8.2500),(443,4,200,1,34,8.7450),(444,4,194,1,35,64.9500),(445,4,201,1,35,170.0500),(446,4,198,1,35,60.0000),(447,4,200,1,35,4.9500),(448,4,197,1,35,8.2500),(449,4,196,1,35,84.0000),(450,4,200,1,35,4.9500),(451,4,197,1,35,8.2500),(452,4,196,1,35,84.0000),(453,4,203,1,36,10.0000),(454,4,194,1,36,568.0550),(455,4,198,1,36,534.0000),(456,4,200,1,36,44.0550),(457,4,197,1,36,8.2500),(458,4,196,1,36,391.0000),(459,4,200,1,36,6.7650),(460,4,197,1,36,8.2500),(461,4,196,1,36,76.0000),(462,4,200,1,36,15.3450),(463,4,197,1,36,8.2500),(464,4,196,1,36,4.0000),(465,4,200,1,36,2.2275),(466,4,197,1,36,8.2500),(467,4,196,1,36,83.0000),(468,4,200,1,36,7.0125),(469,4,197,1,36,8.2500),(470,4,196,1,36,47.0000),(471,4,200,1,36,2.9700),(472,4,197,1,36,8.2500),(473,4,196,1,36,22.0000),(474,4,200,1,36,4.3725),(475,4,197,1,36,8.2500),(476,4,196,1,36,73.0000),(477,4,196,1,36,6.0000),(478,4,197,1,36,8.2500),(479,4,200,1,36,5.3625),(480,4,203,1,37,10.0000);
insert into `sales_order_entity_decimal` (`value_id`,`entity_type_id`,`attribute_id`,`store_id`,`entity_id`,`value`) values (481,4,194,1,37,162.1175),(482,4,198,1,37,159.0000),(483,4,200,1,37,13.1175),(484,4,197,1,37,8.2500),(485,4,196,1,37,219.0000),(486,4,200,1,37,13.1175),(487,4,197,1,37,8.2500),(488,4,196,1,37,73.0000),(489,4,198,1,38,205.9500),(490,4,194,1,38,222.9409),(491,4,197,1,38,8.2500),(492,4,200,1,38,16.9909),(493,4,196,1,38,146.0000),(494,4,201,1,38,215.9000),(495,4,196,1,38,73.0000),(496,4,197,1,38,8.2500),(497,4,200,1,38,8.7450),(498,4,196,1,38,0.0000),(499,4,197,1,38,8.2500),(500,4,200,1,38,8.2459),(501,4,194,1,39,108.1959),(502,4,201,1,39,10.0000),(503,4,198,1,39,99.9500),(504,4,200,1,39,8.2459),(505,4,197,1,39,8.2500),(506,4,199,1,39,9.9950),(507,4,200,1,39,8.2459),(508,4,197,1,39,8.2500),(509,4,196,1,39,0.0000),(510,4,194,1,40,167.4627),(511,4,198,1,40,154.7000),(512,4,200,1,40,12.7628),(513,4,197,1,40,8.2500),(514,4,196,1,40,4.5000),(515,4,201,1,40,28.6400),(516,4,200,1,40,4.9459),(517,4,197,1,40,8.2500),(518,4,196,1,40,1.0000),(519,4,197,1,40,8.2500),(520,4,196,1,40,0.5000),(521,4,200,1,40,0.4084),(522,4,197,1,40,8.2500),(523,4,196,1,40,1.0000),(524,4,200,1,40,3.7084),(525,4,197,1,40,8.2500),(526,4,196,1,40,2.0000),(527,4,200,1,40,3.7001),(528,4,197,1,40,8.2500),(529,4,196,1,40,0.0000),(530,4,194,1,41,97.3384),(531,4,201,1,41,109.8900),(532,4,198,1,41,28.9500);
insert into `sales_order_entity_decimal` (`value_id`,`entity_type_id`,`attribute_id`,`store_id`,`entity_id`,`value`) values (533,4,200,1,41,2.3884),(534,4,197,1,41,8.2500),(535,4,196,1,41,48.0000),(536,4,200,1,41,0.7425),(537,4,197,1,41,8.2500),(538,4,196,1,41,46.0000),(539,4,200,1,41,1.6459),(540,4,197,1,41,8.2500),(541,4,196,1,41,2.0000),(542,4,198,1,42,4.9500),(543,4,194,1,42,5.3584),(544,4,197,1,42,8.2500),(545,4,200,1,42,0.4084),(546,4,196,1,42,1.0000),(547,4,201,1,42,46.0100),(548,4,196,1,42,1.0000),(549,4,197,1,42,8.2500),(550,4,200,1,42,0.4084),(551,7,234,1,82,59.0000),(552,7,245,1,82,8.2500),(553,7,246,1,82,7.0950),(554,7,244,1,82,8.6000),(555,7,240,1,82,86.0000),(556,7,234,1,82,59.0000),(557,7,247,1,82,86.0000),(558,7,248,1,82,59.0000),(559,7,245,1,82,8.2500),(560,7,246,1,82,7.0950),(561,7,243,1,82,10.0000),(562,7,244,1,82,8.6000),(563,7,244,1,83,9.7000),(564,7,246,1,83,8.0025),(565,7,245,1,83,8.2500),(566,7,234,1,83,13.0000),(567,7,244,1,83,9.7000),(568,7,243,1,83,10.0000),(569,7,240,1,83,97.0000),(570,7,247,1,83,97.0000),(571,7,248,1,83,13.0000),(572,7,246,1,83,8.0025),(573,7,245,1,83,8.2500),(574,7,234,1,83,13.0000),(575,7,234,1,84,42.0000),(576,7,245,1,84,8.2500),(577,7,246,1,84,7.6725),(578,7,244,1,84,9.3000),(579,7,240,1,84,93.0000),(580,7,234,1,84,42.0000),(581,7,247,1,84,93.0000),(582,7,248,1,84,42.0000),(583,7,245,1,84,8.2500),(584,7,246,1,84,7.6725);
insert into `sales_order_entity_decimal` (`value_id`,`entity_type_id`,`attribute_id`,`store_id`,`entity_id`,`value`) values (585,7,243,1,84,10.0000),(586,7,244,1,84,9.3000),(587,7,244,1,85,15.9000),(588,7,246,1,85,13.1175),(589,7,245,1,85,8.2500),(590,7,234,1,85,92.0000),(591,7,244,1,85,7.3000),(592,7,243,1,85,10.0000),(593,7,240,1,85,73.0000),(594,7,235,1,85,1.0000),(595,7,247,1,85,73.0000),(596,7,248,1,85,33.0000),(597,7,246,1,85,6.0225),(598,7,245,1,85,8.2500),(599,7,234,1,85,33.0000),(600,7,244,1,85,8.6000),(601,7,243,1,85,10.0000),(602,7,240,1,85,86.0000),(603,7,235,1,85,1.0000),(604,7,247,1,85,86.0000),(605,7,248,1,85,59.0000),(606,7,246,1,85,7.0950),(607,7,245,1,85,8.2500),(608,7,234,1,85,59.0000),(609,7,244,1,86,18.0000),(610,7,246,1,86,14.8500),(611,7,245,1,86,8.2500),(612,7,234,1,86,235.0000),(613,7,244,1,86,11.6000),(614,7,243,1,86,10.0000),(615,7,240,1,86,58.0000),(616,7,235,1,86,2.0000),(617,7,247,1,86,116.0000),(618,7,248,1,86,154.0000),(619,7,246,1,86,9.5700),(620,7,245,1,86,8.2500),(621,7,234,1,86,77.0000),(622,7,244,1,86,6.4000),(623,7,243,1,86,10.0000),(624,7,240,1,86,64.0000),(625,7,235,1,86,1.0000),(626,7,247,1,86,64.0000),(627,7,248,1,86,81.0000),(628,7,246,1,86,5.2800),(629,7,245,1,86,8.2500),(630,7,234,1,86,81.0000),(631,7,244,1,87,24.1000),(632,7,246,1,87,19.8825),(633,7,245,1,87,8.2500),(634,7,234,1,87,240.0000),(635,7,244,1,87,6.6000),(636,7,243,1,87,10.0000);
insert into `sales_order_entity_decimal` (`value_id`,`entity_type_id`,`attribute_id`,`store_id`,`entity_id`,`value`) values (637,7,240,1,87,66.0000),(638,7,235,1,87,1.0000),(639,7,247,1,87,66.0000),(640,7,248,1,87,10.0000),(641,7,246,1,87,5.4450),(642,7,245,1,87,8.2500),(643,7,234,1,87,10.0000),(644,7,244,1,87,1.8000),(645,7,243,1,87,10.0000),(646,7,240,1,87,18.0000),(647,7,235,1,87,1.0000),(648,7,247,1,87,18.0000),(649,7,248,1,87,66.0000),(650,7,246,1,87,1.4850),(651,7,245,1,87,8.2500),(652,7,234,1,87,66.0000),(653,7,244,1,87,7.7000),(654,7,243,1,87,10.0000),(655,7,240,1,87,77.0000),(656,7,235,1,87,1.0000),(657,7,247,1,87,77.0000),(658,7,248,1,87,5.0000),(659,7,246,1,87,6.3525),(660,7,245,1,87,8.2500),(661,7,234,1,87,5.0000),(662,7,244,1,87,4.1000),(663,7,243,1,87,10.0000),(664,7,240,1,87,41.0000),(665,7,235,1,87,1.0000),(666,7,247,1,87,41.0000),(667,7,248,1,87,76.0000),(668,7,246,1,87,3.3825),(669,7,245,1,87,8.2500),(670,7,234,1,87,76.0000),(671,7,244,1,87,3.2000),(672,7,243,1,87,10.0000),(673,7,240,1,87,32.0000),(674,7,235,1,87,1.0000),(675,7,247,1,87,32.0000),(676,7,248,1,87,53.0000),(677,7,246,1,87,2.6400),(678,7,245,1,87,8.2500),(679,7,234,1,87,53.0000),(680,7,244,1,87,0.7000),(681,7,243,1,87,10.0000),(682,7,240,1,87,7.0000),(683,7,235,1,87,1.0000),(684,7,247,1,87,7.0000),(685,7,248,1,87,30.0000),(686,7,246,1,87,0.5775),(687,7,245,1,87,8.2500),(688,7,234,1,87,30.0000);
insert into `sales_order_entity_decimal` (`value_id`,`entity_type_id`,`attribute_id`,`store_id`,`entity_id`,`value`) values (689,7,244,1,88,24.1000),(690,7,246,1,88,19.8825),(691,7,245,1,88,8.2500),(692,7,234,1,88,240.0000),(693,7,244,1,88,6.6000),(694,7,243,1,88,10.0000),(695,7,240,1,88,66.0000),(696,7,235,1,88,1.0000),(697,7,247,1,88,66.0000),(698,7,248,1,88,10.0000),(699,7,246,1,88,5.4450),(700,7,245,1,88,8.2500),(701,7,234,1,88,10.0000),(702,7,244,1,88,1.8000),(703,7,243,1,88,10.0000),(704,7,240,1,88,18.0000),(705,7,235,1,88,1.0000),(706,7,247,1,88,18.0000),(707,7,248,1,88,66.0000),(708,7,246,1,88,1.4850),(709,7,245,1,88,8.2500),(710,7,234,1,88,66.0000),(711,7,244,1,88,7.7000),(712,7,243,1,88,10.0000),(713,7,240,1,88,77.0000),(714,7,235,1,88,1.0000),(715,7,247,1,88,77.0000),(716,7,248,1,88,5.0000),(717,7,246,1,88,6.3525),(718,7,245,1,88,8.2500),(719,7,234,1,88,5.0000),(720,7,244,1,88,4.1000),(721,7,243,1,88,10.0000),(722,7,240,1,88,41.0000),(723,7,235,1,88,1.0000),(724,7,247,1,88,41.0000),(725,7,248,1,88,76.0000),(726,7,246,1,88,3.3825),(727,7,245,1,88,8.2500),(728,7,234,1,88,76.0000),(729,7,244,1,88,3.2000),(730,7,243,1,88,10.0000),(731,7,240,1,88,32.0000),(732,7,235,1,88,1.0000),(733,7,247,1,88,32.0000),(734,7,248,1,88,53.0000),(735,7,246,1,88,2.6400),(736,7,245,1,88,8.2500),(737,7,234,1,88,53.0000),(738,7,244,1,88,0.7000),(739,7,243,1,88,10.0000),(740,7,240,1,88,7.0000);
insert into `sales_order_entity_decimal` (`value_id`,`entity_type_id`,`attribute_id`,`store_id`,`entity_id`,`value`) values (741,7,235,1,88,1.0000),(742,7,247,1,88,7.0000),(743,7,248,1,88,30.0000),(744,7,246,1,88,0.5775),(745,7,245,1,88,8.2500),(746,7,234,1,88,30.0000),(747,7,246,1,89,4.3725),(748,7,245,1,89,8.2500),(749,7,234,1,89,73.0000),(750,7,240,1,89,53.0000),(751,7,235,1,89,1.0000),(752,7,247,1,89,53.0000),(753,7,248,1,89,73.0000),(754,7,246,1,89,4.3725),(755,7,245,1,89,8.2500),(756,7,234,1,89,73.0000),(757,7,246,1,90,4.3725),(758,7,245,1,90,8.2500),(759,7,234,1,90,73.0000),(760,7,240,1,90,53.0000),(761,7,235,1,90,1.0000),(762,7,247,1,90,53.0000),(763,7,248,1,90,73.0000),(764,7,246,1,90,4.3725),(765,7,245,1,90,8.2500),(766,7,234,1,90,73.0000),(767,7,246,1,91,4.3725),(768,7,245,1,91,8.2500),(769,7,234,1,91,73.0000),(770,7,240,1,91,53.0000),(771,7,235,1,91,1.0000),(772,7,247,1,91,53.0000),(773,7,248,1,91,73.0000),(774,7,246,1,91,4.3725),(775,7,245,1,91,8.2500),(776,7,234,1,91,73.0000),(777,7,246,1,92,4.3725),(778,7,245,1,92,8.2500),(779,7,234,1,92,73.0000),(780,7,240,1,92,53.0000),(781,7,235,1,92,1.0000),(782,7,247,1,92,53.0000),(783,7,248,1,92,73.0000),(784,7,246,1,92,4.3725),(785,7,245,1,92,8.2500),(786,7,234,1,92,73.0000),(787,7,245,1,93,8.2500),(788,7,246,1,93,4.3725),(789,7,234,1,93,73.0000),(790,7,240,1,93,53.0000),(791,7,234,1,93,73.0000),(792,7,235,1,93,1.0000);
insert into `sales_order_entity_decimal` (`value_id`,`entity_type_id`,`attribute_id`,`store_id`,`entity_id`,`value`) values (793,7,247,1,93,53.0000),(794,7,245,1,93,8.2500),(795,7,246,1,93,4.3725),(796,7,248,1,93,73.0000),(797,7,245,1,94,8.2500),(798,7,246,1,94,7.5900),(799,7,234,1,94,79.0000),(800,7,240,1,94,92.0000),(801,7,234,1,94,79.0000),(802,7,235,1,94,1.0000),(803,7,247,1,94,92.0000),(804,7,245,1,94,8.2500),(805,7,246,1,94,7.5900),(806,7,248,1,94,79.0000),(807,7,246,1,95,4.3725),(808,7,245,1,95,8.2500),(809,7,234,1,95,73.0000),(810,7,240,1,95,53.0000),(811,7,235,1,95,1.0000),(812,7,247,1,95,53.0000),(813,7,248,1,95,73.0000),(814,7,246,1,95,4.3725),(815,7,245,1,95,8.2500),(816,7,234,1,95,73.0000),(817,7,245,1,96,8.2500),(818,7,246,1,96,4.3725),(819,7,234,1,96,73.0000),(820,7,240,1,96,53.0000),(821,7,234,1,96,73.0000),(822,7,235,1,96,1.0000),(823,7,247,1,96,53.0000),(824,7,245,1,96,8.2500),(825,7,246,1,96,4.3725),(826,7,248,1,96,73.0000),(827,7,245,1,97,8.2500),(828,7,246,1,97,2.2275),(829,7,234,1,97,83.0000),(830,7,240,1,97,27.0000),(831,7,234,1,97,83.0000),(832,7,235,1,97,1.0000),(833,7,247,1,97,27.0000),(834,7,245,1,97,8.2500),(835,7,246,1,97,2.2275),(836,7,248,1,97,83.0000),(837,7,245,1,98,8.2500),(838,7,246,1,98,7.5900),(839,7,234,1,98,79.0000),(840,7,240,1,98,92.0000),(841,7,234,1,98,79.0000),(842,7,235,1,98,1.0000),(843,7,247,1,98,92.0000),(844,7,245,1,98,8.2500);
insert into `sales_order_entity_decimal` (`value_id`,`entity_type_id`,`attribute_id`,`store_id`,`entity_id`,`value`) values (845,7,246,1,98,7.5900),(846,7,248,1,98,79.0000),(847,7,246,1,99,7.5900),(848,7,245,1,99,8.2500),(849,7,234,1,99,84.0000),(850,7,240,1,99,92.0000),(851,7,235,1,99,1.0000),(852,7,247,1,99,92.0000),(853,7,248,1,99,84.0000),(854,7,246,1,99,7.5900),(855,7,245,1,99,8.2500),(856,7,234,1,99,84.0000),(857,7,246,1,100,4.3725),(858,7,245,1,100,8.2500),(859,7,234,1,100,73.0000),(860,7,240,1,100,53.0000),(861,7,235,1,100,1.0000),(862,7,247,1,100,53.0000),(863,7,248,1,100,73.0000),(864,7,246,1,100,4.3725),(865,7,245,1,100,8.2500),(866,7,234,1,100,73.0000),(867,7,246,1,101,7.5900),(868,7,245,1,101,8.2500),(869,7,234,1,101,79.0000),(870,7,240,1,101,92.0000),(871,7,235,1,101,1.0000),(872,7,247,1,101,92.0000),(873,7,248,1,101,79.0000),(874,7,246,1,101,7.5900),(875,7,245,1,101,8.2500),(876,7,234,1,101,79.0000),(877,7,246,1,102,13.5300),(878,7,245,1,102,8.2500),(879,7,234,1,102,81.0000),(880,7,240,1,102,92.0000),(881,7,235,1,102,1.0000),(882,7,247,1,102,92.0000),(883,7,248,1,102,79.0000),(884,7,246,1,102,7.5900),(885,7,245,1,102,8.2500),(886,7,234,1,102,79.0000),(887,7,240,1,102,72.0000),(888,7,235,1,102,1.0000),(889,7,247,1,102,72.0000),(890,7,248,1,102,2.0000),(891,7,246,1,102,5.9400),(892,7,245,1,102,8.2500),(893,7,234,1,102,2.0000),(894,7,246,1,103,5.3625);
insert into `sales_order_entity_decimal` (`value_id`,`entity_type_id`,`attribute_id`,`store_id`,`entity_id`,`value`) values (895,7,245,1,103,8.2500),(896,7,234,1,103,6.0000),(897,7,240,1,103,65.0000),(898,7,235,1,103,1.0000),(899,7,247,1,103,65.0000),(900,7,248,1,103,6.0000),(901,7,246,1,103,5.3625),(902,7,245,1,103,8.2500),(903,7,234,1,103,6.0000),(904,7,246,1,104,10.3125),(905,7,245,1,104,8.2500),(906,7,234,1,104,90.0000),(907,7,240,1,104,65.0000),(908,7,235,1,104,1.0000),(909,7,247,1,104,65.0000),(910,7,248,1,104,6.0000),(911,7,246,1,104,5.3625),(912,7,245,1,104,8.2500),(913,7,234,1,104,6.0000),(914,7,240,1,104,60.0000),(915,7,235,1,104,1.0000),(916,7,247,1,104,60.0000),(917,7,248,1,104,84.0000),(918,7,246,1,104,4.9500),(919,7,245,1,104,8.2500),(920,7,234,1,104,84.0000),(921,7,246,1,105,1.6500),(922,7,245,1,105,8.2500),(923,7,234,1,105,10.0000),(924,7,240,1,105,20.0000),(925,7,235,1,105,1.0000),(926,7,247,1,105,20.0000),(927,7,248,1,105,10.0000),(928,7,246,1,105,1.6500),(929,7,245,1,105,8.2500),(930,7,234,1,105,10.0000),(931,7,246,1,106,33.6600),(932,7,245,1,106,8.2500),(933,7,234,1,106,323.0000),(934,7,240,1,106,92.0000),(935,7,235,1,106,3.0000),(936,7,247,1,106,276.0000),(937,7,248,1,106,237.0000),(938,7,246,1,106,22.7700),(939,7,245,1,106,8.2500),(940,7,234,1,106,79.0000),(941,7,240,1,106,72.0000),(942,7,235,1,106,1.0000),(943,7,247,1,106,72.0000);
insert into `sales_order_entity_decimal` (`value_id`,`entity_type_id`,`attribute_id`,`store_id`,`entity_id`,`value`) values (944,7,248,1,106,2.0000),(945,7,246,1,106,5.9400),(946,7,245,1,106,8.2500),(947,7,234,1,106,2.0000),(948,7,240,1,106,60.0000),(949,7,235,1,106,1.0000),(950,7,247,1,106,60.0000),(951,7,248,1,106,84.0000),(952,7,246,1,106,4.9500),(953,7,245,1,106,8.2500),(954,7,234,1,106,84.0000),(955,7,245,1,107,8.2500),(956,7,246,1,107,3.6300),(957,7,234,1,107,85.0000),(958,7,240,1,107,44.0000),(959,7,234,1,107,85.0000),(960,7,235,1,107,1.0000),(961,7,247,1,107,44.0000),(962,7,245,1,107,8.2500),(963,7,246,1,107,3.6300),(964,7,248,1,107,85.0000),(965,7,246,1,108,4.9500),(966,7,245,1,108,8.2500),(967,7,234,1,108,84.0000),(968,7,240,1,108,60.0000),(969,7,235,1,108,1.0000),(970,7,247,1,108,60.0000),(971,7,248,1,108,84.0000),(972,7,246,1,108,4.9500),(973,7,245,1,108,8.2500),(974,7,234,1,108,84.0000),(975,7,246,1,109,31.5975),(976,7,245,1,109,8.2500),(977,7,234,1,109,414.0000),(978,7,240,1,109,20.0000),(979,7,235,1,109,1.0000),(980,7,247,1,109,20.0000),(981,7,248,1,109,10.0000),(982,7,246,1,109,1.6500),(983,7,245,1,109,8.2500),(984,7,234,1,109,10.0000),(985,7,240,1,109,27.0000),(986,7,235,1,109,1.0000),(987,7,247,1,109,27.0000),(988,7,248,1,109,83.0000),(989,7,246,1,109,2.2275),(990,7,245,1,109,8.2500),(991,7,234,1,109,83.0000),(992,7,240,1,109,60.0000);
insert into `sales_order_entity_decimal` (`value_id`,`entity_type_id`,`attribute_id`,`store_id`,`entity_id`,`value`) values (993,7,235,1,109,1.0000),(994,7,247,1,109,60.0000),(995,7,248,1,109,84.0000),(996,7,246,1,109,4.9500),(997,7,245,1,109,8.2500),(998,7,234,1,109,84.0000),(999,7,240,1,109,92.0000),(1000,7,235,1,109,3.0000),(1001,7,247,1,109,276.0000),(1002,7,248,1,109,237.0000),(1003,7,246,1,109,22.7700),(1004,7,245,1,109,8.2500),(1005,7,234,1,109,79.0000),(1006,7,246,1,110,4.9500),(1007,7,245,1,110,8.2500),(1008,7,234,1,110,17.0000),(1009,7,240,1,110,60.0000),(1010,7,235,1,110,1.0000),(1011,7,247,1,110,60.0000),(1012,7,248,1,110,17.0000),(1013,7,246,1,110,4.9500),(1014,7,245,1,110,8.2500),(1015,7,234,1,110,17.0000),(1016,7,245,1,111,8.2500),(1017,7,246,1,111,6.6000),(1018,7,234,1,111,156.0000),(1019,7,240,1,111,27.0000),(1020,7,234,1,111,83.0000),(1021,7,235,1,111,1.0000),(1022,7,247,1,111,27.0000),(1023,7,245,1,111,8.2500),(1024,7,246,1,111,2.2275),(1025,7,248,1,111,83.0000),(1026,7,240,1,111,53.0000),(1027,7,234,1,111,73.0000),(1028,7,235,1,111,1.0000),(1029,7,247,1,111,53.0000),(1030,7,245,1,111,8.2500),(1031,7,246,1,111,4.3725),(1032,7,248,1,111,73.0000),(1033,7,246,1,112,24.3375),(1034,7,245,1,112,8.2500),(1035,7,234,1,112,243.0000),(1036,7,240,1,112,41.0000),(1037,7,235,1,112,2.0000),(1038,7,247,1,112,82.0000),(1039,7,248,1,112,152.0000);
insert into `sales_order_entity_decimal` (`value_id`,`entity_type_id`,`attribute_id`,`store_id`,`entity_id`,`value`) values (1040,7,246,1,112,6.7650),(1041,7,245,1,112,8.2500),(1042,7,234,1,112,76.0000),(1043,7,240,1,112,93.0000),(1044,7,235,1,112,2.0000),(1045,7,247,1,112,186.0000),(1046,7,248,1,112,8.0000),(1047,7,246,1,112,15.3450),(1048,7,245,1,112,8.2500),(1049,7,234,1,112,4.0000),(1050,7,240,1,112,27.0000),(1051,7,235,1,112,1.0000),(1052,7,247,1,112,27.0000),(1053,7,248,1,112,83.0000),(1054,7,246,1,112,2.2275),(1055,7,245,1,112,8.2500),(1056,7,234,1,112,83.0000),(1057,7,246,1,113,0.7425),(1058,7,245,1,113,8.2500),(1059,7,234,1,113,46.0000),(1060,7,240,1,113,9.0000),(1061,7,235,1,113,1.0000),(1062,7,247,1,113,9.0000),(1063,7,248,1,113,46.0000),(1064,7,246,1,113,0.7425),(1065,7,245,1,113,8.2500),(1066,7,234,1,113,46.0000),(1067,7,246,1,114,21.4500),(1068,7,245,1,114,8.2500),(1069,7,234,1,114,251.0000),(1070,7,240,1,114,76.0000),(1071,7,235,1,114,1.0000),(1072,7,247,1,114,76.0000),(1073,7,248,1,114,88.0000),(1074,7,246,1,114,6.2700),(1075,7,245,1,114,8.2500),(1076,7,234,1,114,88.0000),(1077,7,240,1,114,92.0000),(1078,7,235,1,114,1.0000),(1079,7,247,1,114,92.0000),(1080,7,248,1,114,79.0000),(1081,7,246,1,114,7.5900),(1082,7,245,1,114,8.2500),(1083,7,234,1,114,79.0000),(1084,7,240,1,114,92.0000),(1085,7,235,1,114,1.0000),(1086,7,247,1,114,92.0000);
insert into `sales_order_entity_decimal` (`value_id`,`entity_type_id`,`attribute_id`,`store_id`,`entity_id`,`value`) values (1087,7,248,1,114,84.0000),(1088,7,246,1,114,7.5900),(1089,7,245,1,114,8.2500),(1090,7,234,1,114,84.0000),(1091,7,245,1,115,8.2500),(1092,7,246,1,115,10.9725),(1093,7,234,1,115,229.0000),(1094,7,240,1,115,27.0000),(1095,7,234,1,115,83.0000),(1096,7,235,1,115,1.0000),(1097,7,247,1,115,27.0000),(1098,7,245,1,115,8.2500),(1099,7,246,1,115,2.2275),(1100,7,248,1,115,83.0000),(1101,7,240,1,115,53.0000),(1102,7,234,1,115,73.0000),(1103,7,235,1,115,2.0000),(1104,7,247,1,115,106.0000),(1105,7,245,1,115,8.2500),(1106,7,246,1,115,8.7450),(1107,7,248,1,115,146.0000),(1108,7,246,1,116,4.9500),(1109,7,245,1,116,8.2500),(1110,7,234,1,116,84.0000),(1111,7,240,1,116,60.0000),(1112,7,235,1,116,1.0000),(1113,7,247,1,116,60.0000),(1114,7,248,1,116,84.0000),(1115,7,246,1,116,4.9500),(1116,7,245,1,116,8.2500),(1117,7,234,1,116,84.0000),(1118,7,246,1,117,44.0550),(1119,7,245,1,117,8.2500),(1120,7,234,1,117,391.0000),(1121,7,240,1,117,41.0000),(1122,7,235,1,117,2.0000),(1123,7,247,1,117,82.0000),(1124,7,248,1,117,152.0000),(1125,7,246,1,117,6.7650),(1126,7,245,1,117,8.2500),(1127,7,234,1,117,76.0000),(1128,7,240,1,117,93.0000),(1129,7,235,1,117,2.0000),(1130,7,247,1,117,186.0000),(1131,7,248,1,117,8.0000),(1132,7,246,1,117,15.3450),(1133,7,245,1,117,8.2500);
insert into `sales_order_entity_decimal` (`value_id`,`entity_type_id`,`attribute_id`,`store_id`,`entity_id`,`value`) values (1134,7,234,1,117,4.0000),(1135,7,240,1,117,27.0000),(1136,7,235,1,117,1.0000),(1137,7,247,1,117,27.0000),(1138,7,248,1,117,83.0000),(1139,7,246,1,117,2.2275),(1140,7,245,1,117,8.2500),(1141,7,234,1,117,83.0000),(1142,7,240,1,117,85.0000),(1143,7,235,1,117,1.0000),(1144,7,247,1,117,85.0000),(1145,7,248,1,117,47.0000),(1146,7,246,1,117,7.0125),(1147,7,245,1,117,8.2500),(1148,7,234,1,117,47.0000),(1149,7,240,1,117,36.0000),(1150,7,235,1,117,1.0000),(1151,7,247,1,117,36.0000),(1152,7,248,1,117,22.0000),(1153,7,246,1,117,2.9700),(1154,7,245,1,117,8.2500),(1155,7,234,1,117,22.0000),(1156,7,240,1,117,53.0000),(1157,7,235,1,117,1.0000),(1158,7,247,1,117,53.0000),(1159,7,248,1,117,73.0000),(1160,7,246,1,117,4.3725),(1161,7,245,1,117,8.2500),(1162,7,234,1,117,73.0000),(1163,7,240,1,117,65.0000),(1164,7,234,1,117,6.0000),(1165,7,235,1,117,1.0000),(1166,7,247,1,117,65.0000),(1167,7,245,1,117,8.2500),(1168,7,246,1,117,5.3625),(1169,7,248,1,117,6.0000),(1170,7,246,1,118,13.1175),(1171,7,245,1,118,8.2500),(1172,7,234,1,118,219.0000),(1173,7,240,1,118,53.0000),(1174,7,235,1,118,3.0000),(1175,7,247,1,118,159.0000),(1176,7,248,1,118,219.0000),(1177,7,246,1,118,13.1175),(1178,7,245,1,118,8.2500),(1179,7,234,1,118,73.0000),(1180,7,245,1,119,8.2500);
insert into `sales_order_entity_decimal` (`value_id`,`entity_type_id`,`attribute_id`,`store_id`,`entity_id`,`value`) values (1181,7,246,1,119,16.9909),(1182,7,234,1,119,146.0000),(1183,7,240,1,119,53.0000),(1184,7,234,1,119,73.0000),(1185,7,235,1,119,2.0000),(1186,7,247,1,119,106.0000),(1187,7,245,1,119,8.2500),(1188,7,246,1,119,8.7450),(1189,7,248,1,119,146.0000),(1190,7,240,1,119,99.9500),(1191,7,234,1,119,0.0000),(1192,7,235,1,119,1.0000),(1193,7,247,1,119,99.9500),(1194,7,245,1,119,8.2500),(1195,7,246,1,119,8.2459),(1196,7,246,1,0,8.2459),(1197,7,245,1,0,8.2500),(1198,7,244,1,0,9.9950),(1199,7,243,1,0,10.0000),(1200,7,240,1,0,99.9500),(1201,7,235,1,0,1.0000),(1202,7,247,1,0,99.9500),(1203,7,246,1,0,8.2459),(1204,7,245,1,0,8.2500),(1205,7,234,1,0,0.0000),(1206,7,246,1,0,12.7628),(1207,7,245,1,0,8.2500),(1208,7,234,1,0,4.5000),(1209,7,240,1,0,59.9500),(1210,7,235,1,0,1.0000),(1211,7,247,1,0,59.9500),(1212,7,248,1,0,1.0000),(1213,7,246,1,0,4.9459),(1214,7,245,1,0,8.2500),(1215,7,234,1,0,1.0000),(1216,7,240,1,0,0.0000),(1217,7,235,1,0,1.0000),(1218,7,248,1,0,0.5000),(1219,7,245,1,0,8.2500),(1220,7,234,1,0,0.5000),(1221,7,240,1,0,4.9500),(1222,7,235,1,0,1.0000),(1223,7,247,1,0,4.9500),(1224,7,248,1,0,1.0000),(1225,7,246,1,0,0.4084),(1226,7,245,1,0,8.2500),(1227,7,234,1,0,1.0000),(1228,7,240,1,0,44.9500),(1229,7,235,1,0,1.0000),(1230,7,247,1,0,44.9500),(1231,7,248,1,0,2.0000);
insert into `sales_order_entity_decimal` (`value_id`,`entity_type_id`,`attribute_id`,`store_id`,`entity_id`,`value`) values (1232,7,246,1,0,3.7084),(1233,7,245,1,0,8.2500),(1234,7,234,1,0,2.0000),(1235,7,240,1,0,44.8500),(1236,7,235,1,0,1.0000),(1237,7,247,1,0,44.8500),(1238,7,246,1,0,3.7001),(1239,7,245,1,0,8.2500),(1240,7,234,1,0,0.0000),(1241,7,246,1,120,2.3884),(1242,7,245,1,120,8.2500),(1243,7,234,1,120,48.0000),(1244,7,240,1,120,9.0000),(1245,7,235,1,120,1.0000),(1246,7,247,1,120,9.0000),(1247,7,248,1,120,46.0000),(1248,7,246,1,120,0.7425),(1249,7,245,1,120,8.2500),(1250,7,234,1,120,46.0000),(1251,7,240,1,120,19.9500),(1252,7,235,1,120,1.0000),(1253,7,247,1,120,19.9500),(1254,7,248,1,120,2.0000),(1255,7,246,1,120,1.6459),(1256,7,245,1,120,8.2500),(1257,7,234,1,120,2.0000),(1258,7,245,1,0,8.2500),(1259,7,246,1,0,0.4084),(1260,7,234,1,0,1.0000),(1261,7,240,1,0,4.9500),(1262,7,234,1,0,1.0000),(1263,7,235,1,0,1.0000),(1264,7,247,1,0,4.9500),(1265,7,245,1,0,8.2500),(1266,7,246,1,0,0.4084),(1267,7,248,1,0,1.0000);

/*Table structure for table `sales_order_entity_int` */

DROP TABLE IF EXISTS `sales_order_entity_int`;

CREATE TABLE `sales_order_entity_int` (
  `value_id` int(11) NOT NULL auto_increment,
  `entity_type_id` mediumint(8) unsigned NOT NULL default '0',
  `attribute_id` smallint(5) unsigned NOT NULL default '0',
  `store_id` smallint(5) unsigned NOT NULL default '0',
  `entity_id` int(10) unsigned NOT NULL default '0',
  `value` int(11) NOT NULL default '0',
  PRIMARY KEY  (`value_id`),
  KEY `FK_ATTRIBUTE_INT_ENTITY_TYPE` (`entity_type_id`),
  KEY `FK_ATTRIBUTE_INT_ATTRIBUTE` (`attribute_id`),
  KEY `FK_ATTRIBUTE_INT_STORE` (`store_id`),
  KEY `FK_ATTRIBUTE_INT_ENTITY` (`entity_id`)
) ENGINE=InnoDB DEFAULT CHARSET=utf8;

/*Data for the table `sales_order_entity_int` */

insert into `sales_order_entity_int` (`value_id`,`entity_type_id`,`attribute_id`,`store_id`,`entity_id`,`value`) values (1,4,204,1,1,13),(2,4,205,1,1,38),(3,4,206,1,1,1),(4,4,204,1,2,16),(5,4,206,1,2,1),(6,4,204,1,3,9),(7,4,205,1,3,38),(8,4,206,1,3,1),(9,4,204,1,4,12),(10,4,205,1,4,38),(11,4,206,1,4,1),(12,4,204,1,5,12),(13,4,205,1,5,38),(14,4,206,1,5,1),(15,4,204,1,6,27),(16,4,205,1,6,38),(17,4,206,1,6,1),(18,4,204,1,7,27),(19,4,205,1,7,38),(20,4,206,1,7,1),(21,4,204,1,8,30),(22,4,205,1,8,38),(23,4,206,1,8,1),(24,4,204,1,9,31),(25,4,205,1,9,38),(26,4,206,1,9,1),(27,4,204,1,10,32),(28,4,205,1,10,38),(29,4,206,1,10,1),(30,4,204,1,11,33),(31,4,205,1,11,38),(32,4,206,1,11,1),(33,4,204,1,12,34),(34,4,205,1,12,38),(35,4,206,1,12,1),(36,4,204,1,13,35),(37,4,205,1,13,38),(38,4,206,1,13,1),(39,4,204,1,14,36),(40,4,205,1,14,38),(41,4,206,1,14,1),(42,4,204,1,15,37),(43,4,205,1,15,38),(44,4,206,1,15,1),(45,4,204,1,16,38),(46,4,205,1,16,38),(47,4,206,1,16,1),(48,4,204,1,17,39),(49,4,205,1,17,38),(50,4,206,1,17,1),(51,4,204,1,18,40),(52,4,205,1,18,38),(53,4,206,1,18,1),(54,4,204,1,19,41),(55,4,205,1,19,38),(56,4,206,1,19,1),(57,4,204,1,20,42),(58,4,205,1,20,38),(59,4,206,1,20,1),(60,4,204,1,21,49),(61,4,205,1,21,38),(62,4,206,1,21,1),(63,4,204,1,22,53),(64,4,206,1,22,1),(65,4,204,1,23,53),(66,4,205,1,23,72),(67,4,206,1,23,1),(68,4,205,1,23,72),(69,4,205,1,23,72),(70,4,204,1,24,54),(71,4,205,1,24,73),(72,4,206,1,24,1),(73,4,205,1,24,73),(74,4,205,1,24,73),(75,4,204,1,25,49),(76,4,205,1,25,38);
insert into `sales_order_entity_int` (`value_id`,`entity_type_id`,`attribute_id`,`store_id`,`entity_id`,`value`) values (77,4,206,1,25,1),(78,4,204,1,26,62),(79,4,205,1,26,14),(80,4,206,1,26,1),(81,4,204,1,27,60),(82,4,205,1,27,38),(83,4,206,1,27,1),(84,4,204,1,28,67),(85,4,205,1,28,1),(86,4,206,1,28,1),(87,4,204,1,29,70),(88,4,205,1,29,1),(89,4,206,1,29,1),(90,4,204,1,30,71),(91,4,205,1,30,1),(92,4,206,1,30,1),(93,4,204,1,31,73),(94,4,205,1,31,1),(95,4,206,1,31,1),(96,4,204,1,32,74),(97,4,205,1,32,1),(98,4,206,1,32,1),(99,4,204,1,33,75),(100,4,205,1,33,1),(101,4,206,1,33,1),(102,4,204,1,34,71),(103,4,205,1,34,1),(104,4,206,1,34,1),(105,4,204,1,35,84),(106,4,206,1,35,1),(107,4,204,1,36,73),(108,4,205,1,36,1),(109,4,206,1,36,1),(110,4,204,1,37,86),(111,4,205,1,37,1),(112,4,206,1,37,1),(113,4,204,1,38,87),(114,4,205,1,38,1),(115,4,206,1,38,1),(116,4,204,1,39,64),(117,4,205,1,39,38),(118,4,206,1,39,1),(119,4,204,1,40,88),(120,4,205,1,40,1),(121,4,206,1,40,1),(122,4,204,1,41,74),(123,4,205,1,41,1),(124,4,206,1,41,1),(125,4,204,1,42,98),(126,4,205,1,42,76),(127,4,206,1,42,1),(128,6,221,1,43,38),(129,6,220,1,43,22),(130,6,218,1,43,1),(131,6,219,1,43,223),(132,6,220,1,43,22),(133,6,218,1,43,1),(134,6,219,1,43,223),(135,6,219,1,0,223),(136,6,218,1,0,1),(137,6,218,1,0,1),(138,6,219,1,0,223),(139,6,221,1,44,38),(140,6,220,1,44,22),(141,6,219,1,44,223),(142,6,218,1,44,12),(143,6,220,1,44,22),(144,6,219,1,44,223),(145,6,218,1,44,12),(146,6,221,1,45,38),(147,6,220,1,45,10);
insert into `sales_order_entity_int` (`value_id`,`entity_type_id`,`attribute_id`,`store_id`,`entity_id`,`value`) values (148,6,219,1,45,223),(149,6,220,1,45,22),(150,6,219,1,45,223),(151,6,221,1,46,38),(152,6,220,1,46,10),(153,6,219,1,46,223),(154,6,220,1,46,22),(155,6,219,1,46,223),(156,6,221,1,47,38),(157,6,220,1,47,10),(158,6,219,1,47,223),(159,6,218,1,47,12),(160,6,220,1,47,10),(161,6,218,1,47,12),(162,6,219,1,47,223),(163,6,221,1,48,38),(164,6,220,1,48,10),(165,6,219,1,48,223),(166,6,218,1,48,12),(167,6,220,1,48,10),(168,6,219,1,48,223),(169,6,218,1,48,12),(170,6,221,1,49,38),(171,6,220,1,49,10),(172,6,219,1,49,223),(173,6,218,1,49,12),(174,6,220,1,49,10),(175,6,219,1,49,223),(176,6,218,1,49,12),(177,6,221,1,50,38),(178,6,220,1,50,10),(179,6,219,1,50,223),(180,6,220,1,50,10),(181,6,219,1,50,223),(182,6,221,1,51,38),(183,6,220,1,51,10),(184,6,219,1,51,223),(185,6,220,1,51,10),(186,6,219,1,51,223),(187,6,221,1,52,38),(188,6,220,1,52,10),(189,6,219,1,52,223),(190,6,220,1,52,10),(191,6,219,1,52,223),(192,6,221,1,53,38),(193,6,220,1,53,10),(194,6,219,1,53,223),(195,6,220,1,53,10),(196,6,219,1,53,223),(197,6,221,1,54,38),(198,6,220,1,54,10),(199,6,219,1,54,223),(200,6,220,1,54,10),(201,6,219,1,54,223),(202,6,221,1,55,38),(203,6,220,1,55,10),(204,6,219,1,55,223),(205,6,220,1,55,10),(206,6,219,1,55,223),(207,6,221,1,56,38),(208,6,220,1,56,10),(209,6,219,1,56,223),(210,6,220,1,56,10),(211,6,219,1,56,223),(212,6,221,1,57,38),(213,6,220,1,57,10);
insert into `sales_order_entity_int` (`value_id`,`entity_type_id`,`attribute_id`,`store_id`,`entity_id`,`value`) values (214,6,219,1,57,223),(215,6,220,1,57,10),(216,6,219,1,57,223),(217,6,221,1,58,38),(218,6,220,1,58,10),(219,6,219,1,58,223),(220,6,220,1,58,10),(221,6,219,1,58,223),(222,6,221,1,59,38),(223,6,220,1,59,10),(224,6,219,1,59,223),(225,6,220,1,59,10),(226,6,219,1,59,223),(227,6,221,1,60,38),(228,6,220,1,60,10),(229,6,219,1,60,223),(230,6,220,1,60,10),(231,6,219,1,60,223),(232,6,221,1,61,38),(233,6,220,1,61,10),(234,6,219,1,61,223),(235,6,220,1,61,10),(236,6,219,1,61,223),(237,6,221,1,62,38),(238,6,220,1,62,10),(239,6,219,1,62,223),(240,6,220,1,62,10),(241,6,219,1,62,223),(242,6,219,1,0,223),(243,6,219,1,0,223),(244,6,221,1,63,72),(245,6,219,1,63,223),(246,6,221,1,63,72),(247,6,220,1,63,27),(248,6,219,1,63,223),(249,6,221,1,63,72),(250,6,220,1,63,27),(251,6,221,1,64,73),(252,6,219,1,64,223),(253,6,221,1,64,73),(254,6,220,1,64,28),(255,6,219,1,64,223),(256,6,221,1,64,73),(257,6,220,1,64,28),(258,6,221,1,65,38),(259,6,220,1,65,10),(260,6,219,1,65,223),(261,6,220,1,65,10),(262,6,219,1,65,223),(263,6,221,1,66,14),(264,6,220,1,66,22),(265,6,219,1,66,223),(266,6,220,1,66,22),(267,6,219,1,66,223),(268,6,221,1,67,38),(269,6,220,1,67,10),(270,6,219,1,67,223),(271,6,220,1,67,10),(272,6,219,1,67,223),(273,6,221,1,68,1),(274,6,220,1,68,21),(275,6,219,1,68,223),(276,6,220,1,68,21),(277,6,219,1,68,223),(278,6,221,1,69,1),(279,6,220,1,69,21);
insert into `sales_order_entity_int` (`value_id`,`entity_type_id`,`attribute_id`,`store_id`,`entity_id`,`value`) values (280,6,219,1,69,223),(281,6,220,1,69,21),(282,6,219,1,69,223),(283,6,221,1,70,1),(284,6,220,1,70,21),(285,6,219,1,70,223),(286,6,220,1,70,21),(287,6,219,1,70,223),(288,6,221,1,71,1),(289,6,220,1,71,21),(290,6,219,1,71,223),(291,6,220,1,71,21),(292,6,219,1,71,223),(293,6,221,1,72,1),(294,6,220,1,72,21),(295,6,219,1,72,223),(296,6,220,1,72,21),(297,6,219,1,72,223),(298,6,221,1,73,1),(299,6,220,1,73,21),(300,6,219,1,73,223),(301,6,220,1,73,21),(302,6,219,1,73,223),(303,6,221,1,74,1),(304,6,220,1,74,21),(305,6,219,1,74,223),(306,6,220,1,74,21),(307,6,219,1,74,223),(308,6,219,1,0,223),(309,6,219,1,0,223),(310,6,221,1,75,1),(311,6,220,1,75,21),(312,6,219,1,75,223),(313,6,220,1,75,21),(314,6,219,1,75,223),(315,6,221,1,76,1),(316,6,220,1,76,21),(317,6,219,1,76,223),(318,6,220,1,76,21),(319,6,219,1,76,223),(320,6,221,1,77,1),(321,6,220,1,77,21),(322,6,219,1,77,223),(323,6,220,1,77,21),(324,6,219,1,77,223),(325,6,221,1,78,38),(326,6,220,1,78,10),(327,6,219,1,78,223),(328,6,220,1,78,10),(329,6,219,1,78,223),(330,6,221,1,79,1),(331,6,220,1,79,21),(332,6,219,1,79,223),(333,6,220,1,79,21),(334,6,219,1,79,223),(335,6,221,1,80,1),(336,6,220,1,80,21),(337,6,219,1,80,223),(338,6,220,1,80,21),(339,6,219,1,80,223),(340,6,221,1,81,76),(341,6,220,1,81,32),(342,6,219,1,81,220),(343,6,220,1,81,32),(344,6,219,1,81,220),(345,7,249,1,89,1),(346,7,249,1,90,1);
insert into `sales_order_entity_int` (`value_id`,`entity_type_id`,`attribute_id`,`store_id`,`entity_id`,`value`) values (347,7,249,1,91,1),(348,7,249,1,92,1),(349,7,249,1,93,1),(350,7,249,1,95,1),(351,7,249,1,96,1),(352,7,249,1,100,1),(353,7,249,1,111,1),(354,7,249,1,115,1),(355,7,249,1,117,1),(356,7,249,1,118,1),(357,7,249,1,119,1),(358,7,249,1,99,10),(359,7,249,1,114,10),(360,7,249,1,107,28),(361,7,249,1,94,100),(362,7,249,1,98,100),(363,7,249,1,101,100),(364,7,249,1,102,100),(365,7,249,1,106,100),(366,7,249,1,109,100),(367,7,249,1,114,100),(368,7,249,1,87,101),(369,7,249,1,88,101),(370,7,249,1,112,101),(371,7,249,1,117,101),(372,7,249,1,104,102),(373,7,249,1,106,102),(374,7,249,1,108,102),(375,7,249,1,109,102),(376,7,249,1,116,102),(377,7,249,1,105,103),(378,7,249,1,109,103),(379,7,249,1,103,104),(380,7,249,1,104,104),(381,7,249,1,117,104),(382,7,249,1,117,105),(383,7,249,1,112,106),(384,7,249,1,117,106),(385,7,249,1,114,108),(386,7,249,1,110,109),(387,7,249,1,117,118),(388,7,249,1,97,123),(389,7,249,1,109,123),(390,7,249,1,111,123),(391,7,249,1,112,123),(392,7,249,1,115,123),(393,7,249,1,117,123),(394,7,249,1,102,130),(395,7,249,1,106,130),(396,7,249,1,113,132),(397,7,249,1,120,132),(398,7,249,1,86,405),(399,7,249,1,85,407),(400,7,249,1,87,407),(401,7,249,1,88,407),(402,7,249,1,84,409),(403,7,249,1,87,409),(404,7,249,1,88,409),(405,7,249,1,83,412),(406,7,249,1,87,412),(407,7,249,1,88,412),(408,7,249,1,82,413);
insert into `sales_order_entity_int` (`value_id`,`entity_type_id`,`attribute_id`,`store_id`,`entity_id`,`value`) values (409,7,249,1,85,413),(410,7,249,1,87,413),(411,7,249,1,88,413),(412,7,249,1,86,434),(413,7,249,1,87,438),(414,7,249,1,88,438),(415,7,249,1,119,2444),(416,7,249,1,0,2444),(417,7,249,1,0,2451),(418,7,249,1,0,2490),(419,7,249,1,0,2522),(420,7,249,1,0,2524),(421,7,249,1,0,2524),(422,7,249,1,120,2542),(423,7,249,1,0,2554),(424,8,253,1,121,1),(425,8,253,1,142,1),(426,8,253,1,145,1),(427,8,253,1,124,2),(428,8,253,1,125,2),(429,8,253,1,129,2),(430,8,253,1,131,2),(431,8,253,1,132,2),(432,8,253,1,133,2),(433,8,253,1,134,2),(434,8,253,1,135,2),(435,8,253,1,136,2),(436,8,253,1,137,2),(437,8,253,1,138,2),(438,8,253,1,123,3),(439,8,253,1,127,3),(440,8,253,1,130,3),(441,8,253,1,139,3),(442,8,253,1,140,3),(443,8,253,1,141,3),(444,8,253,1,143,3),(445,8,253,1,144,3),(446,8,253,1,126,4),(447,8,253,1,128,4),(448,8,253,1,122,5),(449,8,254,1,125,2008),(450,8,254,1,131,2008),(451,8,254,1,134,2008),(452,8,254,1,135,2008),(453,8,254,1,137,2008),(454,8,254,1,142,2008),(455,8,254,1,145,2008),(456,8,254,1,121,2009),(457,8,254,1,122,2009),(458,8,254,1,123,2009),(459,8,254,1,126,2009),(460,8,254,1,127,2009),(461,8,254,1,128,2009),(462,8,254,1,129,2009),(463,8,254,1,130,2009),(464,8,254,1,132,2009),(465,8,254,1,136,2009),(466,8,254,1,138,2009),(467,8,254,1,140,2009),(468,8,254,1,124,2010),(469,8,254,1,133,2010),(470,8,254,1,141,2010);
insert into `sales_order_entity_int` (`value_id`,`entity_type_id`,`attribute_id`,`store_id`,`entity_id`,`value`) values (471,8,254,1,139,2011),(472,8,254,1,144,2011),(473,8,254,1,143,2012);

/*Table structure for table `sales_order_entity_text` */

DROP TABLE IF EXISTS `sales_order_entity_text`;

CREATE TABLE `sales_order_entity_text` (
  `value_id` int(11) NOT NULL auto_increment,
  `entity_type_id` mediumint(8) unsigned NOT NULL default '0',
  `attribute_id` smallint(5) unsigned NOT NULL default '0',
  `store_id` smallint(5) unsigned NOT NULL default '0',
  `entity_id` int(10) unsigned NOT NULL default '0',
  `value` text NOT NULL,
  PRIMARY KEY  (`value_id`),
  KEY `FK_ATTRIBUTE_TEXT_ENTITY_TYPE` (`entity_type_id`),
  KEY `FK_ATTRIBUTE_TEXT_ATTRIBUTE` (`attribute_id`),
  KEY `FK_ATTRIBUTE_TEXT_STORE` (`store_id`),
  KEY `FK_ATTRIBUTE_TEXT_ENTITY` (`entity_id`)
) ENGINE=InnoDB DEFAULT CHARSET=utf8;

/*Data for the table `sales_order_entity_text` */

insert into `sales_order_entity_text` (`value_id`,`entity_type_id`,`attribute_id`,`store_id`,`entity_id`,`value`) values (1,4,208,1,1,'ups Ground'),(2,4,208,1,2,'ups Ground'),(3,4,208,1,3,'ups Ground'),(4,4,208,1,4,'ups Ground'),(5,4,208,1,5,'shiptable Best way'),(6,4,208,1,6,'shiptable Best way'),(7,4,208,1,7,'shiptable Best way'),(8,4,208,1,8,'ups Ground'),(9,4,208,1,9,'ups Ground'),(10,4,208,1,10,'ups Ground'),(11,4,208,1,11,'ups Ground'),(12,4,208,1,12,'ups Ground'),(13,4,208,1,13,'ups Ground'),(14,4,208,1,14,'ups Ground'),(15,4,208,1,15,'ups Ground'),(16,4,208,1,16,'ups Ground'),(17,4,208,1,17,'ups Ground'),(18,4,208,1,18,'ups Ground'),(19,4,208,1,19,'ups Ground'),(20,4,208,1,20,'ups Ground'),(21,4,208,1,21,'ups 2nd Day Air'),(22,4,208,1,22,'ups Ground'),(23,4,208,1,23,'ups Ground'),(24,4,208,1,24,'ups Ground'),(25,4,208,1,25,'ups Ground'),(26,4,208,1,26,'ups Next Day Air'),(27,4,208,1,27,'ups Ground'),(28,4,208,1,28,'shiptable Best way'),(29,4,208,1,29,'ups Ground'),(30,4,208,1,32,'ups Next Day Air Saver'),(31,4,208,1,35,'ups Next Day Air Early AM'),(32,4,208,1,38,'ups Next Day Air Saver'),(33,4,208,1,39,'shiptable Best way'),(34,4,208,1,40,'ups Next Day Air'),(35,4,208,1,41,'ups Next Day Air Early AM'),(36,4,208,1,42,'ups Next Day Air'),(37,6,222,1,43,'10416 irene st\napt 9'),(38,6,222,1,43,'10416 irene st\napt 9'),(39,6,222,1,0,'340dff fsd fdsf ds'),(40,6,222,1,0,'wwe\nwe');
insert into `sales_order_entity_text` (`value_id`,`entity_type_id`,`attribute_id`,`store_id`,`entity_id`,`value`) values (41,6,222,1,44,'10416 irene st\napt 9'),(42,6,222,1,44,'10416 irene st\napt 9'),(43,6,222,1,45,'street 1\nstreet 2'),(44,6,222,1,45,'10416 irene st\napt 9'),(45,6,222,1,46,'street 1\nstreet 2'),(46,6,222,1,46,'10416 irene st\napt 9'),(47,6,222,1,47,'street 1\nstreet 2'),(48,6,222,1,47,'street 1\nstreet 2'),(49,6,222,1,48,'street 1\nstreet 2'),(50,6,222,1,48,'street 1\nstreet 2'),(51,6,222,1,49,'street 1\nstreet 2'),(52,6,222,1,49,'street 1\nstreet 2'),(53,6,222,1,50,'street 1\nstreet 2'),(54,6,222,1,50,'street 1\nstreet 2'),(55,6,222,1,51,'street 1\nstreet 2'),(56,6,222,1,51,'street 1\nstreet 2'),(57,6,222,1,52,'street 1\nstreet 2'),(58,6,222,1,52,'street 1\nstreet 2'),(59,6,222,1,53,'street 1\nstreet 2'),(60,6,222,1,53,'street 1\nstreet 2'),(61,6,222,1,54,'street 1\nstreet 2'),(62,6,222,1,54,'street 1\nstreet 2'),(63,6,222,1,55,'street 1\nstreet 2'),(64,6,222,1,55,'street 1\nstreet 2'),(65,6,222,1,56,'street 1\nstreet 2'),(66,6,222,1,56,'street 1\nstreet 2'),(67,6,222,1,57,'street 1\nstreet 2'),(68,6,222,1,57,'street 1\nstreet 2'),(69,6,222,1,58,'street 1\nstreet 2'),(70,6,222,1,58,'street 1\nstreet 2'),(71,6,222,1,59,'street 1\nstreet 2'),(72,6,222,1,59,'street 1\nstreet 2'),(73,6,222,1,60,'street 1\nstreet 2'),(74,6,222,1,60,'street 1\nstreet 2'),(75,6,222,1,61,'street 1\nstreet 2');
insert into `sales_order_entity_text` (`value_id`,`entity_type_id`,`attribute_id`,`store_id`,`entity_id`,`value`) values (76,6,222,1,61,'street 1\nstreet 2'),(77,6,222,1,62,'street 1\nstreet 2'),(78,6,222,1,62,'street 1\nstreet 2'),(79,6,222,1,0,'rwtrt'),(80,6,222,1,0,'rwtrt'),(81,6,222,1,63,'rwtrt'),(82,6,222,1,63,'rwtrt'),(83,6,222,1,64,'werswfrswfg\nsdfgsf'),(84,6,222,1,64,'werswfrswfg\nsdfgsf'),(85,6,222,1,65,'street 1\nstreet 2'),(86,6,222,1,65,'street 1\nstreet 2'),(87,6,222,1,66,'wer wer wer wer wer\n123123123'),(88,6,222,1,66,'wer wer wer wer wer\n123123123'),(89,6,222,1,67,'street 1\nstreet 2'),(90,6,222,1,67,'street 1\nstreet 2'),(91,6,222,1,68,'address street 1\naddress street 2'),(92,6,222,1,68,'address street 1\naddress street 2'),(93,6,222,1,69,'3402 Motor Ave Suite B\naddress street 2'),(94,6,222,1,69,'3402 Motor Ave Suite B\naddress street 2'),(95,6,222,1,70,'3402 Motor Ave Suite B\naddress street 2'),(96,6,222,1,70,'3402 Motor Ave Suite B\naddress street 2'),(97,6,222,1,71,'3402 Motor Ave Suite B\naddress street 2'),(98,6,222,1,71,'3402 Motor Ave Suite B\naddress street 2'),(99,6,222,1,72,'3402 Motor Ave Suite B\naddress street 2'),(100,6,222,1,72,'3402 Motor Ave Suite B\naddress street 2'),(101,6,222,1,73,'3402 Motor Ave Suite B\naddress street 2'),(102,6,222,1,73,'3402 Motor Ave Suite B\naddress street 2');
insert into `sales_order_entity_text` (`value_id`,`entity_type_id`,`attribute_id`,`store_id`,`entity_id`,`value`) values (103,6,222,1,74,'3402 Motor Ave Suite B\naddress street 2'),(104,6,222,1,74,'3402 Motor Ave Suite B\naddress street 2'),(105,6,222,1,0,'3402 Motor Ave.'),(106,6,222,1,0,'3402 Motor Ave.'),(107,6,222,1,75,'3402 Motor Ave Suite B\naddress street 2'),(108,6,222,1,75,'3402 Motor Ave Suite B\naddress street 2'),(109,6,222,1,76,'3402 Motor Ave Suite B\naddress street 2'),(110,6,222,1,76,'3402 Motor Ave Suite B\naddress street 2'),(111,6,222,1,77,'3402 Motor Ave Suite B\naddress street 2'),(112,6,222,1,77,'3402 Motor Ave Suite B\naddress street 2'),(113,6,222,1,78,'street 1\nstreet 2'),(114,6,222,1,78,'street 1\nstreet 2'),(115,6,222,1,79,'3402 Motor Ave Suite B\naddress street 2'),(116,6,222,1,79,'3402 Motor Ave Suite B\naddress street 2'),(117,6,222,1,80,'3402 Motor Ave Suite B\naddress street 2'),(118,6,222,1,80,'3402 Motor Ave Suite B\naddress street 2'),(119,6,222,1,81,'Metalistov\n6'),(120,6,222,1,81,'Metalistov\n6'),(121,7,251,1,82,'Product #413'),(122,7,250,1,82,'product_small_image.jpg'),(123,7,251,1,83,'Product #412'),(124,7,250,1,83,'product_small_image.jpg'),(125,7,251,1,84,'Product #409'),(126,7,250,1,84,'product_small_image.jpg'),(127,7,251,1,85,'Product #407'),(128,7,250,1,85,'product_small_image.jpg');
insert into `sales_order_entity_text` (`value_id`,`entity_type_id`,`attribute_id`,`store_id`,`entity_id`,`value`) values (129,7,251,1,85,'Product #413'),(130,7,250,1,85,'product_small_image.jpg'),(131,7,251,1,86,'Product #405'),(132,7,250,1,86,'product_small_image.jpg'),(133,7,251,1,86,'Product #434'),(134,7,250,1,86,'product_small_image.jpg'),(135,7,251,1,87,'Product #407'),(136,7,250,1,87,'product_small_image.jpg'),(137,7,251,1,87,'Product #413'),(138,7,250,1,87,'product_small_image.jpg'),(139,7,251,1,87,'Product #409'),(140,7,250,1,87,'product_small_image.jpg'),(141,7,251,1,87,'Product #101'),(142,7,250,1,87,'product_small_image.jpg'),(143,7,251,1,87,'Product #438'),(144,7,250,1,87,'product_small_image.jpg'),(145,7,251,1,87,'Product #412'),(146,7,250,1,87,'product_small_image.jpg'),(147,7,251,1,88,'Product #407'),(148,7,250,1,88,'product_small_image.jpg'),(149,7,251,1,88,'Product #413'),(150,7,250,1,88,'product_small_image.jpg'),(151,7,251,1,88,'Product #409'),(152,7,250,1,88,'product_small_image.jpg'),(153,7,251,1,88,'Product #101'),(154,7,250,1,88,'product_small_image.jpg'),(155,7,251,1,88,'Product #438'),(156,7,250,1,88,'product_small_image.jpg'),(157,7,251,1,88,'Product #412'),(158,7,250,1,88,'product_small_image.jpg'),(159,7,251,1,89,'Product #1'),(160,7,250,1,89,'product_small_image.jpg'),(161,7,251,1,90,'Product #1');
insert into `sales_order_entity_text` (`value_id`,`entity_type_id`,`attribute_id`,`store_id`,`entity_id`,`value`) values (162,7,250,1,90,'product_small_image.jpg'),(163,7,251,1,91,'Product #1'),(164,7,250,1,91,'product_small_image.jpg'),(165,7,251,1,92,'Product #1'),(166,7,250,1,92,'product_small_image.jpg'),(167,7,251,1,93,'Product #1'),(168,7,250,1,93,'product_small_image.jpg'),(169,7,251,1,94,'Product #100'),(170,7,250,1,94,'product_small_image.jpg'),(171,7,251,1,95,'Product #1'),(172,7,250,1,95,'product_small_image.jpg'),(173,7,251,1,96,'Product #1'),(174,7,250,1,96,'product_small_image.jpg'),(175,7,251,1,97,'Product #123'),(176,7,250,1,97,'product_small_image.jpg'),(177,7,251,1,98,'Product #100'),(178,7,250,1,98,'product_small_image.jpg'),(179,7,251,1,99,'Product #10'),(180,7,250,1,99,'product_small_image.jpg'),(181,7,251,1,100,'Product #1'),(182,7,250,1,100,'product_small_image.jpg'),(183,7,251,1,101,'Product #100'),(184,7,250,1,101,'product_small_image.jpg'),(185,7,251,1,102,'Product #100'),(186,7,250,1,102,'product_small_image.jpg'),(187,7,251,1,102,'Product #130'),(188,7,250,1,102,'product_small_image.jpg'),(189,7,251,1,103,'Product #104'),(190,7,250,1,103,'product_small_image.jpg'),(191,7,251,1,104,'Product #104'),(192,7,250,1,104,'product_small_image.jpg'),(193,7,251,1,104,'Product #102'),(194,7,250,1,104,'product_small_image.jpg'),(195,7,251,1,105,'Product #103');
insert into `sales_order_entity_text` (`value_id`,`entity_type_id`,`attribute_id`,`store_id`,`entity_id`,`value`) values (196,7,250,1,105,'product_small_image.jpg'),(197,7,251,1,106,'Product #100'),(198,7,250,1,106,'product_small_image.jpg'),(199,7,251,1,106,'Product #130'),(200,7,250,1,106,'product_small_image.jpg'),(201,7,251,1,106,'Product #102'),(202,7,250,1,106,'product_small_image.jpg'),(203,7,251,1,107,'Product #28'),(204,7,250,1,107,'product_small_image.jpg'),(205,7,251,1,108,'Product #102'),(206,7,250,1,108,'product_small_image.jpg'),(207,7,251,1,109,'Product #103'),(208,7,250,1,109,'product_small_image.jpg'),(209,7,251,1,109,'Product #123'),(210,7,250,1,109,'product_small_image.jpg'),(211,7,251,1,109,'Product #102'),(212,7,250,1,109,'product_small_image.jpg'),(213,7,251,1,109,'Product #100'),(214,7,250,1,109,'product_small_image.jpg'),(215,7,251,1,110,'Product #109'),(216,7,250,1,110,'product_small_image.jpg'),(217,7,251,1,111,'Product #123'),(218,7,250,1,111,'product_small_image.jpg'),(219,7,251,1,111,'Product #1'),(220,7,250,1,111,'product_small_image.jpg'),(221,7,251,1,112,'Product #101'),(222,7,250,1,112,'product_small_image.jpg'),(223,7,251,1,112,'Product #106'),(224,7,250,1,112,'product_small_image.jpg'),(225,7,251,1,112,'Product #123'),(226,7,250,1,112,'product_small_image.jpg'),(227,7,251,1,113,'Product #132');
insert into `sales_order_entity_text` (`value_id`,`entity_type_id`,`attribute_id`,`store_id`,`entity_id`,`value`) values (228,7,250,1,113,'product_small_image.jpg'),(229,7,251,1,114,'Product #108'),(230,7,250,1,114,'product_small_image.jpg'),(231,7,251,1,114,'Product #100'),(232,7,250,1,114,'product_small_image.jpg'),(233,7,251,1,114,'Product #10'),(234,7,250,1,114,'product_small_image.jpg'),(235,7,251,1,115,'Product #123'),(236,7,250,1,115,'product_small_image.jpg'),(237,7,251,1,115,'Product #1'),(238,7,250,1,115,'product_small_image.jpg'),(239,7,251,1,116,'Product #102'),(240,7,250,1,116,'product_small_image.jpg'),(241,7,251,1,117,'Product #101'),(242,7,250,1,117,'product_small_image.jpg'),(243,7,251,1,117,'Product #106'),(244,7,250,1,117,'product_small_image.jpg'),(245,7,251,1,117,'Product #123'),(246,7,250,1,117,'product_small_image.jpg'),(247,7,251,1,117,'Product #105'),(248,7,250,1,117,'product_small_image.jpg'),(249,7,251,1,117,'Product #118'),(250,7,250,1,117,'product_small_image.jpg'),(251,7,251,1,117,'Product #1'),(252,7,250,1,117,'product_small_image.jpg'),(253,7,251,1,117,'Product #104'),(254,7,250,1,117,'product_small_image.jpg'),(255,7,251,1,118,'Product #1'),(256,7,250,1,118,'product_small_image.jpg'),(257,7,251,1,119,'Product #1'),(258,7,250,1,119,'product_small_image.jpg'),(259,7,251,1,119,'A604 - Professional - Black Polyurethane - Steel Toe');
insert into `sales_order_entity_text` (`value_id`,`entity_type_id`,`attribute_id`,`store_id`,`entity_id`,`value`) values (260,7,250,1,119,'0020670.jpg'),(261,7,251,1,0,'A604 - Professional - Black Polyurethane - Steel Toe'),(262,7,250,1,0,'0020670.jpg'),(263,7,251,1,0,'BirkoActive - Full-length arch support for outdoor fun'),(264,7,250,1,0,'0009207.jpg'),(265,7,251,1,0,'Gift Certificate'),(266,7,250,1,0,'0051461-3.jpg'),(267,7,251,1,0,'Cork Life - Sealer'),(268,7,250,1,0,'0051461-3.jpg'),(269,7,251,1,0,'Aruba - Butterflies Pink'),(270,7,250,1,0,'0051461-3.jpg'),(271,7,251,1,0,'Angora Argyle Socks - Set of three'),(272,7,250,1,0,'2095_2~6.gif'),(273,7,251,1,120,'Product #132'),(274,7,250,1,120,'product_small_image.jpg'),(275,7,251,1,120,'OZ 3 - BLACK'),(276,7,250,1,120,'0051461-3.jpg'),(277,7,251,1,0,'Cork Life - Sealer'),(278,7,250,1,0,'0051461-3.jpg'),(279,8,255,1,125,'x_version=3.1&x_delim_data=True&x_delim_char=%2C&x_relay_response=False&x_test_request=TRUE&x_login=irub782&x_tran_key=3Ryyz3x99mZ68Z94&x_amount=&x_type=AUTH_ONLY&x_method=&x_po_num=&x_tax=4.3725&x_freight='),(280,8,256,1,125,'3,2,33,(TESTMODE) Credit card number is required.,000000,P,0,,,0.00,CC,auth_only,,,,,,,,,,,,,,,,,,,,,4.3725,,,,,CBB4065BEEAB312296FDBB29E07938A2,,,,,,,,,,,,,,,,,,,,,,,,,,,,,,');
insert into `sales_order_entity_text` (`value_id`,`entity_type_id`,`attribute_id`,`store_id`,`entity_id`,`value`) values (281,8,255,1,126,'x_version=3.1&x_delim_data=True&x_delim_char=%2C&x_relay_response=False&x_test_request=TRUE&x_login=irub782&x_tran_key=3Ryyz3x99mZ68Z94&x_amount=&x_type=AUTH_ONLY&x_method=CC&x_po_num=&x_tax=4.3725&x_freight='),(282,8,256,1,126,'3,2,33,(TESTMODE) Credit card number is required.,000000,P,0,,,0.00,CC,auth_only,,,,,,,,,,,,,,,,,,,,,4.3725,,,,,CBB4065BEEAB312296FDBB29E07938A2,,,,,,,,,,,,,,,,,,,,,,,,,,,,,,'),(283,8,255,1,127,'x_version=3.1&x_delim_data=True&x_delim_char=%2C&x_relay_response=False&x_test_request=TRUE&x_login=irub782&x_tran_key=3Ryyz3x99mZ68Z94&x_amount=&x_type=AUTH_ONLY&x_method=CC&x_po_num=&x_tax=4.3725&x_freight=&x_card_num=4111111111111111&x_exp_date=&x_card_code='),(284,8,256,1,127,'3,2,33,(TESTMODE) Expiration date is required.,000000,P,0,,,0.00,CC,auth_only,,,,,,,,,,,,,,,,,,,,,4.3725,,,,,CBB4065BEEAB312296FDBB29E07938A2,,,,,,,,,,,,,,,,,,,,,,,,,,,,,,'),(285,8,255,1,128,'x_version=3.1&x_delim_data=True&x_delim_char=%2C&x_relay_response=False&x_test_request=TRUE&x_login=irub782&x_tran_key=3Ryyz3x99mZ68Z94&x_amount=&x_type=AUTH_ONLY&x_method=CC&x_po_num=&x_tax=7.5900&x_freight=&x_card_num=4111111111111111&x_exp_date=042009&x_card_code=1234');
insert into `sales_order_entity_text` (`value_id`,`entity_type_id`,`attribute_id`,`store_id`,`entity_id`,`value`) values (286,8,256,1,128,'3,1,5,(TESTMODE) A valid amount is required.,000000,P,0,,,0.00,CC,auth_only,,,,,,,,,,,,,,,,,,,,,7.5900,,,,,CBB4065BEEAB312296FDBB29E07938A2,,,,,,,,,,,,,,,,,,,,,,,,,,,,,,'),(287,8,255,1,129,'x_version=3.1&x_delim_data=True&x_delim_char=%2C&x_relay_response=False&x_test_request=TRUE&x_login=irub782&x_tran_key=3Ryyz3x99mZ68Z94&x_amount=47.3725&x_type=AUTH_ONLY&x_method=CC&x_po_num=&x_tax=4.3725&x_freight=&x_card_num=4111111111111111&x_exp_date=02%2F2009&x_card_code=234'),(288,8,256,1,129,'1,1,1,(TESTMODE) This transaction has been approved.,000000,P,0,,,47.37,CC,auth_only,,,,,,,,,,,,,,,,,,,,,4.3725,,,,,29060DA1A1DB02A8B278EEEF2EA3AF9A,,,,,,,,,,,,,,,,,,,,,,,,,,,,,,');
insert into `sales_order_entity_text` (`value_id`,`entity_type_id`,`attribute_id`,`store_id`,`entity_id`,`value`) values (289,8,255,1,130,'x_version=3.1&x_delim_data=True&x_delim_char=%2C&x_relay_response=False&x_test_request=TRUE&x_login=irub782&x_tran_key=3Ryyz3x99mZ68Z94&x_amount=47.3725&x_type=AUTH_ONLY&x_method=CC&x_first_name=&x_last_name=&x_company=Varien&x_address=&x_city=Los+Angeles&x_state=&x_zip=90034&x_country=&x_phone=&x_fax=&x_cust_id=&x_customer_ip=&x_customer_tax_id=&x_email=&x_email_customer=&x_merchant_email=&x_invoice_num=&x_ship_to_first_name=&x_ship_to_last_name=&x_ship_to_company=Varien&x_ship_to_address=&x_ship_to_city=Los+Angeles&x_ship_to_state=&x_ship_to_zip=90034&x_ship_to_country=&x_po_num=&x_tax=4.3725&x_freight=&x_card_num=4111111111111111&x_exp_date=03%2F2009&x_card_code=123'),(290,8,256,1,130,'1,1,1,(TESTMODE) This transaction has been approved.,000000,P,0,,,47.37,CC,auth_only,,,,Varien,,Los Angeles,,90034,,,,,,,Varien,,Los Angeles,,90034,,4.3725,,,,,29060DA1A1DB02A8B278EEEF2EA3AF9A,,,,,,,,,,,,,,,,,,,,,,,,,,,,,,,street 1,street 2,street 1,street 2'),(291,8,255,1,131,'x_version=3.1&x_delim_data=True&x_delim_char=%2C&x_relay_response=False&x_test_request=TRUE&x_login=irub782&x_tran_key=3Ryyz3x99mZ68Z94&x_amount=19.2275&x_type=AUTH_ONLY&x_method=CC&x_invoice_num=&x_first_name=&x_last_name=&x_company=Varien&x_address=&x_city=Los+Angeles&x_state=&x_zip=90034&x_country=&x_phone=&x_fax=&x_cust_id=&x_customer_ip=&x_customer_tax_id=&x_email=&x_email_customer=&x_merchant_email=&x_ship_to_first_name=&x_ship_to_last_name=&x_ship_to_company=Varien&x_ship_to_address=&x_ship_to_city=Los+Angeles&x_ship_to_state=&x_ship_to_zip=90034&x_ship_to_country=&x_po_num=&x_tax=2.2275&x_freight=&x_card_num=4111111111111111&x_exp_date=02%2F2008&x_card_code=234');
insert into `sales_order_entity_text` (`value_id`,`entity_type_id`,`attribute_id`,`store_id`,`entity_id`,`value`) values (292,8,256,1,131,'1,1,1,(TESTMODE) This transaction has been approved.,000000,P,0,,,19.23,CC,auth_only,,,,Varien,,Los Angeles,,90034,,,,,,,Varien,,Los Angeles,,90034,,2.2275,,,,,E959EBD4BC9474C0BB960CAE9ED29E25,,,,,,,,,,,,,,,,,,,,,,,,,,,,,,,street 1,street 2,street 1,street 2'),(293,8,255,1,132,'x_version=3.1&x_delim_data=True&x_delim_char=%2C&x_relay_response=False&x_test_request=TRUE&x_login=irub782&x_tran_key=3Ryyz3x99mZ68Z94&x_amount=89.5900&x_type=AUTH_ONLY&x_method=CC&x_invoice_num=&x_first_name=&x_last_name=&x_company=Varien&x_address=street+1&x_city=Los+Angeles&x_state=&x_zip=90034&x_country=&x_phone=&x_fax=&x_cust_id=&x_customer_ip=&x_customer_tax_id=&x_email=&x_email_customer=&x_merchant_email=&x_ship_to_first_name=&x_ship_to_last_name=&x_ship_to_company=Varien&x_ship_to_address=street+1&x_ship_to_city=Los+Angeles&x_ship_to_state=&x_ship_to_zip=90034&x_ship_to_country=&x_po_num=&x_tax=7.5900&x_freight=&x_card_num=4111111111111111&x_exp_date=02%2F2009&x_card_code=123'),(294,8,256,1,132,'1,1,1,(TESTMODE) This transaction has been approved.,000000,P,0,,,89.59,CC,auth_only,,,,Varien,street 1,Los Angeles,,90034,,,,,,,Varien,street 1,Los Angeles,,90034,,7.5900,,,,,B1F9C0E1DB28F9896B9CE7979C03537E,,,,,,,,,,,,,,,,,,,,,,,,,,,,,,');
insert into `sales_order_entity_text` (`value_id`,`entity_type_id`,`attribute_id`,`store_id`,`entity_id`,`value`) values (295,8,255,1,133,'x_version=3.1&x_delim_data=True&x_delim_char=%2C&x_relay_response=False&x_test_request=TRUE&x_login=irub782&x_tran_key=3Ryyz3x99mZ68Z94&x_amount=89.5900&x_type=AUTH_ONLY&x_method=CC&x_invoice_num=&x_first_name=Moshe&x_last_name=Gurvich&x_company=Varien&x_address=street+1&x_city=Los+Angeles&x_state=&x_zip=90034&x_country=&x_phone=&x_fax=&x_cust_id=&x_customer_ip=&x_customer_tax_id=&x_email=&x_email_customer=&x_merchant_email=&x_ship_to_first_name=Moshe&x_ship_to_last_name=Gurvich&x_ship_to_company=Varien&x_ship_to_address=street+1&x_ship_to_city=Los+Angeles&x_ship_to_state=&x_ship_to_zip=90034&x_ship_to_country=&x_po_num=&x_tax=7.5900&x_freight=&x_card_num=4111111111111111&x_exp_date=02-2010&x_card_code=123'),(296,8,256,1,133,'1,1,1,(TESTMODE) This transaction has been approved.,000000,P,0,,,89.59,CC,auth_only,,Moshe,Gurvich,Varien,street 1,Los Angeles,,90034,,,,,Moshe,Gurvich,Varien,street 1,Los Angeles,,90034,,7.5900,,,,,B1F9C0E1DB28F9896B9CE7979C03537E,,,,,,,,,,,,,,,,,,,,,,,,,,,,,,');
insert into `sales_order_entity_text` (`value_id`,`entity_type_id`,`attribute_id`,`store_id`,`entity_id`,`value`) values (297,8,255,1,134,'x_version=3.1&x_delim_data=True&x_delim_char=%2C&x_relay_response=False&x_test_request=TRUE&x_login=irub782&x_tran_key=3Ryyz3x99mZ68Z94&x_amount=47.3725&x_type=AUTH_ONLY&x_method=CC&x_invoice_num=&x_first_name=Moshe&x_last_name=Gurvich&x_company=Varien&x_address=street+1&x_city=Los+Angeles&x_state=&x_zip=90034&x_country=&x_phone=&x_fax=&x_cust_id=&x_customer_ip=&x_customer_tax_id=&x_email=&x_email_customer=&x_merchant_email=&x_ship_to_first_name=Moshe&x_ship_to_last_name=Gurvich&x_ship_to_company=Varien&x_ship_to_address=street+1&x_ship_to_city=Los+Angeles&x_ship_to_state=&x_ship_to_zip=90034&x_ship_to_country=&x_po_num=&x_tax=4.3725&x_freight=&x_card_num=4111111111111111&x_exp_date=02-2008&x_card_code=123'),(298,8,256,1,134,'1,1,1,(TESTMODE) This transaction has been approved.,000000,P,0,,,47.37,CC,auth_only,,Moshe,Gurvich,Varien,street 1,Los Angeles,,90034,,,,,Moshe,Gurvich,Varien,street 1,Los Angeles,,90034,,4.3725,,,,,29060DA1A1DB02A8B278EEEF2EA3AF9A,,,,,,,,,,,,,,,,,,,,,,,,,,,,,,');
insert into `sales_order_entity_text` (`value_id`,`entity_type_id`,`attribute_id`,`store_id`,`entity_id`,`value`) values (299,8,255,1,135,'x_version=3.1&x_delim_data=True&x_delim_char=%2C&x_relay_response=False&x_test_request=TRUE&x_login=irub782&x_tran_key=3Ryyz3x99mZ68Z94&x_amount=89.5900&x_type=AUTH_ONLY&x_method=CC&x_invoice_num=&x_first_name=Moshe&x_last_name=Gurvich&x_company=Varien&x_address=street+1&x_city=Los+Angeles&x_state=&x_zip=90034&x_country=&x_phone=&x_fax=&x_cust_id=&x_customer_ip=&x_customer_tax_id=&x_email=&x_email_customer=&x_merchant_email=&x_ship_to_first_name=Moshe&x_ship_to_last_name=Gurvich&x_ship_to_company=Varien&x_ship_to_address=street+1&x_ship_to_city=Los+Angeles&x_ship_to_state=&x_ship_to_zip=90034&x_ship_to_country=&x_po_num=&x_tax=7.5900&x_freight=&x_card_num=4111111111111111&x_exp_date=02-2008&x_card_code=2345'),(300,8,256,1,135,'1,1,1,(TESTMODE) This transaction has been approved.,000000,P,0,,,89.59,CC,auth_only,,Moshe,Gurvich,Varien,street 1,Los Angeles,,90034,,,,,Moshe,Gurvich,Varien,street 1,Los Angeles,,90034,,7.5900,,,,,B1F9C0E1DB28F9896B9CE7979C03537E,,,,,,,,,,,,,,,,,,,,,,,,,,,,,,');
insert into `sales_order_entity_text` (`value_id`,`entity_type_id`,`attribute_id`,`store_id`,`entity_id`,`value`) values (301,8,255,1,136,'x_version=3.1&x_delim_data=True&x_delim_char=%2C&x_relay_response=False&x_test_request=TRUE&x_login=irub782&x_tran_key=3Ryyz3x99mZ68Z94&x_amount=245.5200&x_type=AUTH_ONLY&x_method=CC&x_invoice_num=&x_first_name=Moshe&x_last_name=Gurvich&x_company=Varien&x_address=street+1&x_city=Los+Angeles&x_state=&x_zip=90034&x_country=&x_phone=&x_fax=&x_cust_id=&x_customer_ip=&x_customer_tax_id=&x_email=&x_email_customer=&x_merchant_email=&x_ship_to_first_name=Moshe&x_ship_to_last_name=Gurvich&x_ship_to_company=Varien&x_ship_to_address=street+1&x_ship_to_city=Los+Angeles&x_ship_to_state=&x_ship_to_zip=90034&x_ship_to_country=&x_po_num=&x_tax=13.5300&x_freight=&x_card_num=4111111111111111&x_exp_date=02-2009&x_card_code=1234'),(302,8,256,1,136,'1,1,1,(TESTMODE) This transaction has been approved.,000000,P,0,,,245.52,CC,auth_only,,Moshe,Gurvich,Varien,street 1,Los Angeles,,90034,,,,,Moshe,Gurvich,Varien,street 1,Los Angeles,,90034,,13.5300,,,,,21924A14A0B2839F3E61F06A0DA6B07F,,,,,,,,,,,,,,,,,,,,,,,,,,,,,,');
insert into `sales_order_entity_text` (`value_id`,`entity_type_id`,`attribute_id`,`store_id`,`entity_id`,`value`) values (303,8,255,1,137,'x_version=3.1&x_delim_data=True&x_delim_char=%2C&x_relay_response=False&x_test_request=TRUE&x_login=irub782&x_tran_key=3Ryyz3x99mZ68Z94&x_amount=102.1300&x_type=AUTH_ONLY&x_method=CC&x_invoice_num=&x_first_name=Moshe&x_last_name=Gurvich&x_company=Varien&x_address=street+1&x_city=Los+Angeles&x_state=&x_zip=90034&x_country=&x_phone=&x_fax=&x_cust_id=&x_customer_ip=&x_customer_tax_id=&x_email=&x_email_customer=&x_merchant_email=&x_ship_to_first_name=Moshe&x_ship_to_last_name=Gurvich&x_ship_to_company=Varien&x_ship_to_address=street+1&x_ship_to_city=Los+Angeles&x_ship_to_state=&x_ship_to_zip=90034&x_ship_to_country=&x_po_num=&x_tax=4.9500&x_freight=&x_card_num=4111111111111111&x_exp_date=02-2008&x_card_code=123'),(304,8,256,1,137,'1,1,1,(TESTMODE) This transaction has been approved.,000000,P,0,,,102.13,CC,auth_only,,Moshe,Gurvich,Varien,street 1,Los Angeles,,90034,,,,,Moshe,Gurvich,Varien,street 1,Los Angeles,,90034,,4.9500,,,,,250F2A52A38E7032D43E0888D8B5C477,,,,,,,,,,,,,,,,,,,,,,,,,,,,,,');
insert into `sales_order_entity_text` (`value_id`,`entity_type_id`,`attribute_id`,`store_id`,`entity_id`,`value`) values (305,8,255,1,138,'x_version=3.1&x_delim_data=True&x_delim_char=%2C&x_relay_response=False&x_test_request=TRUE&x_login=irub782&x_tran_key=3Ryyz3x99mZ68Z94&x_amount=424.5975&x_type=AUTH_ONLY&x_method=CC&x_invoice_num=&x_first_name=QA&x_last_name=shopping&x_company=Varien&x_address=address+street+1&x_city=Kiev&x_state=&x_zip=03057&x_country=&x_phone=&x_fax=&x_cust_id=&x_customer_ip=&x_customer_tax_id=&x_email=&x_email_customer=&x_merchant_email=&x_ship_to_first_name=QA&x_ship_to_last_name=shopping&x_ship_to_company=Varien&x_ship_to_address=address+street+1&x_ship_to_city=Kiev&x_ship_to_state=&x_ship_to_zip=03057&x_ship_to_country=&x_po_num=&x_tax=31.5975&x_freight=&x_card_num=4111111111111111&x_exp_date=02-2009&x_card_code=123'),(306,8,256,1,138,'1,1,1,(TESTMODE) This transaction has been approved.,000000,P,0,,,424.60,CC,auth_only,,QA,shopping,Varien,address street 1,Kiev,,03057,,,,,QA,shopping,Varien,address street 1,Kiev,,03057,,31.5975,,,,,1D1791F2C1ABB791BC4D34A2BBC44ABB,,,,,,,,,,,,,,,,,,,,,,,,,,,,,,');
insert into `sales_order_entity_text` (`value_id`,`entity_type_id`,`attribute_id`,`store_id`,`entity_id`,`value`) values (307,8,255,1,139,'x_version=3.1&x_delim_data=True&x_delim_char=%2C&x_relay_response=False&x_test_request=TRUE&x_login=irub782&x_tran_key=3Ryyz3x99mZ68Z94&x_amount=54.9500&x_type=AUTH_ONLY&x_method=CC&x_invoice_num=&x_first_name=QA&x_last_name=shopping&x_company=Varien&x_address=3402+Motor+Ave+Suite+B&x_city=Los+Angeles&x_state=&x_zip=90034&x_country=&x_phone=&x_fax=&x_cust_id=&x_customer_ip=&x_customer_tax_id=&x_email=&x_email_customer=&x_merchant_email=&x_ship_to_first_name=QA&x_ship_to_last_name=shopping&x_ship_to_company=Varien&x_ship_to_address=3402+Motor+Ave+Suite+B&x_ship_to_city=Los+Angeles&x_ship_to_state=&x_ship_to_zip=90034&x_ship_to_country=&x_po_num=&x_tax=4.9500&x_freight=&x_card_num=4111111111111111&x_exp_date=03-2011&x_card_code=123'),(308,8,256,1,139,'1,1,1,(TESTMODE) This transaction has been approved.,000000,P,0,,,54.95,CC,auth_only,,QA,shopping,Varien,3402 Motor Ave Suite B,Los Angeles,,90034,,,,,QA,shopping,Varien,3402 Motor Ave Suite B,Los Angeles,,90034,,4.9500,,,,,86BF664BA92E2711D3F6CBE2264DAD85,,,,,,,,,,,,,,,,,,,,,,,,,,,,,,');
insert into `sales_order_entity_text` (`value_id`,`entity_type_id`,`attribute_id`,`store_id`,`entity_id`,`value`) values (309,8,255,1,140,'x_version=3.1&x_delim_data=True&x_delim_char=%2C&x_relay_response=False&x_test_request=TRUE&x_login=irub782&x_tran_key=3Ryyz3x99mZ68Z94&x_amount=76.6000&x_type=AUTH_ONLY&x_method=CC&x_invoice_num=&x_first_name=QA&x_last_name=shopping&x_company=Varien&x_address=3402+Motor+Ave+Suite+B&x_city=Los+Angeles&x_state=&x_zip=90034&x_country=&x_phone=&x_fax=&x_cust_id=&x_customer_ip=&x_customer_tax_id=&x_email=&x_email_customer=&x_merchant_email=&x_ship_to_first_name=QA&x_ship_to_last_name=shopping&x_ship_to_company=Varien&x_ship_to_address=3402+Motor+Ave+Suite+B&x_ship_to_city=Los+Angeles&x_ship_to_state=&x_ship_to_zip=90034&x_ship_to_country=&x_po_num=&x_tax=6.6000&x_freight=&x_card_num=4111111111111111&x_exp_date=03-2009&x_card_code=123'),(310,8,256,1,140,'1,1,1,(TESTMODE) This transaction has been approved.,000000,P,0,,,76.60,CC,auth_only,,QA,shopping,Varien,3402 Motor Ave Suite B,Los Angeles,,90034,,,,,QA,shopping,Varien,3402 Motor Ave Suite B,Los Angeles,,90034,,6.6000,,,,,452CA285F8C623B2831BD175D26249C9,,,,,,,,,,,,,,,,,,,,,,,,,,,,,,');

/*Table structure for table `sales_order_entity_varchar` */

DROP TABLE IF EXISTS `sales_order_entity_varchar`;

CREATE TABLE `sales_order_entity_varchar` (
  `value_id` int(11) NOT NULL auto_increment,
  `entity_type_id` mediumint(8) unsigned NOT NULL default '0',
  `attribute_id` smallint(5) unsigned NOT NULL default '0',
  `store_id` smallint(5) unsigned NOT NULL default '0',
  `entity_id` int(10) unsigned NOT NULL default '0',
  `value` varchar(255) NOT NULL default '',
  PRIMARY KEY  (`value_id`),
  KEY `FK_ATTRIBUTE_VARCHAR_ENTITY_TYPE` (`entity_type_id`),
  KEY `FK_ATTRIBUTE_VARCHAR_ATTRIBUTE` (`attribute_id`),
  KEY `FK_ATTRIBUTE_VARCHAR_STORE` (`store_id`),
  KEY `FK_ATTRIBUTE_VARCHAR_ENTITY` (`entity_id`)
) ENGINE=InnoDB DEFAULT CHARSET=utf8;

/*Data for the table `sales_order_entity_varchar` */

insert into `sales_order_entity_varchar` (`value_id`,`entity_type_id`,`attribute_id`,`store_id`,`entity_id`,`value`) values (1,4,212,1,1,'test'),(2,4,212,1,2,'test'),(3,4,212,1,3,'test'),(4,4,212,1,4,'test'),(5,4,212,1,5,'test'),(6,4,212,1,6,'test'),(7,4,212,1,7,'test'),(8,4,213,1,1,'test'),(9,4,213,1,2,'test'),(10,4,213,1,3,'test'),(11,4,213,1,4,'test'),(12,4,213,1,5,'test'),(13,4,213,1,6,'test'),(14,4,213,1,7,'test'),(15,4,209,1,5,'10'),(16,4,209,1,6,'11'),(17,4,209,1,7,'12'),(18,4,209,1,8,'28'),(19,4,209,1,9,'29'),(20,4,209,1,10,'30'),(21,4,209,1,11,'31'),(22,4,209,1,12,'33'),(23,4,209,1,13,'34'),(24,4,209,1,14,'35'),(25,4,209,1,15,'38'),(26,4,209,1,16,'39'),(27,4,209,1,17,'40'),(28,4,209,1,18,'41'),(29,4,209,1,19,'42'),(30,4,209,1,20,'43'),(31,4,209,1,21,'44'),(32,4,209,1,22,'45'),(33,4,209,1,23,'46'),(34,4,209,1,24,'47'),(35,4,209,1,25,'48'),(36,4,209,1,26,'49'),(37,4,209,1,27,'50'),(38,4,209,1,28,'51'),(39,4,209,1,29,'52'),(40,4,209,1,30,'53'),(41,4,209,1,31,'54'),(42,4,209,1,32,'55'),(43,4,209,1,33,'56'),(44,4,209,1,34,'57'),(45,4,209,1,35,'59'),(46,4,209,1,1,'6'),(47,4,209,1,36,'60'),(48,4,209,1,37,'61'),(49,4,209,1,38,'62'),(50,4,209,1,39,'63'),(51,4,209,1,40,'64'),(52,4,209,1,41,'65'),(53,4,209,1,42,'66'),(54,4,209,1,2,'7'),(55,4,209,1,3,'8'),(56,4,209,1,4,'9'),(57,4,210,1,28,'10.0.5.100'),(58,4,210,1,29,'10.0.5.100'),(59,4,210,1,30,'10.0.5.100'),(60,4,210,1,31,'10.0.5.100'),(61,4,210,1,32,'10.0.5.100'),(62,4,210,1,33,'10.0.5.100'),(63,4,210,1,34,'10.0.5.100'),(64,4,210,1,36,'10.0.5.100'),(65,4,210,1,37,'10.0.5.100'),(66,4,210,1,38,'10.0.5.100');
insert into `sales_order_entity_varchar` (`value_id`,`entity_type_id`,`attribute_id`,`store_id`,`entity_id`,`value`) values (67,4,210,1,40,'10.0.5.100'),(68,4,210,1,1,'10.0.5.249'),(69,4,210,1,2,'10.0.5.249'),(70,4,210,1,3,'10.0.5.249'),(71,4,210,1,4,'10.0.5.249'),(72,4,210,1,5,'10.0.5.249'),(73,4,210,1,6,'10.0.5.249'),(74,4,210,1,7,'10.0.5.249'),(75,4,210,1,8,'10.0.5.249'),(76,4,210,1,9,'10.0.5.249'),(77,4,210,1,10,'10.0.5.249'),(78,4,210,1,11,'10.0.5.249'),(79,4,210,1,12,'10.0.5.249'),(80,4,210,1,13,'10.0.5.249'),(81,4,210,1,14,'10.0.5.249'),(82,4,210,1,15,'10.0.5.249'),(83,4,210,1,16,'10.0.5.249'),(84,4,210,1,17,'10.0.5.249'),(85,4,210,1,18,'10.0.5.249'),(86,4,210,1,19,'10.0.5.249'),(87,4,210,1,20,'10.0.5.249'),(88,4,210,1,21,'10.0.5.249'),(89,4,210,1,22,'10.0.5.249'),(90,4,210,1,23,'10.0.5.249'),(91,4,210,1,24,'10.0.5.249'),(92,4,210,1,25,'10.0.5.249'),(93,4,210,1,27,'10.0.5.249'),(94,4,210,1,41,'10.0.5.249'),(95,4,210,1,39,'10.0.5.53'),(96,4,210,1,42,'127.0.0.1'),(97,4,210,1,35,'213.8.116.123'),(98,4,210,1,26,'77.47.128.133'),(99,4,214,1,5,'shiptable_best'),(100,4,214,1,6,'shiptable_best'),(101,4,214,1,7,'shiptable_best'),(102,4,214,1,28,'shiptable_best'),(103,4,214,1,39,'shiptable_best'),(104,4,214,1,26,'ups_1DA'),(105,4,214,1,40,'ups_1DA'),(106,4,214,1,42,'ups_1DA'),(107,4,214,1,35,'ups_1DM'),(108,4,214,1,41,'ups_1DM'),(109,4,214,1,32,'ups_1DP'),(110,4,214,1,38,'ups_1DP'),(111,4,214,1,21,'ups_2DA'),(112,4,214,1,1,'ups_GND');
insert into `sales_order_entity_varchar` (`value_id`,`entity_type_id`,`attribute_id`,`store_id`,`entity_id`,`value`) values (113,4,214,1,2,'ups_GND'),(114,4,214,1,3,'ups_GND'),(115,4,214,1,4,'ups_GND'),(116,4,214,1,8,'ups_GND'),(117,4,214,1,9,'ups_GND'),(118,4,214,1,10,'ups_GND'),(119,4,214,1,11,'ups_GND'),(120,4,214,1,12,'ups_GND'),(121,4,214,1,13,'ups_GND'),(122,4,214,1,14,'ups_GND'),(123,4,214,1,15,'ups_GND'),(124,4,214,1,16,'ups_GND'),(125,4,214,1,17,'ups_GND'),(126,4,214,1,18,'ups_GND'),(127,4,214,1,19,'ups_GND'),(128,4,214,1,20,'ups_GND'),(129,4,214,1,22,'ups_GND'),(130,4,214,1,23,'ups_GND'),(131,4,214,1,24,'ups_GND'),(132,4,214,1,25,'ups_GND'),(133,4,214,1,27,'ups_GND'),(134,4,214,1,29,'ups_GND'),(135,4,215,1,7,'pending'),(136,4,215,1,8,'pending'),(137,4,215,1,9,'pending'),(138,4,215,1,10,'pending'),(139,4,215,1,11,'pending'),(140,4,215,1,12,'pending'),(141,4,215,1,13,'pending'),(142,4,215,1,14,'pending'),(143,4,215,1,15,'pending'),(144,4,215,1,16,'pending'),(145,4,215,1,17,'pending'),(146,4,215,1,18,'pending'),(147,4,215,1,19,'pending'),(148,4,215,1,20,'pending'),(149,4,215,1,21,'pending'),(150,4,215,1,22,'pending'),(151,4,215,1,23,'pending'),(152,4,215,1,24,'pending'),(153,4,215,1,25,'pending'),(154,4,215,1,26,'pending'),(155,4,215,1,27,'pending'),(156,4,215,1,28,'pending'),(157,4,215,1,29,'pending'),(158,4,215,1,30,'pending'),(159,4,215,1,31,'pending'),(160,4,215,1,32,'pending'),(161,4,215,1,33,'pending'),(162,4,215,1,34,'pending'),(163,4,215,1,35,'pending');
insert into `sales_order_entity_varchar` (`value_id`,`entity_type_id`,`attribute_id`,`store_id`,`entity_id`,`value`) values (164,4,215,1,36,'pending'),(165,4,215,1,37,'pending'),(166,4,215,1,38,'pending'),(167,4,215,1,39,'pending'),(168,4,215,1,40,'pending'),(169,4,215,1,41,'pending'),(170,4,215,1,42,'pending'),(171,6,224,1,43,'Boris'),(172,6,225,1,43,'Gurvich'),(173,6,227,1,43,'los angeles'),(174,6,229,1,43,'90034'),(175,6,230,1,43,'310-926-6363'),(176,6,233,1,43,'billing'),(177,6,233,1,43,'shipping'),(178,6,233,1,0,'billing'),(179,6,227,1,0,'werew ewr'),(180,6,226,1,0,'varienc'),(181,6,224,1,0,'roy'),(182,6,225,1,0,'rubin'),(183,6,229,1,0,'90034'),(184,6,230,1,0,'333-333-3333'),(185,6,233,1,0,'shipping'),(186,6,227,1,0,'erdsr'),(187,6,226,1,0,'wer'),(188,6,224,1,0,'erw'),(189,6,225,1,0,'er'),(190,6,229,1,0,'55555'),(191,6,230,1,0,'333-655-6666'),(192,6,233,1,44,'billing'),(193,6,227,1,44,'los angeles'),(194,6,224,1,44,'Boris'),(195,6,225,1,44,'Gurvich'),(196,6,229,1,44,'90034'),(197,6,230,1,44,'310-926-6363'),(198,6,233,1,44,'shipping'),(199,6,233,1,45,'billing'),(200,6,227,1,45,'Los Angeles'),(201,6,226,1,45,'Varien'),(202,6,224,1,45,'Moshe'),(203,6,225,1,45,'Gurvich'),(204,6,229,1,45,'90034'),(205,6,228,1,45,'California'),(206,6,230,1,45,'222-222-2222'),(207,6,233,1,45,'shipping'),(208,6,224,1,45,'Boris'),(209,6,230,1,45,'310-926-6363'),(210,6,233,1,46,'billing'),(211,6,227,1,46,'Los Angeles'),(212,6,226,1,46,'Varien'),(213,6,224,1,46,'Moshe'),(214,6,225,1,46,'Gurvich');
insert into `sales_order_entity_varchar` (`value_id`,`entity_type_id`,`attribute_id`,`store_id`,`entity_id`,`value`) values (215,6,229,1,46,'90034'),(216,6,228,1,46,'California'),(217,6,230,1,46,'222-222-2222'),(218,6,233,1,46,'shipping'),(219,6,224,1,46,'Boris'),(220,6,230,1,46,'310-926-6363'),(221,6,224,1,47,'Moshe'),(222,6,225,1,47,'Gurvich'),(223,6,226,1,47,'Varien'),(224,6,227,1,47,'Los Angeles'),(225,6,229,1,47,'90034'),(226,6,230,1,47,'222-222-2222'),(227,6,233,1,47,'billing'),(228,6,233,1,47,'shipping'),(229,6,233,1,48,'billing'),(230,6,227,1,48,'Los Angeles'),(231,6,226,1,48,'Varien'),(232,6,224,1,48,'Moshe'),(233,6,225,1,48,'Gurvich'),(234,6,229,1,48,'90034'),(235,6,230,1,48,'222-222-2222'),(236,6,233,1,48,'shipping'),(237,6,233,1,49,'billing'),(238,6,227,1,49,'Los Angeles'),(239,6,226,1,49,'Varien'),(240,6,224,1,49,'Moshe'),(241,6,225,1,49,'Gurvich'),(242,6,229,1,49,'90034'),(243,6,230,1,49,'222-222-2222'),(244,6,233,1,49,'shipping'),(245,6,224,1,50,'Moshe'),(246,6,225,1,50,'Gurvich'),(247,6,226,1,50,'Varien'),(248,6,227,1,50,'Los Angeles'),(249,6,228,1,50,'12'),(250,6,229,1,50,'90034'),(251,6,230,1,50,'222-222-2222'),(252,6,233,1,50,'billing'),(253,6,233,1,50,'shipping'),(254,6,224,1,51,'Moshe'),(255,6,225,1,51,'Gurvich'),(256,6,226,1,51,'Varien'),(257,6,227,1,51,'Los Angeles'),(258,6,228,1,51,'12'),(259,6,229,1,51,'90034'),(260,6,230,1,51,'222-222-2222'),(261,6,233,1,51,'billing'),(262,6,233,1,51,'shipping'),(263,6,233,1,52,'billing');
insert into `sales_order_entity_varchar` (`value_id`,`entity_type_id`,`attribute_id`,`store_id`,`entity_id`,`value`) values (264,6,227,1,52,'Los Angeles'),(265,6,226,1,52,'Varien'),(266,6,224,1,52,'Moshe'),(267,6,225,1,52,'Gurvich'),(268,6,229,1,52,'90034'),(269,6,228,1,52,'12'),(270,6,230,1,52,'222-222-2222'),(271,6,233,1,52,'shipping'),(272,6,224,1,53,'Moshe'),(273,6,225,1,53,'Gurvich'),(274,6,226,1,53,'Varien'),(275,6,227,1,53,'Los Angeles'),(276,6,228,1,53,'12'),(277,6,229,1,53,'90034'),(278,6,230,1,53,'222-222-2222'),(279,6,233,1,53,'billing'),(280,6,233,1,53,'shipping'),(281,6,233,1,54,'billing'),(282,6,227,1,54,'Los Angeles'),(283,6,226,1,54,'Varien'),(284,6,224,1,54,'Moshe'),(285,6,225,1,54,'Gurvich'),(286,6,229,1,54,'90034'),(287,6,228,1,54,'12'),(288,6,230,1,54,'222-222-2222'),(289,6,233,1,54,'shipping'),(290,6,233,1,55,'billing'),(291,6,227,1,55,'Los Angeles'),(292,6,226,1,55,'Varien'),(293,6,224,1,55,'Moshe'),(294,6,225,1,55,'Gurvich'),(295,6,229,1,55,'90034'),(296,6,228,1,55,'12'),(297,6,230,1,55,'222-222-2222'),(298,6,233,1,55,'shipping'),(299,6,233,1,56,'billing'),(300,6,227,1,56,'Los Angeles'),(301,6,226,1,56,'Varien'),(302,6,224,1,56,'Moshe'),(303,6,225,1,56,'Gurvich'),(304,6,229,1,56,'90034'),(305,6,228,1,56,'12'),(306,6,230,1,56,'222-222-2222'),(307,6,233,1,56,'shipping'),(308,6,233,1,57,'billing'),(309,6,227,1,57,'Los Angeles'),(310,6,226,1,57,'Varien'),(311,6,224,1,57,'Moshe'),(312,6,225,1,57,'Gurvich'),(313,6,229,1,57,'90034'),(314,6,228,1,57,'12');
insert into `sales_order_entity_varchar` (`value_id`,`entity_type_id`,`attribute_id`,`store_id`,`entity_id`,`value`) values (315,6,230,1,57,'222-222-2222'),(316,6,233,1,57,'shipping'),(317,6,233,1,58,'billing'),(318,6,227,1,58,'Los Angeles'),(319,6,226,1,58,'Varien'),(320,6,224,1,58,'Moshe'),(321,6,225,1,58,'Gurvich'),(322,6,229,1,58,'90034'),(323,6,228,1,58,'12'),(324,6,230,1,58,'222-222-2222'),(325,6,233,1,58,'shipping'),(326,6,233,1,59,'billing'),(327,6,227,1,59,'Los Angeles'),(328,6,226,1,59,'Varien'),(329,6,224,1,59,'Moshe'),(330,6,225,1,59,'Gurvich'),(331,6,229,1,59,'90034'),(332,6,228,1,59,'12'),(333,6,230,1,59,'222-222-2222'),(334,6,233,1,59,'shipping'),(335,6,233,1,60,'billing'),(336,6,227,1,60,'Los Angeles'),(337,6,226,1,60,'Varien'),(338,6,224,1,60,'Moshe'),(339,6,225,1,60,'Gurvich'),(340,6,229,1,60,'90034'),(341,6,228,1,60,'12'),(342,6,230,1,60,'222-222-2222'),(343,6,233,1,60,'shipping'),(344,6,233,1,61,'billing'),(345,6,227,1,61,'Los Angeles'),(346,6,226,1,61,'Varien'),(347,6,224,1,61,'Moshe'),(348,6,225,1,61,'Gurvich'),(349,6,229,1,61,'90034'),(350,6,228,1,61,'12'),(351,6,230,1,61,'222-222-2222'),(352,6,233,1,61,'shipping'),(353,6,233,1,62,'billing'),(354,6,227,1,62,'Los Angeles'),(355,6,226,1,62,'Varien'),(356,6,224,1,62,'Moshe'),(357,6,225,1,62,'Gurvich'),(358,6,229,1,62,'90034'),(359,6,228,1,62,'12'),(360,6,230,1,62,'222-222-2222'),(361,6,233,1,62,'shipping'),(362,6,227,1,0,'wret'),(363,6,226,1,0,'gfsgf'),(364,6,223,1,0,'moshe@irubin.com'),(365,6,224,1,0,'moshe');
insert into `sales_order_entity_varchar` (`value_id`,`entity_type_id`,`attribute_id`,`store_id`,`entity_id`,`value`) values (366,6,225,1,0,'gurvich'),(367,6,229,1,0,'34533'),(368,6,228,1,0,'12'),(369,6,230,1,0,'345-534-3453'),(370,6,233,1,63,'billing'),(371,6,227,1,63,'wret'),(372,6,226,1,63,'gfsgf'),(373,6,223,1,63,'moshe@irubin.com'),(374,6,224,1,63,'moshe'),(375,6,225,1,63,'gurvich'),(376,6,229,1,63,'34533'),(377,6,228,1,63,'12'),(378,6,230,1,63,'345-534-3453'),(379,6,233,1,63,'shipping'),(380,6,233,1,64,'shipping'),(381,6,227,1,64,'los angeles'),(382,6,226,1,64,'asdfasdf'),(383,6,223,1,64,'m0sh3@hotmail.com'),(384,6,224,1,64,'moshe'),(385,6,225,1,64,'gurvich'),(386,6,229,1,64,'90034'),(387,6,228,1,64,'12'),(388,6,230,1,64,'310-926-6363'),(389,6,233,1,64,'billing'),(390,6,224,1,65,'Moshe'),(391,6,225,1,65,'Gurvich'),(392,6,226,1,65,'Varien'),(393,6,227,1,65,'Los Angeles'),(394,6,228,1,65,'12'),(395,6,229,1,65,'90034'),(396,6,230,1,65,'222-222-2222'),(397,6,233,1,65,'billing'),(398,6,233,1,65,'shipping'),(399,6,233,1,66,'billing'),(400,6,227,1,66,'test'),(401,6,226,1,66,'test'),(402,6,224,1,66,'test'),(403,6,225,1,66,'test'),(404,6,229,1,66,'90034'),(405,6,228,1,66,'12'),(406,6,230,1,66,'111-111-1111'),(407,6,233,1,66,'shipping'),(408,6,233,1,67,'billing'),(409,6,227,1,67,'Los Angeles'),(410,6,226,1,67,'Varien'),(411,6,224,1,67,'Moshe'),(412,6,225,1,67,'Gurvich'),(413,6,229,1,67,'90034'),(414,6,228,1,67,'12'),(415,6,230,1,67,'222-222-2222'),(416,6,233,1,67,'shipping');
insert into `sales_order_entity_varchar` (`value_id`,`entity_type_id`,`attribute_id`,`store_id`,`entity_id`,`value`) values (417,6,224,1,68,'QA'),(418,6,225,1,68,'shopping'),(419,6,226,1,68,'Varien'),(420,6,227,1,68,'Kiev'),(421,6,228,1,68,'8'),(422,6,229,1,68,'03057'),(423,6,230,1,68,'222-222-2222'),(424,6,233,1,68,'billing'),(425,6,233,1,68,'shipping'),(426,6,233,1,69,'billing'),(427,6,227,1,69,'Los Angeles'),(428,6,226,1,69,'Varien'),(429,6,224,1,69,'QA'),(430,6,225,1,69,'shopping'),(431,6,229,1,69,'90034'),(432,6,228,1,69,'12'),(433,6,230,1,69,'(123)123-1234'),(434,6,233,1,69,'shipping'),(435,6,233,1,70,'billing'),(436,6,227,1,70,'Los Angeles'),(437,6,226,1,70,'Varien'),(438,6,224,1,70,'QA'),(439,6,225,1,70,'shopping'),(440,6,229,1,70,'90034'),(441,6,228,1,70,'12'),(442,6,230,1,70,'(123)123-1234'),(443,6,233,1,70,'shipping'),(444,6,224,1,71,'QA'),(445,6,225,1,71,'shopping'),(446,6,226,1,71,'Varien'),(447,6,227,1,71,'Los Angeles'),(448,6,228,1,71,'12'),(449,6,229,1,71,'90034'),(450,6,230,1,71,'(123)123-1234'),(451,6,233,1,71,'billing'),(452,6,233,1,71,'shipping'),(453,6,224,1,72,'QA'),(454,6,225,1,72,'shopping'),(455,6,226,1,72,'Varien'),(456,6,227,1,72,'Los Angeles'),(457,6,228,1,72,'12'),(458,6,229,1,72,'90034'),(459,6,230,1,72,'(123)123-1234'),(460,6,233,1,72,'billing'),(461,6,233,1,72,'shipping'),(462,6,224,1,73,'QA'),(463,6,225,1,73,'shopping'),(464,6,226,1,73,'Varien'),(465,6,227,1,73,'Los Angeles'),(466,6,228,1,73,'12'),(467,6,229,1,73,'90034');
insert into `sales_order_entity_varchar` (`value_id`,`entity_type_id`,`attribute_id`,`store_id`,`entity_id`,`value`) values (468,6,230,1,73,'(123)123-1234'),(469,6,233,1,73,'billing'),(470,6,233,1,73,'shipping'),(471,6,224,1,74,'QA'),(472,6,225,1,74,'shopping'),(473,6,226,1,74,'Varien'),(474,6,227,1,74,'Los Angeles'),(475,6,228,1,74,'12'),(476,6,229,1,74,'90034'),(477,6,230,1,74,'(123)123-1234'),(478,6,233,1,74,'billing'),(479,6,233,1,74,'shipping'),(480,6,227,1,0,'Los Angeles'),(481,6,223,1,0,'roy@varien.com'),(482,6,230,1,0,'310-280-3908'),(483,6,233,1,75,'billing'),(484,6,227,1,75,'Los Angeles'),(485,6,226,1,75,'Varien'),(486,6,224,1,75,'QA'),(487,6,225,1,75,'shopping'),(488,6,229,1,75,'90034'),(489,6,228,1,75,'12'),(490,6,230,1,75,'(123)123-1234'),(491,6,233,1,75,'shipping'),(492,6,233,1,76,'billing'),(493,6,227,1,76,'Los Angeles'),(494,6,226,1,76,'Varien'),(495,6,224,1,76,'QA'),(496,6,225,1,76,'shopping'),(497,6,229,1,76,'90034'),(498,6,228,1,76,'12'),(499,6,230,1,76,'(123)123-1234'),(500,6,233,1,76,'shipping'),(501,6,233,1,77,'billing'),(502,6,227,1,77,'Los Angeles'),(503,6,226,1,77,'Varien'),(504,6,224,1,77,'QA'),(505,6,225,1,77,'shopping'),(506,6,229,1,77,'90034'),(507,6,228,1,77,'12'),(508,6,230,1,77,'(123)123-1234'),(509,6,233,1,77,'shipping'),(510,6,233,1,78,'billing'),(511,6,227,1,78,'Los Angeles'),(512,6,226,1,78,'Varien'),(513,6,224,1,78,'Moshe'),(514,6,225,1,78,'Gurvich'),(515,6,229,1,78,'90034'),(516,6,228,1,78,'12'),(517,6,230,1,78,'222-222-2222');
insert into `sales_order_entity_varchar` (`value_id`,`entity_type_id`,`attribute_id`,`store_id`,`entity_id`,`value`) values (518,6,233,1,78,'shipping'),(519,6,233,1,79,'billing'),(520,6,227,1,79,'Los Angeles'),(521,6,226,1,79,'Varien'),(522,6,224,1,79,'QA'),(523,6,225,1,79,'shopping'),(524,6,229,1,79,'90034'),(525,6,228,1,79,'12'),(526,6,230,1,79,'(123)123-1234'),(527,6,233,1,79,'shipping'),(528,6,233,1,80,'billing'),(529,6,227,1,80,'Los Angeles'),(530,6,226,1,80,'Varien'),(531,6,224,1,80,'QA'),(532,6,225,1,80,'shopping'),(533,6,229,1,80,'90034'),(534,6,228,1,80,'12'),(535,6,230,1,80,'(123)123-1234'),(536,6,233,1,80,'shipping'),(537,6,233,1,81,'billing'),(538,6,227,1,81,'Kiev'),(539,6,226,1,81,'Varien'),(540,6,224,1,81,'Dmitriy'),(541,6,225,1,81,'Soroka'),(542,6,229,1,81,'03057'),(543,6,228,1,81,'Kiev'),(544,6,230,1,81,'111-111-1111'),(545,6,233,1,81,'shipping'),(546,7,252,1,89,'MDL1'),(547,7,252,1,90,'MDL1'),(548,7,252,1,91,'MDL1'),(549,7,252,1,92,'MDL1'),(550,7,252,1,93,'MDL1'),(551,7,252,1,95,'MDL1'),(552,7,252,1,96,'MDL1'),(553,7,252,1,100,'MDL1'),(554,7,252,1,111,'MDL1'),(555,7,252,1,115,'MDL1'),(556,7,252,1,117,'MDL1'),(557,7,252,1,118,'MDL1'),(558,7,252,1,119,'MDL1'),(559,7,252,1,99,'MDL10'),(560,7,252,1,114,'MDL10'),(561,7,252,1,94,'MDL100'),(562,7,252,1,98,'MDL100'),(563,7,252,1,101,'MDL100'),(564,7,252,1,102,'MDL100'),(565,7,252,1,106,'MDL100'),(566,7,252,1,109,'MDL100'),(567,7,252,1,114,'MDL100'),(568,7,252,1,87,'MDL101'),(569,7,252,1,88,'MDL101'),(570,7,252,1,112,'MDL101');
insert into `sales_order_entity_varchar` (`value_id`,`entity_type_id`,`attribute_id`,`store_id`,`entity_id`,`value`) values (571,7,252,1,117,'MDL101'),(572,7,252,1,104,'MDL102'),(573,7,252,1,106,'MDL102'),(574,7,252,1,108,'MDL102'),(575,7,252,1,109,'MDL102'),(576,7,252,1,116,'MDL102'),(577,7,252,1,105,'MDL103'),(578,7,252,1,109,'MDL103'),(579,7,252,1,103,'MDL104'),(580,7,252,1,104,'MDL104'),(581,7,252,1,117,'MDL104'),(582,7,252,1,117,'MDL105'),(583,7,252,1,112,'MDL106'),(584,7,252,1,117,'MDL106'),(585,7,252,1,114,'MDL108'),(586,7,252,1,110,'MDL109'),(587,7,252,1,117,'MDL118'),(588,7,252,1,97,'MDL123'),(589,7,252,1,109,'MDL123'),(590,7,252,1,111,'MDL123'),(591,7,252,1,112,'MDL123'),(592,7,252,1,115,'MDL123'),(593,7,252,1,117,'MDL123'),(594,7,252,1,102,'MDL130'),(595,7,252,1,106,'MDL130'),(596,7,252,1,113,'MDL132'),(597,7,252,1,120,'MDL132'),(598,7,252,1,107,'MDL28'),(599,7,252,1,86,'MDL405'),(600,7,252,1,85,'MDL407'),(601,7,252,1,87,'MDL407'),(602,7,252,1,88,'MDL407'),(603,7,252,1,84,'MDL409'),(604,7,252,1,87,'MDL409'),(605,7,252,1,88,'MDL409'),(606,7,252,1,83,'MDL412'),(607,7,252,1,87,'MDL412'),(608,7,252,1,88,'MDL412'),(609,7,252,1,82,'MDL413'),(610,7,252,1,85,'MDL413'),(611,7,252,1,87,'MDL413'),(612,7,252,1,88,'MDL413'),(613,7,252,1,86,'MDL434'),(614,7,252,1,87,'MDL438'),(615,7,252,1,88,'MDL438'),(616,8,264,1,123,'000000'),(617,8,264,1,124,'000000'),(618,8,264,1,125,'000000'),(619,8,264,1,126,'000000'),(620,8,264,1,127,'000000'),(621,8,264,1,128,'000000'),(622,8,264,1,129,'000000');
insert into `sales_order_entity_varchar` (`value_id`,`entity_type_id`,`attribute_id`,`store_id`,`entity_id`,`value`) values (623,8,264,1,130,'000000'),(624,8,264,1,131,'000000'),(625,8,264,1,132,'000000'),(626,8,264,1,133,'000000'),(627,8,264,1,134,'000000'),(628,8,264,1,135,'000000'),(629,8,264,1,136,'000000'),(630,8,264,1,137,'000000'),(631,8,264,1,138,'000000'),(632,8,264,1,139,'000000'),(633,8,264,1,140,'000000'),(634,8,265,1,123,'P'),(635,8,265,1,124,'P'),(636,8,265,1,125,'P'),(637,8,265,1,126,'P'),(638,8,265,1,127,'P'),(639,8,265,1,128,'P'),(640,8,265,1,129,'P'),(641,8,265,1,130,'P'),(642,8,265,1,131,'P'),(643,8,265,1,132,'P'),(644,8,265,1,133,'P'),(645,8,265,1,134,'P'),(646,8,265,1,135,'P'),(647,8,265,1,136,'P'),(648,8,265,1,137,'P'),(649,8,265,1,138,'P'),(650,8,265,1,139,'P'),(651,8,265,1,140,'P'),(652,8,261,1,122,'1111'),(653,8,261,1,123,'1111'),(654,8,261,1,124,'1111'),(655,8,261,1,125,'1111'),(656,8,261,1,126,'1111'),(657,8,261,1,127,'1111'),(658,8,261,1,128,'1111'),(659,8,261,1,129,'1111'),(660,8,261,1,130,'1111'),(661,8,261,1,131,'1111'),(662,8,261,1,132,'1111'),(663,8,261,1,133,'1111'),(664,8,261,1,134,'1111'),(665,8,261,1,135,'1111'),(666,8,261,1,136,'1111'),(667,8,261,1,137,'1111'),(668,8,261,1,138,'1111'),(669,8,261,1,139,'1111'),(670,8,261,1,140,'1111'),(671,8,261,1,141,'1111'),(672,8,261,1,142,'1111'),(673,8,261,1,143,'1111'),(674,8,261,1,144,'1111'),(675,8,261,1,145,'1111'),(676,8,261,1,121,'5245'),(677,8,260,1,122,'0h5T7dy6SdMBHQgHVtJE4A=='),(678,8,260,1,123,'0h5T7dy6SdMVRfh9hNys6A==');
insert into `sales_order_entity_varchar` (`value_id`,`entity_type_id`,`attribute_id`,`store_id`,`entity_id`,`value`) values (679,8,260,1,124,'0h5T7dy6SdMVRfh9hNys6A=='),(680,8,260,1,125,'0h5T7dy6SdMVRfh9hNys6A=='),(681,8,260,1,126,'0h5T7dy6SdMVRfh9hNys6A=='),(682,8,260,1,127,'0h5T7dy6SdMVRfh9hNys6A=='),(683,8,260,1,128,'0h5T7dy6SdMVRfh9hNys6A=='),(684,8,260,1,129,'0h5T7dy6SdMVRfh9hNys6A=='),(685,8,260,1,130,'0h5T7dy6SdMVRfh9hNys6A=='),(686,8,260,1,131,'0h5T7dy6SdMVRfh9hNys6A=='),(687,8,260,1,132,'0h5T7dy6SdMVRfh9hNys6A=='),(688,8,260,1,133,'0h5T7dy6SdMVRfh9hNys6A=='),(689,8,260,1,134,'0h5T7dy6SdMVRfh9hNys6A=='),(690,8,260,1,135,'0h5T7dy6SdMVRfh9hNys6A=='),(691,8,260,1,136,'0h5T7dy6SdMVRfh9hNys6A=='),(692,8,260,1,137,'0h5T7dy6SdMVRfh9hNys6A=='),(693,8,260,1,138,'0h5T7dy6SdMVRfh9hNys6A=='),(694,8,260,1,139,'0h5T7dy6SdMVRfh9hNys6A=='),(695,8,260,1,140,'0h5T7dy6SdMVRfh9hNys6A=='),(696,8,260,1,141,'0h5T7dy6SdMVRfh9hNys6A=='),(697,8,260,1,142,'0h5T7dy6SdMVRfh9hNys6A=='),(698,8,260,1,143,'0h5T7dy6SdMVRfh9hNys6A=='),(699,8,260,1,144,'0h5T7dy6SdMVRfh9hNys6A=='),(700,8,260,1,145,'0h5T7dy6SdMVRfh9hNys6A=='),(701,8,260,1,121,'o8IMKepiR/77ylXTK9ECCi404jC4ps2y'),(702,8,262,1,139,'1231'),(703,8,262,1,132,'1234'),(704,8,262,1,133,'1234'),(705,8,262,1,138,'132123'),(706,8,262,1,140,'4111111111111111'),(707,8,262,1,141,'4111111111111111');
insert into `sales_order_entity_varchar` (`value_id`,`entity_type_id`,`attribute_id`,`store_id`,`entity_id`,`value`) values (708,8,262,1,142,'4111111111111111'),(709,8,262,1,143,'4111111111111111'),(710,8,262,1,144,'4111111111111111'),(711,8,262,1,145,'4111111111111111'),(712,8,262,1,0,'4wrwrt'),(713,8,262,1,0,'dsgsdfg'),(714,8,262,1,135,'ertwer'),(715,8,262,1,0,'ewrt'),(716,8,262,1,125,'fsdfas'),(717,8,262,1,121,'moshe'),(718,8,262,1,122,'moshe'),(719,8,262,1,123,'Moshe'),(720,8,262,1,136,'moshe'),(721,8,262,1,126,'sadgsdfg'),(722,8,262,1,134,'sdafgsdf'),(723,8,262,1,137,'sdafgsdgf'),(724,8,262,1,128,'sdfgsdf'),(725,8,262,1,124,'sdfgsdfg'),(726,8,262,1,127,'sdgfsdfg'),(727,8,262,1,131,'sdgtd'),(728,8,262,1,129,'sdrgsdg'),(729,8,262,1,0,'wertwert'),(730,8,262,1,130,'wertwert'),(731,8,259,1,0,'AE'),(732,8,259,1,0,'AE'),(733,8,259,1,0,'AE'),(734,8,259,1,0,'AE'),(735,8,259,1,0,'AE'),(736,8,259,1,121,'AE'),(737,8,259,1,122,'AE'),(738,8,259,1,124,'MC'),(739,8,259,1,126,'MC'),(740,8,259,1,129,'MC'),(741,8,259,1,131,'MC'),(742,8,259,1,132,'MC'),(743,8,259,1,136,'MC'),(744,8,259,1,137,'MC'),(745,8,259,1,123,'VI'),(746,8,259,1,125,'VI'),(747,8,259,1,127,'VI'),(748,8,259,1,128,'VI'),(749,8,259,1,130,'VI'),(750,8,259,1,133,'VI'),(751,8,259,1,134,'VI'),(752,8,259,1,135,'VI'),(753,8,259,1,138,'VI'),(754,8,259,1,139,'VI'),(755,8,259,1,140,'VI'),(756,8,259,1,141,'VI'),(757,8,259,1,142,'VI'),(758,8,259,1,143,'VI'),(759,8,259,1,144,'VI'),(760,8,259,1,145,'VI'),(761,8,257,1,123,'authorizenet'),(762,8,257,1,124,'authorizenet');
insert into `sales_order_entity_varchar` (`value_id`,`entity_type_id`,`attribute_id`,`store_id`,`entity_id`,`value`) values (763,8,257,1,125,'authorizenet'),(764,8,257,1,126,'authorizenet'),(765,8,257,1,127,'authorizenet'),(766,8,257,1,128,'authorizenet'),(767,8,257,1,129,'authorizenet'),(768,8,257,1,130,'authorizenet'),(769,8,257,1,131,'authorizenet'),(770,8,257,1,132,'authorizenet'),(771,8,257,1,133,'authorizenet'),(772,8,257,1,134,'authorizenet'),(773,8,257,1,135,'authorizenet'),(774,8,257,1,136,'authorizenet'),(775,8,257,1,137,'authorizenet'),(776,8,257,1,138,'authorizenet'),(777,8,257,1,139,'authorizenet'),(778,8,257,1,140,'authorizenet'),(779,8,257,1,0,'ccsave'),(780,8,257,1,0,'ccsave'),(781,8,257,1,0,'ccsave'),(782,8,257,1,0,'ccsave'),(783,8,257,1,121,'ccsave'),(784,8,257,1,122,'ccsave'),(785,8,257,1,141,'ccsave'),(786,8,257,1,142,'ccsave'),(787,8,257,1,143,'ccsave'),(788,8,257,1,144,'ccsave'),(789,8,257,1,145,'ccsave'),(790,8,257,1,0,'checkmo'),(791,8,257,1,0,'checkmo'),(792,8,257,1,0,'checkmo'),(793,8,257,1,0,'checkmo'),(794,8,257,1,0,'checkmo'),(795,8,257,1,0,'checkmo'),(796,8,257,1,0,'checkmo'),(797,8,257,1,0,'checkmo'),(798,8,257,1,0,'checkmo'),(799,8,257,1,0,'checkmo'),(800,8,257,1,0,'checkmo'),(801,8,257,1,0,'checkmo'),(802,8,257,1,0,'checkmo'),(803,5,267,1,146,'pending'),(804,5,267,1,147,'pending'),(805,5,267,1,148,'pending'),(806,5,267,1,149,'pending'),(807,5,267,1,150,'pending'),(808,5,267,1,151,'pending'),(809,5,267,1,152,'pending');
insert into `sales_order_entity_varchar` (`value_id`,`entity_type_id`,`attribute_id`,`store_id`,`entity_id`,`value`) values (810,5,267,1,153,'pending'),(811,5,267,1,154,'pending'),(812,5,267,1,155,'pending'),(813,5,267,1,156,'pending'),(814,5,267,1,157,'pending'),(815,5,267,1,158,'pending'),(816,5,267,1,159,'pending'),(817,5,267,1,160,'pending'),(818,5,267,1,161,'pending'),(819,5,267,1,162,'pending'),(820,5,267,1,163,'pending'),(821,5,267,1,164,'pending'),(822,5,267,1,165,'pending'),(823,5,267,1,166,'pending'),(824,5,267,1,167,'pending'),(825,5,267,1,168,'pending'),(826,5,267,1,169,'pending'),(827,5,267,1,170,'pending'),(828,5,267,1,171,'pending'),(829,5,267,1,172,'pending'),(830,5,267,1,173,'pending'),(831,5,267,1,174,'pending'),(832,5,267,1,175,'pending'),(833,5,267,1,176,'pending'),(834,5,267,1,177,'pending'),(835,5,267,1,178,'pending'),(836,5,267,1,179,'pending'),(837,5,267,1,180,'pending'),(838,5,267,1,181,'pending');

/*Table structure for table `sales_quote` */

DROP TABLE IF EXISTS `sales_quote`;

CREATE TABLE `sales_quote` (
  `quote_id` int(11) unsigned NOT NULL auto_increment,
  PRIMARY KEY  (`quote_id`)
) ENGINE=InnoDB DEFAULT CHARSET=utf8 COMMENT='Quotes info';

/*Data for the table `sales_quote` */

insert into `sales_quote` (`quote_id`) values (60),(62),(63),(64),(65),(66),(67),(70),(71),(72),(73),(74),(75),(76),(78),(82),(84),(85),(86),(87),(88),(90),(91),(92),(93),(94),(95),(96),(97),(98),(99),(100);

/*Table structure for table `sales_quote_attribute_datetime` */

DROP TABLE IF EXISTS `sales_quote_attribute_datetime`;

CREATE TABLE `sales_quote_attribute_datetime` (
  `quote_id` int(11) unsigned NOT NULL default '0',
  `entity_type` enum('self','item','address','payment','shipping') NOT NULL default 'self',
  `entity_id` int(11) NOT NULL default '0',
  `attribute_code` varchar(32) NOT NULL default '',
  `attribute_value` datetime NOT NULL default '0000-00-00 00:00:00',
  KEY `document_id` (`quote_id`,`entity_id`),
  KEY `entity_id` (`entity_id`,`attribute_code`),
  KEY `key` (`attribute_code`,`attribute_value`),
  KEY `quote_id` (`quote_id`,`entity_type`,`attribute_code`),
  KEY `quote_id_2` (`quote_id`,`entity_type`,`attribute_code`),
  KEY `quote_id_3` (`quote_id`,`entity_type`,`attribute_code`),
  CONSTRAINT `FK_sales_quote_attribute_datetime` FOREIGN KEY (`quote_id`) REFERENCES `sales_quote` (`quote_id`) ON DELETE CASCADE ON UPDATE CASCADE
) ENGINE=InnoDB DEFAULT CHARSET=utf8 COMMENT='Quote attributes DATETIME';

/*Data for the table `sales_quote_attribute_datetime` */

insert into `sales_quote_attribute_datetime` (`quote_id`,`entity_type`,`entity_id`,`attribute_code`,`attribute_value`) values (62,'self',0,'converted_at','2007-05-04 20:19:53'),(67,'self',0,'converted_at','2007-05-06 23:51:38'),(70,'self',0,'converted_at','2007-05-07 00:15:24'),(71,'self',0,'converted_at','2007-05-07 02:08:48'),(60,'self',0,'converted_at','2007-05-05 15:19:03'),(84,'self',0,'converted_at','2007-05-07 05:23:05'),(73,'self',0,'converted_at','2007-05-07 05:44:23'),(86,'self',0,'converted_at','2007-05-07 06:06:21'),(87,'self',0,'converted_at','2007-05-07 08:37:03'),(64,'self',0,'converted_at','2007-05-07 09:38:56'),(88,'self',0,'converted_at','2007-05-07 10:32:04'),(74,'self',0,'converted_at','2007-05-07 13:50:45'),(75,'self',0,'converted_at','2007-05-07 01:50:26'),(98,'self',0,'converted_at','2007-05-15 00:55:57');

/*Table structure for table `sales_quote_attribute_decimal` */

DROP TABLE IF EXISTS `sales_quote_attribute_decimal`;

CREATE TABLE `sales_quote_attribute_decimal` (
  `quote_id` int(11) unsigned NOT NULL default '0',
  `entity_type` enum('self','item','address','payment','shipping') NOT NULL default 'self',
  `entity_id` int(11) NOT NULL default '0',
  `attribute_code` varchar(32) NOT NULL default '',
  `attribute_value` decimal(12,4) NOT NULL default '0.0000',
  KEY `document_id` (`quote_id`,`entity_id`),
  KEY `entity_id` (`entity_id`,`attribute_code`),
  KEY `key` (`attribute_code`,`attribute_value`),
  KEY `quote_id` (`quote_id`,`entity_type`,`attribute_code`),
  KEY `quote_id_2` (`quote_id`,`entity_type`,`attribute_code`),
  KEY `quote_id_3` (`quote_id`,`entity_type`,`attribute_code`),
  CONSTRAINT `FK_sales_quote_attribute_decimal` FOREIGN KEY (`quote_id`) REFERENCES `sales_quote` (`quote_id`) ON DELETE CASCADE ON UPDATE CASCADE
) ENGINE=InnoDB DEFAULT CHARSET=utf8 COMMENT='Quote attributes DECIMAL';

/*Data for the table `sales_quote_attribute_decimal` */

insert into `sales_quote_attribute_decimal` (`quote_id`,`entity_type`,`entity_id`,`attribute_code`,`attribute_value`) values (62,'self',0,'subtotal',44.0000),(62,'self',0,'grand_total',37.6300),(62,'self',0,'tax_percent',8.2500),(62,'self',0,'tax_amount',3.6300),(62,'self',0,'weight',85.0000),(62,'self',0,'custbalance_amount',10.0000),(62,'self',0,'shipping_amount',139.1500),(62,'item',1,'price',44.0000),(62,'item',1,'weight',85.0000),(62,'item',1,'qty',1.0000),(62,'item',1,'row_total',44.0000),(62,'item',1,'tax_percent',8.2500),(62,'item',1,'tax_amount',3.6300),(62,'item',1,'row_weight',85.0000),(62,'shipping',4,'amount',170.5000),(62,'shipping',5,'amount',139.1500),(62,'shipping',6,'amount',126.5000),(62,'shipping',7,'amount',83.1600),(62,'shipping',8,'amount',65.3400),(62,'shipping',9,'amount',38.3500),(65,'self',0,'subtotal',92.0000),(65,'self',0,'grand_total',99.5900),(65,'self',0,'tax_percent',8.2500),(65,'self',0,'tax_amount',7.5900),(65,'self',0,'weight',84.0000),(65,'item',1,'price',92.0000),(65,'item',1,'weight',84.0000),(65,'item',1,'qty',1.0000),(65,'item',1,'row_total',92.0000),(65,'item',1,'tax_percent',8.2500),(65,'item',1,'tax_amount',7.5900),(65,'item',1,'row_weight',84.0000),(66,'self',0,'subtotal',65.0000),(66,'self',0,'grand_total',60.3625),(66,'self',0,'tax_percent',8.2500),(66,'self',0,'tax_amount',5.3625),(66,'self',0,'weight',6.0000),(66,'self',0,'custbalance_amount',10.0000);
insert into `sales_quote_attribute_decimal` (`quote_id`,`entity_type`,`entity_id`,`attribute_code`,`attribute_value`) values (66,'item',1,'price',65.0000),(66,'item',1,'weight',6.0000),(66,'item',1,'qty',1.0000),(66,'item',1,'row_total',65.0000),(66,'item',1,'tax_percent',8.2500),(66,'item',1,'tax_amount',5.3625),(66,'item',1,'row_weight',6.0000),(72,'self',0,'subtotal',60.0000),(72,'self',0,'grand_total',54.9500),(72,'self',0,'tax_percent',8.2500),(72,'self',0,'tax_amount',4.9500),(72,'self',0,'weight',84.0000),(72,'self',0,'custbalance_amount',10.0000),(72,'item',1,'price',60.0000),(72,'item',1,'weight',84.0000),(72,'item',1,'qty',1.0000),(72,'item',1,'row_total',60.0000),(72,'item',1,'tax_percent',8.2500),(72,'item',1,'tax_amount',4.9500),(72,'item',1,'row_weight',84.0000),(78,'self',0,'subtotal',92.0000),(78,'self',0,'grand_total',99.5900),(78,'self',0,'tax_percent',8.2500),(78,'self',0,'tax_amount',7.5900),(78,'self',0,'weight',79.0000),(78,'item',1,'price',92.0000),(78,'item',1,'weight',79.0000),(78,'item',1,'qty',1.0000),(78,'item',1,'row_total',92.0000),(78,'item',1,'tax_percent',8.2500),(78,'item',1,'tax_amount',7.5900),(78,'item',1,'row_weight',79.0000),(67,'self',0,'custbalance_amount',10.0000),(67,'self',0,'grand_total',441.9175),(67,'self',0,'shipping_amount',20.0000),(67,'self',0,'subtotal',399.0000),(67,'self',0,'tax_amount',32.9175),(67,'self',0,'tax_percent',8.2500),(67,'self',0,'weight',460.0000),(67,'item',1,'price',20.0000);
insert into `sales_quote_attribute_decimal` (`quote_id`,`entity_type`,`entity_id`,`attribute_code`,`attribute_value`) values (67,'item',1,'qty',1.0000),(67,'item',1,'row_total',20.0000),(67,'item',1,'row_weight',10.0000),(67,'item',1,'tax_amount',1.6500),(67,'item',1,'tax_percent',8.2500),(67,'item',1,'weight',10.0000),(67,'item',3,'price',27.0000),(67,'item',3,'qty',1.0000),(67,'item',3,'row_total',27.0000),(67,'item',3,'row_weight',83.0000),(67,'item',3,'tax_amount',2.2275),(67,'item',3,'tax_percent',8.2500),(67,'item',3,'weight',83.0000),(67,'item',7,'price',16.0000),(67,'item',7,'qty',1.0000),(67,'item',7,'row_total',16.0000),(67,'item',7,'row_weight',46.0000),(67,'item',7,'tax_amount',1.3200),(67,'item',7,'tax_percent',8.2500),(67,'item',7,'weight',46.0000),(67,'item',9,'price',60.0000),(67,'item',9,'qty',1.0000),(67,'item',9,'row_total',60.0000),(67,'item',9,'row_weight',84.0000),(67,'item',9,'tax_amount',4.9500),(67,'item',9,'tax_percent',8.2500),(67,'item',9,'weight',84.0000),(67,'item',10,'price',92.0000),(67,'item',10,'qty',3.0000),(67,'item',10,'row_total',276.0000),(67,'item',10,'row_weight',237.0000),(67,'item',10,'tax_amount',22.7700),(67,'item',10,'tax_percent',8.2500),(67,'item',10,'weight',79.0000),(70,'self',0,'custbalance_amount',10.0000),(70,'self',0,'grand_total',232.9950),(70,'self',0,'shipping_amount',20.0000),(70,'self',0,'subtotal',206.0000),(70,'self',0,'tax_amount',16.9950),(70,'self',0,'tax_percent',8.2500);
insert into `sales_quote_attribute_decimal` (`quote_id`,`entity_type`,`entity_id`,`attribute_code`,`attribute_value`) values (70,'self',0,'weight',262.0000),(70,'item',1,'price',60.0000),(70,'item',1,'qty',1.0000),(70,'item',1,'row_total',60.0000),(70,'item',1,'row_weight',17.0000),(70,'item',1,'tax_amount',4.9500),(70,'item',1,'tax_percent',8.2500),(70,'item',1,'weight',17.0000),(70,'item',11,'price',27.0000),(70,'item',11,'weight',83.0000),(70,'item',11,'qty',2.0000),(70,'item',11,'row_total',54.0000),(70,'item',11,'tax_percent',8.2500),(70,'item',11,'tax_amount',4.4550),(70,'item',11,'row_weight',166.0000),(70,'item',4,'price',92.0000),(70,'item',4,'weight',79.0000),(70,'item',4,'qty',1.0000),(70,'item',4,'row_total',92.0000),(70,'item',4,'tax_percent',8.2500),(70,'item',4,'tax_amount',7.5900),(70,'item',4,'row_weight',79.0000),(70,'shipping',2,'amount',20.0000),(71,'self',0,'subtotal',133.0000),(71,'self',0,'grand_total',133.9725),(71,'self',0,'tax_percent',8.2500),(71,'self',0,'tax_amount',10.9725),(71,'self',0,'weight',229.0000),(71,'self',0,'custbalance_amount',10.0000),(71,'item',1,'price',27.0000),(71,'item',1,'weight',83.0000),(71,'item',1,'qty',1.0000),(71,'item',1,'row_total',27.0000),(71,'item',1,'tax_percent',8.2500),(71,'item',1,'tax_amount',2.2275),(71,'item',1,'row_weight',83.0000),(71,'item',2,'price',53.0000),(71,'item',2,'weight',73.0000),(71,'item',2,'qty',2.0000),(71,'item',2,'row_total',106.0000),(71,'item',2,'tax_percent',8.2500);
insert into `sales_quote_attribute_decimal` (`quote_id`,`entity_type`,`entity_id`,`attribute_code`,`attribute_value`) values (71,'item',2,'tax_amount',8.7450),(71,'item',2,'row_weight',146.0000),(82,'self',0,'custbalance_amount',10.0000),(82,'self',0,'grand_total',155.6225),(82,'self',0,'tax_percent',8.2500),(82,'self',0,'subtotal',153.0000),(82,'self',0,'tax_amount',12.6225),(82,'self',0,'weight',88.0000),(82,'item',1,'price',60.0000),(82,'item',1,'weight',84.0000),(82,'item',1,'qty',1.0000),(82,'item',1,'row_total',60.0000),(82,'item',1,'tax_percent',8.2500),(82,'item',1,'tax_amount',4.9500),(82,'item',1,'row_weight',84.0000),(82,'item',2,'price',93.0000),(82,'item',2,'weight',4.0000),(82,'item',2,'qty',1.0000),(82,'item',2,'row_total',93.0000),(82,'item',2,'tax_percent',8.2500),(82,'item',2,'tax_amount',7.6725),(82,'item',2,'row_weight',4.0000),(60,'self',0,'grand_total',74.9500),(60,'self',0,'shipping_amount',37.3600),(60,'self',0,'subtotal',60.0000),(60,'self',0,'tax_amount',4.9500),(60,'self',0,'tax_percent',8.2500),(60,'self',0,'weight',84.0000),(60,'item',11,'price',60.0000),(60,'item',11,'qty',1.0000),(60,'item',11,'row_total',60.0000),(60,'item',11,'row_weight',84.0000),(60,'item',11,'tax_amount',4.9500),(60,'item',11,'tax_percent',8.2500),(60,'item',11,'weight',84.0000),(60,'shipping',1,'amount',170.0500),(60,'shipping',5,'amount',138.4200),(60,'shipping',6,'amount',125.6500),(60,'shipping',7,'amount',83.1400);
insert into `sales_quote_attribute_decimal` (`quote_id`,`entity_type`,`entity_id`,`attribute_code`,`attribute_value`) values (60,'shipping',8,'amount',65.0500),(60,'shipping',9,'amount',37.3600),(84,'self',0,'grand_total',64.9500),(84,'self',0,'shipping_amount',170.0500),(84,'self',0,'subtotal',60.0000),(84,'self',0,'tax_amount',4.9500),(84,'self',0,'tax_percent',8.2500),(84,'self',0,'weight',84.0000),(84,'item',1,'price',60.0000),(84,'item',1,'qty',1.0000),(84,'item',1,'row_total',60.0000),(84,'item',1,'row_weight',84.0000),(84,'item',1,'tax_amount',4.9500),(84,'item',1,'tax_percent',8.2500),(84,'item',1,'weight',84.0000),(84,'shipping',4,'amount',170.0500),(84,'shipping',5,'amount',138.4200),(84,'shipping',6,'amount',125.6500),(84,'shipping',7,'amount',83.1400),(84,'shipping',8,'amount',65.0500),(84,'shipping',9,'amount',37.3600),(73,'self',0,'custbalance_amount',10.0000),(73,'self',0,'grand_total',568.0550),(73,'self',0,'subtotal',534.0000),(73,'self',0,'tax_amount',44.0550),(73,'self',0,'tax_percent',8.2500),(73,'self',0,'weight',391.0000),(73,'item',1,'price',41.0000),(73,'item',1,'qty',2.0000),(73,'item',1,'row_total',82.0000),(73,'item',1,'row_weight',152.0000),(73,'item',1,'tax_amount',6.7650),(73,'item',1,'tax_percent',8.2500),(73,'item',1,'weight',76.0000),(73,'item',2,'price',93.0000),(73,'item',2,'qty',2.0000),(73,'item',2,'row_total',186.0000),(73,'item',2,'row_weight',8.0000),(73,'item',2,'tax_amount',15.3450);
insert into `sales_quote_attribute_decimal` (`quote_id`,`entity_type`,`entity_id`,`attribute_code`,`attribute_value`) values (73,'item',2,'tax_percent',8.2500),(73,'item',2,'weight',4.0000),(73,'item',3,'price',27.0000),(73,'item',3,'qty',1.0000),(73,'item',3,'row_total',27.0000),(73,'item',3,'row_weight',83.0000),(73,'item',3,'tax_amount',2.2275),(73,'item',3,'tax_percent',8.2500),(73,'item',3,'weight',83.0000),(73,'item',8,'price',85.0000),(73,'item',8,'qty',1.0000),(73,'item',8,'row_total',85.0000),(73,'item',8,'row_weight',47.0000),(73,'item',8,'tax_amount',7.0125),(73,'item',8,'tax_percent',8.2500),(73,'item',8,'weight',47.0000),(73,'item',9,'price',36.0000),(73,'item',9,'qty',1.0000),(73,'item',9,'row_total',36.0000),(73,'item',9,'row_weight',22.0000),(73,'item',9,'tax_amount',2.9700),(73,'item',9,'tax_percent',8.2500),(73,'item',9,'weight',22.0000),(73,'item',10,'price',53.0000),(73,'item',10,'qty',1.0000),(73,'item',10,'row_total',53.0000),(73,'item',10,'row_weight',73.0000),(73,'item',10,'tax_amount',4.3725),(73,'item',10,'tax_percent',8.2500),(73,'item',10,'weight',73.0000),(73,'item',11,'price',65.0000),(73,'item',11,'weight',6.0000),(73,'item',11,'qty',1.0000),(73,'item',11,'row_total',65.0000),(73,'item',11,'tax_percent',8.2500),(73,'item',11,'tax_amount',5.3625),(73,'item',11,'row_weight',6.0000),(86,'self',0,'custbalance_amount',10.0000),(86,'self',0,'grand_total',162.1175),(86,'self',0,'subtotal',159.0000),(86,'self',0,'tax_amount',13.1175);
insert into `sales_quote_attribute_decimal` (`quote_id`,`entity_type`,`entity_id`,`attribute_code`,`attribute_value`) values (86,'self',0,'tax_percent',8.2500),(86,'self',0,'weight',219.0000),(86,'item',1,'price',53.0000),(86,'item',1,'qty',3.0000),(86,'item',1,'row_total',159.0000),(86,'item',1,'row_weight',219.0000),(86,'item',1,'tax_amount',13.1175),(86,'item',1,'tax_percent',8.2500),(86,'item',1,'weight',73.0000),(87,'self',0,'subtotal',205.9500),(87,'self',0,'grand_total',222.9409),(87,'self',0,'tax_percent',8.2500),(87,'self',0,'tax_amount',16.9909),(87,'self',0,'weight',146.0000),(87,'self',0,'shipping_amount',215.9000),(87,'item',1,'price',53.0000),(87,'item',1,'weight',73.0000),(87,'item',1,'qty',2.0000),(87,'item',1,'row_total',106.0000),(87,'item',1,'tax_percent',8.2500),(87,'item',1,'tax_amount',8.7450),(87,'item',1,'row_weight',146.0000),(87,'item',2,'price',99.9500),(87,'item',2,'weight',0.0000),(87,'item',2,'qty',1.0000),(87,'item',2,'row_total',99.9500),(87,'item',2,'tax_percent',8.2500),(87,'item',2,'tax_amount',8.2459),(87,'shipping',6,'amount',268.8400),(87,'shipping',7,'amount',237.2100),(87,'shipping',8,'amount',215.9000),(87,'shipping',9,'amount',142.8600),(87,'shipping',10,'amount',113.0000),(87,'shipping',11,'amount',93.8700),(64,'self',0,'grand_total',108.1959),(64,'self',0,'shipping_amount',10.0000),(64,'self',0,'subtotal',99.9500),(64,'self',0,'tax_amount',8.2459),(64,'self',0,'tax_percent',8.2500);
insert into `sales_quote_attribute_decimal` (`quote_id`,`entity_type`,`entity_id`,`attribute_code`,`attribute_value`) values (64,'item',1,'discount_amount',9.9950),(64,'item',1,'discount_percent',10.0000),(64,'item',1,'price',99.9500),(64,'item',1,'qty',1.0000),(64,'item',1,'row_total',99.9500),(64,'item',1,'tax_amount',8.2459),(64,'item',1,'tax_percent',8.2500),(64,'item',1,'weight',0.0000),(90,'self',0,'tax_percent',8.2500),(90,'self',0,'subtotal',99.9500),(90,'self',0,'grand_total',108.1959),(90,'self',0,'tax_amount',8.2459),(90,'self',0,'weight',3.0000),(90,'item',1,'price',99.9500),(90,'item',1,'weight',3.0000),(90,'item',1,'qty',1.0000),(90,'item',1,'row_total',99.9500),(90,'item',1,'tax_percent',8.2500),(90,'item',1,'tax_amount',8.2459),(90,'item',1,'row_weight',3.0000),(88,'self',0,'grand_total',167.4627),(88,'self',0,'subtotal',154.7000),(88,'self',0,'tax_amount',12.7628),(88,'self',0,'tax_percent',8.2500),(88,'self',0,'weight',4.5000),(88,'self',0,'shipping_amount',28.6400),(88,'item',1,'price',59.9500),(88,'item',1,'qty',1.0000),(88,'item',1,'row_total',59.9500),(88,'item',1,'row_weight',1.0000),(88,'item',1,'tax_amount',4.9459),(88,'item',1,'tax_percent',8.2500),(88,'item',1,'weight',1.0000),(88,'item',2,'price',0.0000),(88,'item',2,'qty',1.0000),(88,'item',2,'row_weight',0.5000),(88,'item',2,'tax_percent',8.2500),(88,'item',2,'weight',0.5000),(88,'item',3,'price',4.9500),(88,'item',3,'qty',1.0000),(88,'item',3,'row_total',4.9500);
insert into `sales_quote_attribute_decimal` (`quote_id`,`entity_type`,`entity_id`,`attribute_code`,`attribute_value`) values (88,'item',3,'row_weight',1.0000),(88,'item',3,'tax_amount',0.4084),(88,'item',3,'tax_percent',8.2500),(88,'item',3,'weight',1.0000),(88,'item',4,'price',44.9500),(88,'item',4,'qty',1.0000),(88,'item',4,'row_total',44.9500),(88,'item',4,'row_weight',2.0000),(88,'item',4,'tax_amount',3.7084),(88,'item',4,'tax_percent',8.2500),(88,'item',4,'weight',2.0000),(88,'item',5,'price',44.8500),(88,'item',5,'qty',1.0000),(88,'item',5,'row_total',44.8500),(88,'item',5,'tax_amount',3.7001),(88,'item',5,'tax_percent',8.2500),(88,'item',5,'weight',0.0000),(88,'shipping',9,'amount',60.2700),(88,'shipping',10,'amount',28.6400),(88,'shipping',11,'amount',25.7500),(88,'shipping',12,'amount',15.8700),(88,'shipping',13,'amount',12.1000),(88,'shipping',14,'amount',8.7300),(74,'self',0,'grand_total',97.3384),(74,'self',0,'shipping_amount',109.8900),(74,'self',0,'subtotal',28.9500),(74,'self',0,'tax_amount',2.3884),(74,'self',0,'tax_percent',8.2500),(74,'self',0,'weight',48.0000),(74,'item',1,'price',9.0000),(74,'item',1,'qty',1.0000),(74,'item',1,'row_total',9.0000),(74,'item',1,'row_weight',46.0000),(74,'item',1,'tax_amount',0.7425),(74,'item',1,'tax_percent',8.2500),(74,'item',1,'weight',46.0000),(74,'shipping',5,'amount',109.8900),(74,'shipping',6,'amount',78.2600),(74,'shipping',7,'amount',69.0400),(74,'shipping',8,'amount',51.2800);
insert into `sales_quote_attribute_decimal` (`quote_id`,`entity_type`,`entity_id`,`attribute_code`,`attribute_value`) values (74,'shipping',9,'amount',39.8500),(74,'shipping',10,'amount',18.4700),(74,'item',11,'price',19.9500),(74,'item',11,'qty',1.0000),(74,'item',11,'row_total',19.9500),(74,'item',11,'row_weight',2.0000),(74,'item',11,'tax_amount',1.6459),(74,'item',11,'tax_percent',8.2500),(74,'item',11,'weight',2.0000),(93,'self',0,'grand_total',108.1959),(93,'self',0,'subtotal',99.9500),(93,'self',0,'tax_amount',8.2459),(93,'self',0,'tax_percent',8.2500),(93,'self',0,'weight',3.0000),(93,'item',1,'price',99.9500),(93,'item',1,'qty',1.0000),(93,'item',1,'row_total',99.9500),(93,'item',1,'row_weight',3.0000),(93,'item',1,'tax_amount',8.2459),(93,'item',1,'tax_percent',8.2500),(93,'item',1,'weight',3.0000),(93,'shipping',4,'amount',52.2800),(93,'shipping',5,'amount',25.9700),(93,'shipping',6,'amount',20.6500),(93,'shipping',7,'amount',11.3600),(94,'self',0,'discount_amount',5.9950),(94,'self',0,'giftcert_amount',20.0000),(94,'self',0,'grand_total',38.9009),(94,'self',0,'shipping_amount',10.0000),(94,'self',0,'subtotal',59.9500),(94,'self',0,'tax_amount',4.9459),(94,'self',0,'tax_percent',8.2500),(94,'self',0,'weight',2.0000),(94,'item',1,'discount_amount',5.9950),(94,'item',1,'discount_percent',10.0000),(94,'item',1,'price',59.9500),(94,'item',1,'qty',1.0000),(94,'item',1,'row_total',59.9500),(94,'item',1,'row_weight',2.0000);
insert into `sales_quote_attribute_decimal` (`quote_id`,`entity_type`,`entity_id`,`attribute_code`,`attribute_value`) values (94,'item',1,'tax_amount',4.9459),(94,'item',1,'tax_percent',8.2500),(94,'item',1,'weight',2.0000),(94,'shipping',2,'amount',10.0000),(94,'shipping',3,'amount',79.5900),(94,'shipping',4,'amount',47.9500),(94,'shipping',5,'amount',44.1800),(94,'shipping',6,'amount',22.8700),(94,'shipping',7,'amount',18.4300),(94,'shipping',8,'amount',10.4100),(95,'self',0,'grand_total',108.1959),(95,'self',0,'subtotal',99.9500),(95,'self',0,'tax_amount',8.2459),(95,'self',0,'tax_percent',8.2500),(95,'self',0,'weight',3.0000),(95,'item',1,'price',99.9500),(95,'item',1,'qty',1.0000),(95,'item',1,'row_total',99.9500),(95,'item',1,'row_weight',3.0000),(95,'item',1,'tax_amount',8.2459),(95,'item',1,'tax_percent',8.2500),(95,'item',1,'weight',3.0000),(95,'shipping',4,'amount',57.5000),(95,'shipping',5,'amount',25.8600),(95,'shipping',6,'amount',23.5300),(95,'shipping',7,'amount',14.9900),(95,'shipping',8,'amount',10.6600),(95,'shipping',9,'amount',8.1200),(96,'self',0,'grand_total',48.6584),(96,'self',0,'subtotal',44.9500),(96,'self',0,'tax_amount',3.7084),(96,'self',0,'tax_percent',8.2500),(96,'self',0,'weight',2.0000),(96,'item',1,'price',44.9500),(96,'item',1,'qty',1.0000),(96,'item',1,'row_total',44.9500),(96,'item',1,'row_weight',2.0000),(96,'item',1,'tax_amount',3.7084),(96,'item',1,'tax_percent',8.2500),(96,'item',1,'weight',2.0000);
insert into `sales_quote_attribute_decimal` (`quote_id`,`entity_type`,`entity_id`,`attribute_code`,`attribute_value`) values (75,'self',0,'grand_total',465.4209),(75,'self',0,'subtotal',429.9500),(75,'self',0,'tax_amount',35.4709),(75,'self',0,'tax_percent',8.2500),(75,'self',0,'weight',253.0000),(75,'item',1,'price',76.0000),(75,'item',1,'qty',1.0000),(75,'item',1,'row_total',76.0000),(75,'item',1,'row_weight',88.0000),(75,'item',1,'tax_amount',6.2700),(75,'item',1,'tax_percent',8.2500),(75,'item',1,'weight',88.0000),(75,'item',3,'price',92.0000),(75,'item',3,'qty',1.0000),(75,'item',3,'row_total',92.0000),(75,'item',3,'row_weight',79.0000),(75,'item',3,'tax_amount',7.5900),(75,'item',3,'tax_percent',8.2500),(75,'item',3,'weight',79.0000),(75,'item',4,'price',92.0000),(75,'item',4,'qty',1.0000),(75,'item',4,'row_total',92.0000),(75,'item',4,'row_weight',84.0000),(75,'item',4,'tax_amount',7.5900),(75,'item',4,'tax_percent',8.2500),(75,'item',4,'weight',84.0000),(75,'item',8,'price',0.0000),(75,'item',8,'qty',1.0000),(75,'item',8,'row_weight',1.0000),(75,'item',8,'tax_percent',8.2500),(75,'item',8,'weight',1.0000),(75,'item',9,'price',169.9500),(75,'item',9,'weight',1.0000),(75,'item',9,'qty',1.0000),(75,'item',9,'row_total',169.9500),(75,'item',9,'tax_percent',8.2500),(75,'item',9,'tax_amount',14.0209),(75,'item',9,'row_weight',1.0000),(97,'self',0,'subtotal',4495.0000),(97,'self',0,'grand_total',4885.8375),(97,'self',0,'tax_percent',8.2500);
insert into `sales_quote_attribute_decimal` (`quote_id`,`entity_type`,`entity_id`,`attribute_code`,`attribute_value`) values (97,'self',0,'tax_amount',370.8375),(97,'self',0,'weight',200.0000),(97,'self',0,'shipping_amount',20.0000),(97,'item',1,'price',44.9500),(97,'item',1,'weight',2.0000),(97,'item',1,'qty',100.0000),(97,'item',1,'row_total',4495.0000),(97,'item',1,'tax_percent',8.2500),(97,'item',1,'tax_amount',370.8375),(97,'item',1,'row_weight',200.0000),(97,'shipping',2,'amount',20.0000),(98,'self',0,'subtotal',4.9500),(98,'self',0,'grand_total',5.3584),(98,'self',0,'tax_percent',8.2500),(98,'self',0,'tax_amount',0.4084),(98,'self',0,'weight',1.0000),(98,'self',0,'shipping_amount',46.0100),(98,'item',1,'price',4.9500),(98,'item',1,'weight',1.0000),(98,'item',1,'qty',1.0000),(98,'item',1,'row_total',4.9500),(98,'item',1,'tax_percent',8.2500),(98,'item',1,'tax_amount',0.4084),(98,'item',1,'row_weight',1.0000),(98,'shipping',4,'amount',77.6500),(98,'shipping',5,'amount',46.0100),(98,'shipping',6,'amount',41.9000),(98,'shipping',7,'amount',22.9200),(98,'shipping',8,'amount',18.7100),(98,'shipping',9,'amount',11.6600);

/*Table structure for table `sales_quote_attribute_int` */

DROP TABLE IF EXISTS `sales_quote_attribute_int`;

CREATE TABLE `sales_quote_attribute_int` (
  `quote_id` int(11) unsigned NOT NULL default '0',
  `entity_type` enum('self','item','address','payment','shipping') NOT NULL default 'self',
  `entity_id` int(11) NOT NULL default '0',
  `attribute_code` varchar(32) NOT NULL default '',
  `attribute_value` int(11) NOT NULL default '0',
  KEY `document_id` (`quote_id`,`entity_id`),
  KEY `entity_id` (`entity_id`,`attribute_code`),
  KEY `key` (`attribute_code`,`attribute_value`),
  KEY `quote_id` (`quote_id`,`entity_type`,`attribute_code`),
  KEY `quote_id_2` (`quote_id`,`entity_type`,`attribute_code`),
  KEY `quote_id_3` (`quote_id`,`entity_type`,`attribute_code`),
  CONSTRAINT `FK_sales_quote_attribute_int` FOREIGN KEY (`quote_id`) REFERENCES `sales_quote` (`quote_id`) ON DELETE CASCADE ON UPDATE CASCADE
) ENGINE=InnoDB DEFAULT CHARSET=utf8 COMMENT='Quote attributes INT';

/*Data for the table `sales_quote_attribute_int` */

insert into `sales_quote_attribute_int` (`quote_id`,`entity_type`,`entity_id`,`attribute_code`,`attribute_value`) values (62,'self',0,'customer_id',14),(62,'item',1,'product_id',28),(62,'address',2,'address_id',22),(62,'address',2,'country_id',223),(62,'address',3,'address_id',22),(62,'address',3,'country_id',223),(62,'address',3,'same_as_billing',1),(63,'self',0,'customer_id',14),(65,'item',1,'product_id',10),(66,'item',1,'product_id',104),(72,'item',1,'product_id',102),(76,'self',0,'customer_id',1),(78,'item',1,'product_id',100),(67,'self',0,'customer_id',1),(67,'item',1,'product_id',103),(67,'item',3,'product_id',123),(67,'item',7,'product_id',506),(67,'item',9,'product_id',102),(67,'item',10,'product_id',100),(67,'address',4,'address_id',21),(67,'address',4,'country_id',223),(67,'address',6,'address_id',21),(67,'address',6,'country_id',223),(67,'address',6,'same_as_billing',1),(67,'payment',5,'cc_exp_month',2),(67,'payment',5,'cc_exp_year',2010),(67,'payment',5,'cc_cid',123),(70,'self',0,'customer_id',1),(70,'item',1,'product_id',109),(70,'item',11,'product_id',123),(70,'address',8,'address_id',21),(70,'address',8,'country_id',223),(70,'payment',9,'cc_cid',123),(70,'payment',9,'cc_exp_month',3),(70,'payment',9,'cc_exp_year',2011),(70,'address',10,'address_id',21),(70,'address',10,'country_id',223),(70,'item',4,'product_id',100),(71,'self',0,'customer_id',1),(71,'item',1,'product_id',123),(71,'item',2,'product_id',1);
insert into `sales_quote_attribute_int` (`quote_id`,`entity_type`,`entity_id`,`attribute_code`,`attribute_value`) values (71,'address',3,'address_id',21),(71,'address',3,'country_id',223),(71,'payment',4,'cc_exp_month',3),(71,'payment',4,'cc_exp_year',2011),(71,'payment',4,'cc_cid',123),(71,'address',5,'address_id',21),(71,'address',5,'country_id',223),(82,'self',0,'customer_id',1),(82,'item',1,'product_id',102),(82,'item',2,'product_id',106),(60,'self',0,'customer_id',38),(60,'item',11,'product_id',102),(60,'address',2,'address_id',10),(60,'address',2,'country_id',223),(60,'address',3,'address_id',10),(60,'address',3,'country_id',223),(60,'address',3,'same_as_billing',1),(84,'item',1,'product_id',102),(84,'address',2,'country_id',223),(84,'address',3,'country_id',223),(84,'address',3,'same_as_billing',1),(73,'self',0,'customer_id',1),(73,'item',1,'product_id',101),(73,'item',2,'product_id',106),(73,'item',3,'product_id',123),(73,'item',8,'product_id',105),(73,'item',9,'product_id',118),(73,'item',10,'product_id',1),(73,'item',11,'product_id',104),(73,'address',4,'address_id',21),(73,'address',4,'country_id',223),(73,'address',6,'same_as_billing',1),(73,'address',6,'address_id',21),(73,'address',6,'country_id',223),(86,'self',0,'customer_id',1),(86,'item',1,'product_id',1),(86,'address',2,'address_id',21),(86,'address',2,'country_id',223),(86,'address',4,'address_id',21),(86,'address',4,'country_id',223),(87,'self',0,'customer_id',1),(87,'item',1,'product_id',1);
insert into `sales_quote_attribute_int` (`quote_id`,`entity_type`,`entity_id`,`attribute_code`,`attribute_value`) values (87,'item',2,'product_id',2444),(87,'address',3,'address_id',21),(87,'address',3,'country_id',223),(87,'address',5,'address_id',21),(87,'address',5,'country_id',223),(64,'self',0,'customer_id',38),(64,'item',1,'product_id',2444),(64,'address',2,'address_id',10),(64,'address',2,'country_id',223),(64,'address',4,'address_id',10),(64,'address',4,'country_id',223),(64,'address',4,'same_as_billing',1),(90,'self',0,'customer_id',38),(90,'item',1,'product_id',2444),(88,'self',0,'customer_id',1),(88,'item',1,'product_id',2451),(88,'item',2,'product_id',2522),(88,'item',3,'product_id',2524),(88,'item',4,'product_id',2554),(88,'item',5,'product_id',2490),(88,'address',6,'address_id',21),(88,'address',6,'country_id',223),(88,'address',8,'address_id',21),(88,'address',8,'country_id',223),(91,'self',0,'customer_id',1),(74,'self',0,'customer_id',1),(74,'item',1,'product_id',132),(74,'item',11,'product_id',2542),(74,'address',2,'address_id',21),(74,'address',2,'country_id',223),(74,'payment',3,'cc_exp_month',1),(74,'payment',3,'cc_exp_year',2008),(74,'payment',3,'cc_cid',123),(74,'address',4,'address_id',21),(74,'address',4,'country_id',223),(92,'self',0,'customer_id',1),(93,'item',1,'product_id',2444),(93,'address',2,'country_id',223),(93,'address',3,'country_id',223),(93,'address',3,'same_as_billing',1),(94,'item',1,'product_id',2507);
insert into `sales_quote_attribute_int` (`quote_id`,`entity_type`,`entity_id`,`attribute_code`,`attribute_value`) values (95,'item',1,'product_id',2444),(95,'address',2,'country_id',223),(95,'address',3,'country_id',223),(95,'address',3,'same_as_billing',1),(95,'payment',10,'cc_exp_month',2),(95,'payment',10,'cc_exp_year',2012),(95,'payment',10,'cc_cid',123),(96,'item',1,'product_id',2554),(75,'self',0,'customer_id',1),(75,'item',1,'product_id',108),(75,'item',3,'product_id',100),(75,'item',4,'product_id',10),(75,'address',2,'address_id',21),(75,'address',2,'country_id',223),(75,'address',6,'address_id',21),(75,'address',6,'country_id',223),(75,'payment',5,'cc_cid',123),(75,'payment',5,'cc_exp_month',3),(75,'payment',5,'cc_exp_year',2012),(75,'item',8,'product_id',2556),(75,'item',9,'product_id',2861),(97,'item',1,'product_id',2553),(98,'self',0,'customer_id',76),(98,'item',1,'product_id',2524),(98,'address',2,'address_id',32),(98,'address',2,'country_id',220),(98,'address',3,'address_id',32),(98,'address',3,'country_id',220),(98,'address',3,'same_as_billing',1),(99,'self',0,'customer_id',76);

/*Table structure for table `sales_quote_attribute_text` */

DROP TABLE IF EXISTS `sales_quote_attribute_text`;

CREATE TABLE `sales_quote_attribute_text` (
  `quote_id` int(11) unsigned NOT NULL default '0',
  `entity_type` enum('self','item','address','payment','shipping') NOT NULL default 'self',
  `entity_id` int(11) NOT NULL default '0',
  `attribute_code` varchar(32) NOT NULL default '',
  `attribute_value` text NOT NULL,
  KEY `document_id` (`quote_id`,`entity_id`),
  KEY `entity_id` (`entity_id`,`attribute_code`),
  CONSTRAINT `FK_sales_quote_attribute_text` FOREIGN KEY (`quote_id`) REFERENCES `sales_quote` (`quote_id`) ON DELETE CASCADE ON UPDATE CASCADE
) ENGINE=InnoDB DEFAULT CHARSET=utf8 COMMENT='Quote attributes TEXT';

/*Data for the table `sales_quote_attribute_text` */

insert into `sales_quote_attribute_text` (`quote_id`,`entity_type`,`entity_id`,`attribute_code`,`attribute_value`) values (62,'self',0,'shipping_description','ups Next Day Air'),(62,'item',1,'name','Product #28'),(62,'item',1,'image','product_small_image.jpg'),(62,'shipping',4,'service_description','Next Day Air Early AM'),(62,'shipping',5,'service_description','Next Day Air'),(62,'shipping',6,'service_description','Next Day Air Saver'),(62,'shipping',7,'service_description','2nd Day Air'),(62,'shipping',8,'service_description','3 Day Select'),(62,'shipping',9,'service_description','Ground'),(62,'address',2,'street','wer wer wer wer wer\n123123123'),(62,'address',3,'street','wer wer wer wer wer\n123123123'),(65,'item',1,'name','Product #10'),(65,'item',1,'image','product_small_image.jpg'),(66,'item',1,'name','Product #104'),(66,'item',1,'image','product_small_image.jpg'),(72,'item',1,'name','Product #102'),(72,'item',1,'image','product_small_image.jpg'),(78,'item',1,'name','Product #100'),(78,'item',1,'image','product_small_image.jpg'),(67,'self',0,'shipping_description','shiptable Best way'),(67,'item',1,'name','Product #103'),(67,'item',1,'image','product_small_image.jpg'),(67,'item',3,'name','Product #123'),(67,'item',3,'image','product_small_image.jpg'),(67,'item',7,'name','Product #506'),(67,'item',7,'image','product_small_image.jpg'),(67,'item',9,'name','Product #102');
insert into `sales_quote_attribute_text` (`quote_id`,`entity_type`,`entity_id`,`attribute_code`,`attribute_value`) values (67,'item',9,'image','product_small_image.jpg'),(67,'item',10,'name','Product #100'),(67,'item',10,'image','product_small_image.jpg'),(67,'address',4,'street','address street 1\naddress street 2'),(67,'address',6,'street','address street 1\naddress street 2'),(67,'shipping',2,'error_message','The maximum per package weight for the selected service from the selected country is 150 pounds.'),(70,'self',0,'shipping_description','shiptable Best way'),(70,'item',1,'name','Product #109'),(70,'item',1,'image','product_small_image.jpg'),(70,'item',11,'name','Product #123'),(70,'item',11,'image','product_small_image.jpg'),(70,'address',8,'street','3402 Motor Ave Suite B\naddress street 2'),(70,'address',10,'street','3402 Motor Ave Suite B\naddress street 2'),(70,'item',4,'name','Product #100'),(70,'item',4,'image','product_small_image.jpg'),(70,'shipping',2,'service_description','Best way'),(70,'shipping',3,'error_message','The maximum per package weight for the selected service from the selected country is 150 pounds.'),(71,'item',1,'name','Product #123'),(71,'item',1,'image','product_small_image.jpg'),(71,'item',2,'name','Product #1'),(71,'item',2,'image','product_small_image.jpg'),(71,'address',3,'street','3402 Motor Ave Suite B\naddress street 2');
insert into `sales_quote_attribute_text` (`quote_id`,`entity_type`,`entity_id`,`attribute_code`,`attribute_value`) values (71,'address',5,'street','3402 Motor Ave Suite B\naddress street 2'),(71,'shipping',6,'error_message','The maximum per package weight for the selected service from the selected country is 150 pounds.'),(82,'item',1,'name','Product #102'),(82,'item',1,'image','product_small_image.jpg'),(82,'item',2,'name','Product #106'),(82,'item',2,'image','product_small_image.jpg'),(60,'self',0,'shipping_description','ups Ground'),(60,'item',11,'name','Product #102'),(60,'item',11,'image','product_small_image.jpg'),(60,'shipping',1,'service_description','Next Day Air Early AM'),(60,'shipping',5,'service_description','Next Day Air'),(60,'shipping',6,'service_description','Next Day Air Saver'),(60,'shipping',7,'service_description','2nd Day Air'),(60,'shipping',8,'service_description','3 Day Select'),(60,'shipping',9,'service_description','Ground'),(60,'address',2,'street','street 1\nstreet 2'),(60,'address',3,'street','street 1\nstreet 2'),(84,'self',0,'shipping_description','ups Next Day Air Early AM'),(84,'item',1,'name','Product #102'),(84,'item',1,'image','product_small_image.jpg'),(84,'shipping',4,'service_description','Next Day Air Early AM'),(84,'shipping',5,'service_description','Next Day Air'),(84,'shipping',6,'service_description','Next Day Air Saver');
insert into `sales_quote_attribute_text` (`quote_id`,`entity_type`,`entity_id`,`attribute_code`,`attribute_value`) values (84,'shipping',7,'service_description','2nd Day Air'),(84,'shipping',8,'service_description','3 Day Select'),(84,'shipping',9,'service_description','Ground'),(84,'address',2,'street','3402 Motor Ave.'),(84,'address',3,'street','3402 Motor Ave.'),(73,'item',1,'name','Product #101'),(73,'item',1,'image','product_small_image.jpg'),(73,'item',2,'name','Product #106'),(73,'item',2,'image','product_small_image.jpg'),(73,'item',3,'name','Product #123'),(73,'item',3,'image','product_small_image.jpg'),(73,'item',8,'name','Product #105'),(73,'item',8,'image','product_small_image.jpg'),(73,'item',9,'name','Product #118'),(73,'item',9,'image','product_small_image.jpg'),(73,'item',10,'name','Product #1'),(73,'item',10,'image','product_small_image.jpg'),(73,'item',11,'name','Product #104'),(73,'item',11,'image','product_small_image.jpg'),(73,'address',4,'street','3402 Motor Ave Suite B\naddress street 2'),(73,'address',6,'street','3402 Motor Ave Suite B\naddress street 2'),(73,'shipping',7,'error_message','The maximum per package weight for the selected service from the selected country is 150 pounds.'),(86,'item',1,'name','Product #1'),(86,'item',1,'image','product_small_image.jpg'),(86,'address',2,'street','3402 Motor Ave Suite B\naddress street 2');
insert into `sales_quote_attribute_text` (`quote_id`,`entity_type`,`entity_id`,`attribute_code`,`attribute_value`) values (86,'address',4,'street','3402 Motor Ave Suite B\naddress street 2'),(86,'shipping',5,'error_message','The maximum per package weight for the selected service from the selected country is 150 pounds.'),(87,'self',0,'shipping_description','ups Next Day Air Saver'),(87,'item',1,'name','Product #1'),(87,'item',1,'image','product_small_image.jpg'),(87,'item',2,'name','A604 - Professional - Black Polyurethane - Steel Toe'),(87,'item',2,'image','0020670.jpg'),(87,'shipping',6,'service_description','Next Day Air Early AM'),(87,'shipping',7,'service_description','Next Day Air'),(87,'shipping',8,'service_description','Next Day Air Saver'),(87,'shipping',9,'service_description','2nd Day Air'),(87,'shipping',10,'service_description','3 Day Select'),(87,'shipping',11,'service_description','Ground'),(87,'address',3,'street','3402 Motor Ave Suite B\naddress street 2'),(87,'address',5,'street','3402 Motor Ave Suite B\naddress street 2'),(64,'self',0,'shipping_description','shiptable Best way'),(64,'item',1,'name','A604 - Professional - Black Polyurethane - Steel Toe'),(64,'item',1,'image','0020670.jpg'),(64,'address',2,'street','street 1\nstreet 2'),(64,'address',4,'street','street 1\nstreet 2'),(64,'shipping',5,'error_message','Packages must weigh more than zero pounds.');
insert into `sales_quote_attribute_text` (`quote_id`,`entity_type`,`entity_id`,`attribute_code`,`attribute_value`) values (90,'item',1,'name','A604 - Professional - Black Polyurethane - Steel Toe'),(90,'item',1,'image','0020670.jpg'),(88,'self',0,'shipping_description','ups Next Day Air'),(88,'item',1,'name','BirkoActive - Full-length arch support for outdoor fun'),(88,'item',1,'image','0009207.jpg'),(88,'item',2,'name','Gift Certificate'),(88,'item',2,'image','0051461-3.jpg'),(88,'item',3,'name','Cork Life - Sealer'),(88,'item',3,'image','0051461-3.jpg'),(88,'item',4,'name','Aruba - Butterflies Pink'),(88,'item',4,'image','0051461-3.jpg'),(88,'item',5,'name','Angora Argyle Socks - Set of three'),(88,'item',5,'image','2095_2~6.gif'),(88,'shipping',9,'service_description','Next Day Air Early AM'),(88,'shipping',10,'service_description','Next Day Air'),(88,'shipping',11,'service_description','Next Day Air Saver'),(88,'shipping',12,'service_description','2nd Day Air'),(88,'shipping',13,'service_description','3 Day Select'),(88,'shipping',14,'service_description','Ground'),(88,'address',6,'street','3402 Motor Ave Suite B\naddress street 2'),(88,'address',8,'street','3402 Motor Ave Suite B\naddress street 2'),(74,'self',0,'shipping_description','ups Next Day Air Early AM'),(74,'item',1,'name','Product #132'),(74,'item',1,'image','product_small_image.jpg'),(74,'shipping',5,'service_description','Next Day Air Early AM');
insert into `sales_quote_attribute_text` (`quote_id`,`entity_type`,`entity_id`,`attribute_code`,`attribute_value`) values (74,'shipping',6,'service_description','Next Day Air'),(74,'shipping',7,'service_description','Next Day Air Saver'),(74,'shipping',8,'service_description','2nd Day Air'),(74,'shipping',9,'service_description','3 Day Select'),(74,'shipping',10,'service_description','Ground'),(74,'item',11,'name','OZ 3 - BLACK'),(74,'item',11,'image','0051461-3.jpg'),(74,'address',2,'street','3402 Motor Ave Suite B\naddress street 2'),(74,'address',4,'street','3402 Motor Ave Suite B\naddress street 2'),(93,'item',1,'name','A604 - Professional - Black Polyurethane - Steel Toe'),(93,'item',1,'image','0020670.jpg'),(93,'address',2,'street','asdas\ndasd'),(93,'address',3,'street','asdas\ndasd'),(93,'shipping',4,'service_description','Next Day Air'),(93,'shipping',5,'service_description','2nd Day Air'),(93,'shipping',6,'service_description','3 Day Select'),(93,'shipping',7,'service_description','Ground'),(94,'self',0,'shipping_description','shiptable Best way'),(94,'item',1,'name','Kids Boston Clog - Purple Suede'),(94,'item',1,'image','0060913.jpg'),(94,'shipping',2,'service_description','Best way'),(94,'shipping',3,'service_description','Next Day Air Early AM'),(94,'shipping',4,'service_description','Next Day Air'),(94,'shipping',5,'service_description','Next Day Air Saver');
insert into `sales_quote_attribute_text` (`quote_id`,`entity_type`,`entity_id`,`attribute_code`,`attribute_value`) values (94,'shipping',6,'service_description','2nd Day Air'),(94,'shipping',7,'service_description','3 Day Select'),(94,'shipping',8,'service_description','Ground'),(95,'item',1,'name','A604 - Professional - Black Polyurethane - Steel Toe'),(95,'item',1,'image','0020670.jpg'),(95,'shipping',4,'service_description','Next Day Air Early AM'),(95,'shipping',5,'service_description','Next Day Air'),(95,'shipping',6,'service_description','Next Day Air Saver'),(95,'shipping',7,'service_description','2nd Day Air'),(95,'shipping',8,'service_description','3 Day Select'),(95,'shipping',9,'service_description','Ground'),(95,'address',2,'street','3402 motor ave'),(95,'address',3,'street','3402 motor ave'),(96,'item',1,'name','Aruba - Butterflies Pink'),(96,'item',1,'image','0051461-3.jpg'),(75,'item',1,'name','Product #108'),(75,'item',1,'image','product_small_image.jpg'),(75,'item',3,'name','Product #100'),(75,'item',3,'image','product_small_image.jpg'),(75,'item',4,'name','Product #10'),(75,'item',4,'image','product_small_image.jpg'),(75,'address',2,'street','3402 Motor Ave Suite B\naddress street 2'),(75,'address',6,'street','3402 Motor Ave Suite B\naddress street 2');
insert into `sales_quote_attribute_text` (`quote_id`,`entity_type`,`entity_id`,`attribute_code`,`attribute_value`) values (75,'shipping',7,'error_message','The maximum per package weight for the selected service from the selected country is 150 pounds.'),(75,'item',8,'name','**We will continue to add new \"Clearance Product\" to this page!        Check back Soon!'),(75,'item',8,'image','0051461-3.jpg'),(75,'item',9,'name','Alma - Navy Leather'),(75,'item',9,'image','0051461-3.jpg'),(97,'self',0,'shipping_description','shiptable Best way'),(97,'item',1,'name','Aruba - Meadow Lilac'),(97,'item',1,'image','0051461-3.jpg'),(97,'shipping',2,'service_description','Best way'),(97,'shipping',3,'error_message','The maximum per package weight for the selected service from the selected country is 150 pounds.'),(98,'self',0,'shipping_description','ups Next Day Air'),(98,'item',1,'name','Cork Life - Sealer'),(98,'item',1,'image','0051461-3.jpg'),(98,'shipping',4,'service_description','Next Day Air Early AM'),(98,'shipping',5,'service_description','Next Day Air'),(98,'shipping',6,'service_description','Next Day Air Saver'),(98,'shipping',7,'service_description','2nd Day Air'),(98,'shipping',8,'service_description','3 Day Select'),(98,'shipping',9,'service_description','Ground'),(98,'address',2,'street','Metalistov\n6'),(98,'address',3,'street','Metalistov\n6');

/*Table structure for table `sales_quote_attribute_varchar` */

DROP TABLE IF EXISTS `sales_quote_attribute_varchar`;

CREATE TABLE `sales_quote_attribute_varchar` (
  `quote_id` int(11) unsigned NOT NULL default '0',
  `entity_type` enum('self','item','address','payment','shipping') NOT NULL default 'self',
  `entity_id` int(11) NOT NULL default '0',
  `attribute_code` varchar(32) NOT NULL default '',
  `attribute_value` varchar(255) NOT NULL default '',
  KEY `document_id` (`quote_id`,`entity_id`),
  KEY `entity_id` (`entity_id`,`attribute_code`),
  KEY `key` (`attribute_code`,`attribute_value`),
  KEY `quote_id` (`quote_id`,`entity_type`,`attribute_code`),
  KEY `quote_id_2` (`quote_id`,`entity_type`,`attribute_code`),
  KEY `quote_id_3` (`quote_id`,`entity_type`,`attribute_code`),
  CONSTRAINT `FK_sales_quote_attribute_varchar` FOREIGN KEY (`quote_id`) REFERENCES `sales_quote` (`quote_id`) ON DELETE CASCADE ON UPDATE CASCADE
) ENGINE=InnoDB DEFAULT CHARSET=utf8 COMMENT='Quote attributes VARCHAR';

/*Data for the table `sales_quote_attribute_varchar` */

insert into `sales_quote_attribute_varchar` (`quote_id`,`entity_type`,`entity_id`,`attribute_code`,`attribute_value`) values (62,'self',0,'shipping_method','ups_1DA'),(62,'item',1,'model','MDL28'),(62,'shipping',4,'code','ups_1DM'),(62,'shipping',4,'service','1DM'),(62,'shipping',4,'vendor','ups'),(62,'shipping',5,'code','ups_1DA'),(62,'shipping',5,'service','1DA'),(62,'shipping',5,'vendor','ups'),(62,'shipping',6,'code','ups_1DP'),(62,'shipping',6,'service','1DP'),(62,'shipping',6,'vendor','ups'),(62,'shipping',7,'code','ups_2DA'),(62,'shipping',7,'service','2DA'),(62,'shipping',7,'vendor','ups'),(62,'shipping',8,'code','ups_3DS'),(62,'shipping',8,'service','3DS'),(62,'shipping',8,'vendor','ups'),(62,'shipping',9,'code','ups_GND'),(62,'shipping',9,'service','GND'),(62,'shipping',9,'vendor','ups'),(62,'address',2,'address_type','billing'),(62,'address',2,'city','test'),(62,'address',2,'company','test'),(62,'address',2,'firstname','test'),(62,'address',2,'lastname','test'),(62,'address',2,'postcode','90034'),(62,'address',2,'region','12'),(62,'address',2,'telephone','111-111-1111'),(62,'address',3,'address_type','shipping'),(62,'address',3,'city','test'),(62,'address',3,'company','test'),(62,'address',3,'firstname','test'),(62,'address',3,'lastname','test'),(62,'address',3,'postcode','90034'),(62,'address',3,'region','12'),(62,'address',3,'telephone','111-111-1111'),(62,'payment',10,'method','checkmo'),(65,'item',1,'model','MDL10'),(66,'item',1,'model','MDL104'),(72,'item',1,'model','MDL102');
insert into `sales_quote_attribute_varchar` (`quote_id`,`entity_type`,`entity_id`,`attribute_code`,`attribute_value`) values (78,'item',1,'model','MDL100'),(67,'self',0,'estimate_postcode','90034'),(67,'self',0,'shipping_method','shiptable_best'),(67,'item',1,'model','MDL103'),(67,'item',3,'model','MDL123'),(67,'item',7,'model','MDL506'),(67,'item',9,'model','MDL102'),(67,'item',10,'model','MDL100'),(67,'address',4,'address_type','billing'),(67,'address',4,'city','Kiev'),(67,'address',4,'company','Varien'),(67,'address',4,'firstname','QA'),(67,'address',4,'lastname','shopping'),(67,'address',4,'postcode','03057'),(67,'address',4,'region','8'),(67,'address',4,'telephone','222-222-2222'),(67,'address',6,'address_type','shipping'),(67,'address',6,'city','Kiev'),(67,'address',6,'company','Varien'),(67,'address',6,'firstname','QA'),(67,'address',6,'lastname','shopping'),(67,'address',6,'postcode','03057'),(67,'address',6,'region','8'),(67,'address',6,'telephone','222-222-2222'),(67,'shipping',2,'vendor','ups'),(67,'payment',5,'method','authorizenet'),(67,'payment',5,'cc_type','VI'),(67,'payment',5,'cc_last4','1111'),(67,'payment',5,'cc_number_enc','0h5T7dy6SdMVRfh9hNys6A=='),(67,'payment',5,'cc_owner','132123'),(70,'self',0,'estimate_postcode','90034'),(70,'self',0,'shipping_method','shiptable_best'),(70,'item',1,'model','MDL109'),(70,'item',11,'model','MDL123'),(70,'address',8,'address_type','billing'),(70,'address',8,'city','Los Angeles'),(70,'address',8,'company','Varien'),(70,'address',8,'firstname','QA');
insert into `sales_quote_attribute_varchar` (`quote_id`,`entity_type`,`entity_id`,`attribute_code`,`attribute_value`) values (70,'address',8,'lastname','shopping'),(70,'address',8,'postcode','90034'),(70,'address',8,'region','12'),(70,'address',8,'telephone','(123)123-1234'),(70,'payment',9,'cc_last4','1111'),(70,'payment',9,'cc_number_enc','0h5T7dy6SdMVRfh9hNys6A=='),(70,'payment',9,'cc_owner','1231'),(70,'payment',9,'cc_type','VI'),(70,'payment',9,'method','authorizenet'),(70,'address',10,'address_type','shipping'),(70,'address',10,'city','Los Angeles'),(70,'address',10,'company','Varien'),(70,'address',10,'firstname','QA'),(70,'address',10,'lastname','shopping'),(70,'address',10,'postcode','90034'),(70,'address',10,'region','12'),(70,'address',10,'telephone','(123)123-1234'),(70,'item',4,'model','MDL100'),(70,'shipping',2,'code','shiptable_best'),(70,'shipping',2,'vendor','shiptable'),(70,'shipping',2,'service','best'),(70,'shipping',3,'vendor','ups'),(71,'item',1,'model','MDL123'),(71,'item',2,'model','MDL1'),(71,'address',3,'firstname','QA'),(71,'address',3,'lastname','shopping'),(71,'address',3,'company','Varien'),(71,'address',3,'city','Los Angeles'),(71,'address',3,'region','12'),(71,'address',3,'postcode','90034'),(71,'address',3,'telephone','(123)123-1234'),(71,'address',3,'address_type','billing'),(71,'payment',4,'method','ccsave'),(71,'payment',4,'cc_type','VI'),(71,'payment',4,'cc_last4','1111'),(71,'payment',4,'cc_number_enc','0h5T7dy6SdMVRfh9hNys6A==');
insert into `sales_quote_attribute_varchar` (`quote_id`,`entity_type`,`entity_id`,`attribute_code`,`attribute_value`) values (71,'payment',4,'cc_owner','4111111111111111'),(71,'address',5,'firstname','QA'),(71,'address',5,'lastname','shopping'),(71,'address',5,'company','Varien'),(71,'address',5,'city','Los Angeles'),(71,'address',5,'region','12'),(71,'address',5,'postcode','90034'),(71,'address',5,'telephone','(123)123-1234'),(71,'address',5,'address_type','shipping'),(71,'shipping',6,'vendor','ups'),(82,'item',1,'model','MDL102'),(82,'item',2,'model','MDL106'),(60,'self',0,'estimate_postcode','90034'),(60,'self',0,'shipping_method','ups_GND'),(60,'item',11,'model','MDL102'),(60,'shipping',1,'code','ups_1DM'),(60,'shipping',1,'service','1DM'),(60,'shipping',1,'vendor','ups'),(60,'shipping',5,'code','ups_1DA'),(60,'shipping',5,'service','1DA'),(60,'shipping',5,'vendor','ups'),(60,'shipping',6,'code','ups_1DP'),(60,'shipping',6,'service','1DP'),(60,'shipping',6,'vendor','ups'),(60,'shipping',7,'code','ups_2DA'),(60,'shipping',7,'service','2DA'),(60,'shipping',7,'vendor','ups'),(60,'shipping',8,'code','ups_3DS'),(60,'shipping',8,'service','3DS'),(60,'shipping',8,'vendor','ups'),(60,'shipping',9,'code','ups_GND'),(60,'shipping',9,'service','GND'),(60,'shipping',9,'vendor','ups'),(60,'address',2,'address_type','billing'),(60,'address',2,'city','Los Angeles'),(60,'address',2,'company','Varien'),(60,'address',2,'firstname','Moshe'),(60,'address',2,'lastname','Gurvich'),(60,'address',2,'postcode','90034'),(60,'address',2,'region','12');
insert into `sales_quote_attribute_varchar` (`quote_id`,`entity_type`,`entity_id`,`attribute_code`,`attribute_value`) values (60,'address',2,'telephone','222-222-2222'),(60,'address',3,'address_type','shipping'),(60,'address',3,'city','Los Angeles'),(60,'address',3,'company','Varien'),(60,'address',3,'firstname','Moshe'),(60,'address',3,'lastname','Gurvich'),(60,'address',3,'postcode','90034'),(60,'address',3,'region','12'),(60,'address',3,'telephone','222-222-2222'),(60,'payment',4,'method','checkmo'),(84,'self',0,'method','guest'),(84,'self',0,'shipping_method','ups_1DM'),(84,'item',1,'model','MDL102'),(84,'shipping',4,'code','ups_1DM'),(84,'shipping',4,'service','1DM'),(84,'shipping',4,'vendor','ups'),(84,'shipping',5,'code','ups_1DA'),(84,'shipping',5,'service','1DA'),(84,'shipping',5,'vendor','ups'),(84,'shipping',6,'code','ups_1DP'),(84,'shipping',6,'service','1DP'),(84,'shipping',6,'vendor','ups'),(84,'shipping',7,'code','ups_2DA'),(84,'shipping',7,'service','2DA'),(84,'shipping',7,'vendor','ups'),(84,'shipping',8,'code','ups_3DS'),(84,'shipping',8,'service','3DS'),(84,'shipping',8,'vendor','ups'),(84,'shipping',9,'code','ups_GND'),(84,'shipping',9,'service','GND'),(84,'shipping',9,'vendor','ups'),(84,'address',2,'address_type','billing'),(84,'address',2,'city','Los Angeles'),(84,'address',2,'email','roy@varien.com'),(84,'address',2,'firstname','Roy'),(84,'address',2,'lastname','Rubin'),(84,'address',2,'postcode','90034'),(84,'address',2,'region','12'),(84,'address',2,'telephone','310-280-3908');
insert into `sales_quote_attribute_varchar` (`quote_id`,`entity_type`,`entity_id`,`attribute_code`,`attribute_value`) values (84,'address',3,'address_type','shipping'),(84,'address',3,'city','Los Angeles'),(84,'address',3,'email','roy@varien.com'),(84,'address',3,'firstname','Roy'),(84,'address',3,'lastname','Rubin'),(84,'address',3,'postcode','90034'),(84,'address',3,'region','12'),(84,'address',3,'telephone','310-280-3908'),(84,'payment',10,'method','checkmo'),(73,'item',1,'model','MDL101'),(73,'item',2,'model','MDL106'),(73,'item',3,'model','MDL123'),(73,'item',8,'model','MDL105'),(73,'item',9,'model','MDL118'),(73,'item',10,'model','MDL1'),(73,'item',11,'model','MDL104'),(73,'address',4,'address_type','billing'),(73,'address',4,'city','Los Angeles'),(73,'address',4,'company','Varien'),(73,'address',4,'firstname','QA'),(73,'address',4,'lastname','shopping'),(73,'address',4,'postcode','90034'),(73,'address',4,'region','12'),(73,'address',4,'telephone','(123)123-1234'),(73,'address',6,'firstname','QA'),(73,'address',6,'lastname','shopping'),(73,'address',6,'company','Varien'),(73,'address',6,'city','Los Angeles'),(73,'address',6,'region','12'),(73,'address',6,'postcode','90034'),(73,'address',6,'telephone','(123)123-1234'),(73,'address',6,'address_type','shipping'),(73,'shipping',7,'vendor','ups'),(73,'payment',5,'method','checkmo'),(86,'item',1,'model','MDL1'),(86,'address',2,'address_type','billing'),(86,'address',2,'city','Los Angeles'),(86,'address',2,'company','Varien'),(86,'address',2,'firstname','QA');
insert into `sales_quote_attribute_varchar` (`quote_id`,`entity_type`,`entity_id`,`attribute_code`,`attribute_value`) values (86,'address',2,'lastname','shopping'),(86,'address',2,'postcode','90034'),(86,'address',2,'region','12'),(86,'address',2,'telephone','(123)123-1234'),(86,'address',4,'address_type','shipping'),(86,'address',4,'city','Los Angeles'),(86,'address',4,'company','Varien'),(86,'address',4,'firstname','QA'),(86,'address',4,'lastname','shopping'),(86,'address',4,'postcode','90034'),(86,'address',4,'region','12'),(86,'address',4,'telephone','(123)123-1234'),(86,'shipping',5,'vendor','ups'),(86,'payment',3,'method','checkmo'),(87,'self',0,'shipping_method','ups_1DP'),(87,'item',1,'model','MDL1'),(87,'shipping',6,'code','ups_1DM'),(87,'shipping',6,'vendor','ups'),(87,'shipping',6,'service','1DM'),(87,'shipping',7,'code','ups_1DA'),(87,'shipping',7,'vendor','ups'),(87,'shipping',7,'service','1DA'),(87,'shipping',8,'code','ups_1DP'),(87,'shipping',8,'vendor','ups'),(87,'shipping',8,'service','1DP'),(87,'shipping',9,'code','ups_2DA'),(87,'shipping',9,'vendor','ups'),(87,'shipping',9,'service','2DA'),(87,'shipping',10,'code','ups_3DS'),(87,'shipping',10,'vendor','ups'),(87,'shipping',10,'service','3DS'),(87,'shipping',11,'code','ups_GND'),(87,'shipping',11,'vendor','ups'),(87,'shipping',11,'service','GND'),(87,'address',3,'address_type','billing'),(87,'address',3,'city','Los Angeles'),(87,'address',3,'company','Varien'),(87,'address',3,'firstname','QA'),(87,'address',3,'lastname','shopping'),(87,'address',3,'postcode','90034');
insert into `sales_quote_attribute_varchar` (`quote_id`,`entity_type`,`entity_id`,`attribute_code`,`attribute_value`) values (87,'address',3,'region','12'),(87,'address',3,'telephone','(123)123-1234'),(87,'address',5,'firstname','QA'),(87,'address',5,'lastname','shopping'),(87,'address',5,'company','Varien'),(87,'address',5,'city','Los Angeles'),(87,'address',5,'region','12'),(87,'address',5,'postcode','90034'),(87,'address',5,'telephone','(123)123-1234'),(87,'address',5,'address_type','shipping'),(87,'payment',4,'method','checkmo'),(64,'self',0,'estimate_postcode','90034'),(64,'self',0,'shipping_method','shiptable_best'),(64,'address',2,'address_type','billing'),(64,'address',2,'city','Los Angeles'),(64,'address',2,'company','Varien'),(64,'address',2,'firstname','Moshe'),(64,'address',2,'lastname','Gurvich'),(64,'address',2,'postcode','90034'),(64,'address',2,'region','12'),(64,'address',2,'telephone','222-222-2222'),(64,'address',4,'address_type','shipping'),(64,'address',4,'city','Los Angeles'),(64,'address',4,'company','Varien'),(64,'address',4,'firstname','Moshe'),(64,'address',4,'lastname','Gurvich'),(64,'address',4,'postcode','90034'),(64,'address',4,'region','12'),(64,'address',4,'telephone','222-222-2222'),(64,'shipping',5,'vendor','ups'),(64,'payment',3,'method','checkmo'),(88,'self',0,'shipping_method','ups_1DA'),(88,'shipping',9,'code','ups_1DM'),(88,'shipping',9,'vendor','ups'),(88,'shipping',9,'service','1DM'),(88,'shipping',10,'code','ups_1DA'),(88,'shipping',10,'vendor','ups');
insert into `sales_quote_attribute_varchar` (`quote_id`,`entity_type`,`entity_id`,`attribute_code`,`attribute_value`) values (88,'shipping',10,'service','1DA'),(88,'shipping',11,'code','ups_1DP'),(88,'shipping',11,'vendor','ups'),(88,'shipping',11,'service','1DP'),(88,'shipping',12,'code','ups_2DA'),(88,'shipping',12,'vendor','ups'),(88,'shipping',12,'service','2DA'),(88,'shipping',13,'code','ups_3DS'),(88,'shipping',13,'vendor','ups'),(88,'shipping',13,'service','3DS'),(88,'shipping',14,'code','ups_GND'),(88,'shipping',14,'vendor','ups'),(88,'shipping',14,'service','GND'),(88,'address',6,'address_type','billing'),(88,'address',6,'city','Los Angeles'),(88,'address',6,'company','Varien'),(88,'address',6,'firstname','QA'),(88,'address',6,'lastname','shopping'),(88,'address',6,'postcode','90034'),(88,'address',6,'region','12'),(88,'address',6,'telephone','(123)123-1234'),(88,'address',8,'firstname','QA'),(88,'address',8,'lastname','shopping'),(88,'address',8,'company','Varien'),(88,'address',8,'city','Los Angeles'),(88,'address',8,'region','12'),(88,'address',8,'postcode','90034'),(88,'address',8,'telephone','(123)123-1234'),(88,'address',8,'address_type','shipping'),(88,'payment',7,'method','checkmo'),(74,'self',0,'shipping_method','ups_1DM'),(74,'item',1,'model','MDL132'),(74,'shipping',5,'code','ups_1DM'),(74,'shipping',5,'service','1DM'),(74,'shipping',5,'vendor','ups'),(74,'shipping',6,'code','ups_1DA'),(74,'shipping',6,'service','1DA'),(74,'shipping',6,'vendor','ups'),(74,'shipping',7,'code','ups_1DP');
insert into `sales_quote_attribute_varchar` (`quote_id`,`entity_type`,`entity_id`,`attribute_code`,`attribute_value`) values (74,'shipping',7,'service','1DP'),(74,'shipping',7,'vendor','ups'),(74,'shipping',8,'code','ups_2DA'),(74,'shipping',8,'service','2DA'),(74,'shipping',8,'vendor','ups'),(74,'shipping',9,'code','ups_3DS'),(74,'shipping',9,'service','3DS'),(74,'shipping',9,'vendor','ups'),(74,'shipping',10,'code','ups_GND'),(74,'shipping',10,'service','GND'),(74,'shipping',10,'vendor','ups'),(74,'address',2,'address_type','billing'),(74,'address',2,'city','Los Angeles'),(74,'address',2,'company','Varien'),(74,'address',2,'firstname','QA'),(74,'address',2,'lastname','shopping'),(74,'address',2,'postcode','90034'),(74,'address',2,'region','12'),(74,'address',2,'telephone','(123)123-1234'),(74,'payment',3,'cc_last4','1111'),(74,'payment',3,'cc_number_enc','0h5T7dy6SdMVRfh9hNys6A=='),(74,'payment',3,'cc_owner','4111111111111111'),(74,'payment',3,'cc_type','VI'),(74,'payment',3,'method','ccsave'),(74,'address',4,'address_type','shipping'),(74,'address',4,'city','Los Angeles'),(74,'address',4,'company','Varien'),(74,'address',4,'firstname','QA'),(74,'address',4,'lastname','shopping'),(74,'address',4,'postcode','90034'),(74,'address',4,'region','12'),(74,'address',4,'telephone','(123)123-1234'),(93,'self',0,'method','guest'),(93,'address',2,'firstname','asdad'),(93,'address',2,'lastname','asd'),(93,'address',2,'email','asdasd@2wqew.com'),(93,'address',2,'city','asdasd'),(93,'address',2,'region','3');
insert into `sales_quote_attribute_varchar` (`quote_id`,`entity_type`,`entity_id`,`attribute_code`,`attribute_value`) values (93,'address',2,'postcode','12323'),(93,'address',2,'telephone','123-456-7890'),(93,'address',2,'address_type','billing'),(93,'address',3,'firstname','asdad'),(93,'address',3,'lastname','asd'),(93,'address',3,'email','asdasd@2wqew.com'),(93,'address',3,'city','asdasd'),(93,'address',3,'region','3'),(93,'address',3,'postcode','12323'),(93,'address',3,'telephone','123-456-7890'),(93,'address',3,'address_type','shipping'),(93,'shipping',4,'code','ups_1DA'),(93,'shipping',4,'vendor','ups'),(93,'shipping',4,'service','1DA'),(93,'shipping',5,'code','ups_2DA'),(93,'shipping',5,'vendor','ups'),(93,'shipping',5,'service','2DA'),(93,'shipping',6,'code','ups_3DS'),(93,'shipping',6,'vendor','ups'),(93,'shipping',6,'service','3DS'),(93,'shipping',7,'code','ups_GND'),(93,'shipping',7,'vendor','ups'),(93,'shipping',7,'service','GND'),(94,'self',0,'coupon_code','test'),(94,'self',0,'giftcert_code','test'),(94,'self',0,'estimate_postcode','02222'),(94,'self',0,'shipping_method','shiptable_best'),(94,'self',0,'method','guest'),(94,'shipping',2,'code','shiptable_best'),(94,'shipping',2,'vendor','shiptable'),(94,'shipping',2,'service','best'),(94,'shipping',3,'code','ups_1DM'),(94,'shipping',3,'vendor','ups'),(94,'shipping',3,'service','1DM'),(94,'shipping',4,'code','ups_1DA'),(94,'shipping',4,'vendor','ups'),(94,'shipping',4,'service','1DA'),(94,'shipping',5,'code','ups_1DP'),(94,'shipping',5,'vendor','ups');
insert into `sales_quote_attribute_varchar` (`quote_id`,`entity_type`,`entity_id`,`attribute_code`,`attribute_value`) values (94,'shipping',5,'service','1DP'),(94,'shipping',6,'code','ups_2DA'),(94,'shipping',6,'vendor','ups'),(94,'shipping',6,'service','2DA'),(94,'shipping',7,'code','ups_3DS'),(94,'shipping',7,'vendor','ups'),(94,'shipping',7,'service','3DS'),(94,'shipping',8,'code','ups_GND'),(94,'shipping',8,'vendor','ups'),(94,'shipping',8,'service','GND'),(95,'self',0,'method','register'),(95,'self',0,'password_hash','d9124ee2dca1bf090dd92be74642e20a'),(95,'shipping',4,'code','ups_1DM'),(95,'shipping',4,'service','1DM'),(95,'shipping',4,'vendor','ups'),(95,'shipping',5,'code','ups_1DA'),(95,'shipping',5,'service','1DA'),(95,'shipping',5,'vendor','ups'),(95,'shipping',6,'code','ups_1DP'),(95,'shipping',6,'service','1DP'),(95,'shipping',6,'vendor','ups'),(95,'shipping',7,'code','ups_2DA'),(95,'shipping',7,'service','2DA'),(95,'shipping',7,'vendor','ups'),(95,'shipping',8,'code','ups_3DS'),(95,'shipping',8,'service','3DS'),(95,'shipping',8,'vendor','ups'),(95,'shipping',9,'code','ups_GND'),(95,'shipping',9,'service','GND'),(95,'shipping',9,'vendor','ups'),(95,'address',2,'address_type','billing'),(95,'address',2,'city','los angeles'),(95,'address',2,'company','varien'),(95,'address',2,'email','johannes@varien.com'),(95,'address',2,'firstname','johannes'),(95,'address',2,'lastname','raassina'),(95,'address',2,'postcode','90034'),(95,'address',2,'region','12'),(95,'address',2,'telephone','123-132-1234');
insert into `sales_quote_attribute_varchar` (`quote_id`,`entity_type`,`entity_id`,`attribute_code`,`attribute_value`) values (95,'address',3,'address_type','shipping'),(95,'address',3,'city','los angeles'),(95,'address',3,'company','varien'),(95,'address',3,'email','johannes@varien.com'),(95,'address',3,'firstname','johannes'),(95,'address',3,'lastname','raassina'),(95,'address',3,'postcode','90034'),(95,'address',3,'region','12'),(95,'address',3,'telephone','123-132-1234'),(95,'payment',10,'method','ccsave'),(95,'payment',10,'cc_type','MC'),(95,'payment',10,'cc_last4','5100'),(95,'payment',10,'cc_number_enc','0IFHgWOgXNYMYagYfOM/1g=='),(95,'payment',10,'cc_owner','tjestjsetsj'),(96,'self',0,'method','register'),(75,'item',1,'model','MDL108'),(75,'item',3,'model','MDL100'),(75,'item',4,'model','MDL10'),(75,'address',2,'firstname','QA'),(75,'address',2,'lastname','shopping'),(75,'address',2,'company','Varien'),(75,'address',2,'city','Los Angeles'),(75,'address',2,'region','12'),(75,'address',2,'postcode','90034'),(75,'address',2,'telephone','(123)123-1234'),(75,'address',2,'address_type','billing'),(75,'address',6,'firstname','QA'),(75,'address',6,'lastname','shopping'),(75,'address',6,'company','Varien'),(75,'address',6,'city','Los Angeles'),(75,'address',6,'region','12'),(75,'address',6,'postcode','90034'),(75,'address',6,'telephone','(123)123-1234'),(75,'address',6,'address_type','shipping'),(75,'payment',5,'method','ccsave'),(75,'payment',5,'cc_type','VI'),(75,'payment',5,'cc_last4','1111');
insert into `sales_quote_attribute_varchar` (`quote_id`,`entity_type`,`entity_id`,`attribute_code`,`attribute_value`) values (75,'payment',5,'cc_number_enc','0h5T7dy6SdMVRfh9hNys6A=='),(75,'payment',5,'cc_owner','4111111111111111'),(75,'shipping',7,'vendor','ups'),(97,'self',0,'estimate_postcode','90034'),(97,'self',0,'shipping_method','shiptable_best'),(97,'self',0,'method','guest'),(97,'shipping',2,'code','shiptable_best'),(97,'shipping',2,'vendor','shiptable'),(97,'shipping',2,'service','best'),(97,'shipping',3,'vendor','ups'),(98,'self',0,'shipping_method','ups_1DA'),(98,'shipping',4,'code','ups_1DM'),(98,'shipping',4,'service','1DM'),(98,'shipping',4,'vendor','ups'),(98,'shipping',5,'code','ups_1DA'),(98,'shipping',5,'service','1DA'),(98,'shipping',5,'vendor','ups'),(98,'shipping',6,'code','ups_1DP'),(98,'shipping',6,'service','1DP'),(98,'shipping',6,'vendor','ups'),(98,'shipping',7,'code','ups_2DA'),(98,'shipping',7,'service','2DA'),(98,'shipping',7,'vendor','ups'),(98,'shipping',8,'code','ups_3DS'),(98,'shipping',8,'service','3DS'),(98,'shipping',8,'vendor','ups'),(98,'shipping',9,'code','ups_GND'),(98,'shipping',9,'service','GND'),(98,'shipping',9,'vendor','ups'),(98,'address',2,'address_type','billing'),(98,'address',2,'city','Kiev'),(98,'address',2,'company','Varien'),(98,'address',2,'firstname','Dmitriy'),(98,'address',2,'lastname','Soroka'),(98,'address',2,'postcode','03057'),(98,'address',2,'region','Kiev'),(98,'address',2,'telephone','111-111-1111'),(98,'address',3,'address_type','shipping'),(98,'address',3,'city','Kiev');
insert into `sales_quote_attribute_varchar` (`quote_id`,`entity_type`,`entity_id`,`attribute_code`,`attribute_value`) values (98,'address',3,'company','Varien'),(98,'address',3,'firstname','Dmitriy'),(98,'address',3,'lastname','Soroka'),(98,'address',3,'postcode','03057'),(98,'address',3,'region','Kiev'),(98,'address',3,'telephone','111-111-1111'),(98,'payment',10,'method','checkmo');

/*Table structure for table `sales_quote_rule` */

DROP TABLE IF EXISTS `sales_quote_rule`;

CREATE TABLE `sales_quote_rule` (
  `quote_rule_id` int(10) unsigned NOT NULL auto_increment,
  `name` varchar(255) NOT NULL default '',
  `description` text NOT NULL,
  `is_active` tinyint(4) NOT NULL default '0',
  `start_at` datetime NOT NULL default '0000-00-00 00:00:00',
  `expire_at` datetime NOT NULL default '0000-00-00 00:00:00',
  `coupon_code` varchar(50) NOT NULL default '',
  `customer_registered` tinyint(1) NOT NULL default '2',
  `customer_new_buyer` tinyint(1) NOT NULL default '2',
  `show_in_catalog` tinyint(1) NOT NULL default '0',
  `sort_order` smallint(6) NOT NULL default '0',
  `conditions_serialized` text NOT NULL,
  `actions_serialized` text NOT NULL,
  PRIMARY KEY  (`quote_rule_id`),
  KEY `rule_name` (`name`),
  KEY `is_active` (`is_active`,`start_at`,`expire_at`,`coupon_code`,`customer_registered`,`customer_new_buyer`,`show_in_catalog`,`sort_order`)
) ENGINE=InnoDB DEFAULT CHARSET=utf8;

/*Data for the table `sales_quote_rule` */

SET SQL_MODE=@OLD_SQL_MODE;
SET FOREIGN_KEY_CHECKS=@OLD_FOREIGN_KEY_CHECKS;
